recording_id,filename,start,end,duration,speaker,heuristic_caller,caller_label,note
Call recording +251127_114430,Call recording +251127_114430.wav,0.031,0.47,0.439,SPEAKER_01,SPEAKER_01,,
Call recording +251127_114430,Call recording +251127_114430.wav,1.33,1.853,0.523,SPEAKER_00,SPEAKER_01,,
Call recording +251127_114430,Call recording +251127_114430.wav,1.482,13.48,11.998,SPEAKER_01,SPEAKER_01,,
Call recording +251127_114430,Call recording +251127_114430.wav,11.557,12.147,0.591,SPEAKER_02,SPEAKER_01,,
Call recording +251127_114430,Call recording +251127_114430.wav,13.48,13.514,0.034,SPEAKER_02,SPEAKER_01,,
Call recording +251127_114430,Call recording +251127_114430.wav,14.037,14.054,0.017,SPEAKER_01,SPEAKER_01,,
Call recording +251127_114430,Call recording +251127_114430.wav,14.054,14.071,0.017,SPEAKER_00,SPEAKER_01,,
Call recording +251127_114430,Call recording +251127_114430.wav,14.071,14.189,0.118,SPEAKER_01,SPEAKER_01,,
Call recording +251127_114430,Call recording +251127_114430.wav,14.122,14.442,0.321,SPEAKER_02,SPEAKER_01,,
Call recording +251127_114430,Call recording +251127_114430.wav,14.189,14.392,0.203,SPEAKER_00,SPEAKER_01,,
Call recording +251127_114430,Call recording +251127_114430.wav,14.392,15.978,1.586,SPEAKER_01,SPEAKER_01,,
Call recording +251127_114430,Call recording +251127_114430.wav,15.978,16.754,0.776,SPEAKER_02,SPEAKER_01,,
Call recording +251127_114430,Call recording +251127_114430.wav,17.615,17.632,0.017,SPEAKER_02,SPEAKER_01,,
Call recording +251127_114430,Call recording +251127_114430.wav,17.632,19.572,1.941,SPEAKER_00,SPEAKER_01,,
Call recording +251127_114430,Call recording +251127_114430.wav,18.425,19.64,1.215,SPEAKER_02,SPEAKER_01,,
Call recording +251127_114430,Call recording +251127_114430.wav,19.64,19.825,0.186,SPEAKER_00,SPEAKER_01,,
Call recording +251127_114430,Call recording +251127_114430.wav,20.078,22.61,2.531,SPEAKER_00,SPEAKER_01,,
Call recording +251127_114430,Call recording +251127_114430.wav,22.289,27.706,5.417,SPEAKER_02,SPEAKER_01,,
Call recording +251127_114430,Call recording +251127_114430.wav,28.077,35.249,7.172,SPEAKER_02,SPEAKER_01,,
Call recording +251127_114430,Call recording +251127_114430.wav,32.279,32.971,0.692,SPEAKER_01,SPEAKER_01,,
Call recording +251127_114430,Call recording +251127_114430.wav,33.578,33.916,0.338,SPEAKER_01,SPEAKER_01,,
Call recording +251127_114430,Call recording +251127_114430.wav,35.485,37.038,1.553,SPEAKER_02,SPEAKER_01,,
Call recording +251127_114430,Call recording +251127_114430.wav,35.637,36.548,0.911,SPEAKER_01,SPEAKER_01,,
Call recording +251127_114430,Call recording +251127_114430.wav,37.156,37.19,0.034,SPEAKER_02,SPEAKER_01,,
Call recording +251127_114430,Call recording +251127_114430.wav,37.19,37.342,0.152,SPEAKER_01,SPEAKER_01,,
Call recording +251127_114430,Call recording +251127_114430.wav,37.342,37.358,0.017,SPEAKER_02,SPEAKER_01,,
Call recording +251127_114430,Call recording +251127_114430.wav,37.73,39.687,1.957,SPEAKER_01,SPEAKER_01,,
Call recording +251128_074424,Call recording +251128_074424.wav,0.098,0.892,0.793,SPEAKER_02,SPEAKER_02,,
Call recording +251128_074424,Call recording +251128_074424.wav,1.33,1.634,0.304,SPEAKER_01,SPEAKER_02,,
Call recording +251128_074424,Call recording +251128_074424.wav,1.347,5.279,3.932,SPEAKER_02,SPEAKER_02,,
Call recording +251128_074424,Call recording +251128_074424.wav,7.186,10.358,3.172,SPEAKER_01,SPEAKER_02,,
Call recording +251128_074424,Call recording +251128_074424.wav,11.81,12.097,0.287,SPEAKER_01,SPEAKER_02,,
Call recording +251128_074424,Call recording +251128_074424.wav,12.957,15.05,2.092,SPEAKER_01,SPEAKER_02,,
Call recording +251128_074424,Call recording +251128_074424.wav,13.801,14.324,0.523,SPEAKER_02,SPEAKER_02,,
Call recording +251128_074424,Call recording +251128_074424.wav,15.168,20.973,5.805,SPEAKER_01,SPEAKER_02,,
Call recording +251128_074424,Call recording +251128_074424.wav,22.272,28.87,6.598,SPEAKER_02,SPEAKER_02,,
Call recording +251128_074424,Call recording +251128_074424.wav,28.803,34.557,5.754,SPEAKER_01,SPEAKER_02,,
Call recording +251128_074424,Call recording +251128_074424.wav,29.073,29.647,0.574,SPEAKER_02,SPEAKER_02,,
Call recording +251128_074424,Call recording +251128_074424.wav,29.933,30.17,0.236,SPEAKER_02,SPEAKER_02,,
Call recording +251128_074424,Call recording +251128_074424.wav,35.806,43.18,7.374,SPEAKER_01,SPEAKER_02,,
Call recording +251128_074424,Call recording +251128_074424.wav,37.038,37.19,0.152,SPEAKER_02,SPEAKER_02,,
Call recording +251128_074424,Call recording +251128_074424.wav,43.18,43.197,0.017,SPEAKER_02,SPEAKER_02,,
Call recording +251128_074424,Call recording +251128_074424.wav,44.243,47.416,3.172,SPEAKER_02,SPEAKER_02,,
Call recording +251128_074424,Call recording +251128_074424.wav,46.842,47.028,0.186,SPEAKER_01,SPEAKER_02,,
Call recording +251128_074424,Call recording +251128_074424.wav,47.028,47.838,0.81,SPEAKER_00,SPEAKER_02,,
Call recording +251128_074424,Call recording +251128_074424.wav,47.838,47.872,0.034,SPEAKER_01,SPEAKER_02,,
Call recording +251128_074424,Call recording +251128_074424.wav,48.158,48.175,0.017,SPEAKER_01,SPEAKER_02,,
Call recording +251128_074424,Call recording +251128_074424.wav,48.175,49.357,1.181,SPEAKER_00,SPEAKER_02,,
Call recording +251128_074424,Call recording +251128_074424.wav,49.947,50.453,0.506,SPEAKER_00,SPEAKER_02,,
Call recording +251128_074424,Call recording +251128_074424.wav,50.572,51.584,1.012,SPEAKER_00,SPEAKER_02,,
Call recording +251128_074424,Call recording +251128_074424.wav,52.934,54.824,1.89,SPEAKER_02,SPEAKER_02,,
Call recording +251128_074424,Call recording +251128_074424.wav,54.925,56.36,1.434,SPEAKER_00,SPEAKER_02,,
Call recording +251128_074424,Call recording +251128_074424.wav,56.36,56.647,0.287,SPEAKER_02,SPEAKER_02,,
Call recording +251128_074424,Call recording +251128_074424.wav,56.68,56.917,0.236,SPEAKER_02,SPEAKER_02,,
Call recording +251128_074424,Call recording +251128_074424.wav,58.182,60.173,1.991,SPEAKER_02,SPEAKER_02,,
Call recording +251128_074424,Call recording +251128_074424.wav,59.043,59.752,0.709,SPEAKER_00,SPEAKER_02,,
Call recording +251128_074424,Call recording +251128_074424.wav,60.173,60.292,0.118,SPEAKER_00,SPEAKER_02,,
Call recording +251128_074424,Call recording +251128_074424.wav,60.359,60.46,0.101,SPEAKER_02,SPEAKER_02,,
Call recording +251128_074424,Call recording +251128_074424.wav,60.46,60.562,0.101,SPEAKER_00,SPEAKER_02,,
Call recording +251128_074424,Call recording +251128_074424.wav,60.562,61.777,1.215,SPEAKER_02,SPEAKER_02,,
Call recording +251128_074424,Call recording +251128_074424.wav,60.747,61.574,0.827,SPEAKER_00,SPEAKER_02,,
Call recording +251128_074424,Call recording +251128_074424.wav,61.777,63.143,1.367,SPEAKER_00,SPEAKER_02,,
Call recording +251128_074424,Call recording +251128_074424.wav,63.143,64.797,1.654,SPEAKER_02,SPEAKER_02,,
Call recording +251128_074424,Call recording +251128_074424.wav,63.211,64.679,1.468,SPEAKER_00,SPEAKER_02,,
Call recording +251128_074424,Call recording +251128_074424.wav,64.679,64.713,0.034,SPEAKER_01,SPEAKER_02,,
Call recording +251128_074424,Call recording +251128_074424.wav,64.797,65.978,1.181,SPEAKER_00,SPEAKER_02,,
Call recording +251128_074424,Call recording +251128_074424.wav,65.978,66.738,0.759,SPEAKER_02,SPEAKER_02,,
Call recording +251128_074424,Call recording +251128_074424.wav,66.907,67.936,1.029,SPEAKER_01,SPEAKER_02,,
Call recording +251128_074424,Call recording +251128_074424.wav,69.539,70.737,1.198,SPEAKER_02,SPEAKER_02,,
Call recording +251128_074424,Call recording +251128_074424.wav,70.855,72.813,1.957,SPEAKER_01,SPEAKER_02,,
Call recording +251128_074424,Call recording +251128_074424.wav,74.838,77.656,2.818,SPEAKER_02,SPEAKER_02,,
Call recording +251128_074424,Call recording +251128_074424.wav,76.39,77.032,0.641,SPEAKER_01,SPEAKER_02,,
Call recording +251128_074424,Call recording +251128_074424.wav,77.032,77.605,0.574,SPEAKER_00,SPEAKER_02,,
Call recording +251128_074424,Call recording +251128_074424.wav,77.656,77.825,0.169,SPEAKER_00,SPEAKER_02,,
Call recording +251128_074424,Call recording +251128_074424.wav,78.027,78.5,0.472,SPEAKER_00,SPEAKER_02,,
Call recording +251128_074424,Call recording +251128_074424.wav,79.141,81.74,2.599,SPEAKER_02,SPEAKER_02,,
Call recording +251128_074424,Call recording +251128_074424.wav,81.301,83.09,1.789,SPEAKER_00,SPEAKER_02,,
Call recording +251128_074424,Call recording +251128_074424.wav,83.326,85.773,2.447,SPEAKER_02,SPEAKER_02,,
Call recording +251128_074424,Call recording +251128_074424.wav,84.507,86.077,1.569,SPEAKER_00,SPEAKER_02,,
Call recording +251128_074424,Call recording +251128_074424.wav,87.14,89.62,2.481,SPEAKER_02,SPEAKER_02,,
Call recording 0_251128_090910,Call recording 0_251128_090910.wav,0.503,0.892,0.388,SPEAKER_00,SPEAKER_00,,
Call recording 0_251128_090910,Call recording 0_251128_090910.wav,0.892,1.246,0.354,SPEAKER_01,SPEAKER_00,,
Call recording 0_251128_090910,Call recording 0_251128_090910.wav,1.246,1.516,0.27,SPEAKER_00,SPEAKER_00,,
Call recording 0_251128_090910,Call recording 0_251128_090910.wav,1.516,2.225,0.709,SPEAKER_01,SPEAKER_00,,
Call recording 0_251128_090910,Call recording 0_251128_090910.wav,2.663,6.578,3.915,SPEAKER_01,SPEAKER_00,,
Call recording 0_251128_090910,Call recording 0_251128_090910.wav,6.578,7.253,0.675,SPEAKER_00,SPEAKER_00,,
Call recording 0_251128_090910,Call recording 0_251128_090910.wav,6.747,18.796,12.049,SPEAKER_01,SPEAKER_00,,
Call recording 0_251128_090910,Call recording 0_251128_090910.wav,18.796,27.52,8.724,SPEAKER_00,SPEAKER_00,,
Call recording 0_251128_090910,Call recording 0_251128_090910.wav,27.79,30.271,2.481,SPEAKER_00,SPEAKER_00,,
Call recording 0_251128_090910,Call recording 0_251128_090910.wav,30.473,35.654,5.181,SPEAKER_00,SPEAKER_00,,
Call recording 0_251128_090910,Call recording 0_251128_090910.wav,30.608,31.216,0.608,SPEAKER_01,SPEAKER_00,,
Call recording 0_251128_090910,Call recording 0_251128_090910.wav,35.941,43.737,7.796,SPEAKER_00,SPEAKER_00,,
Call recording 0_251128_090910,Call recording 0_251128_090910.wav,43.923,44.935,1.012,SPEAKER_00,SPEAKER_00,,
Call recording 0_251128_090910,Call recording 0_251128_090910.wav,44.446,45.34,0.894,SPEAKER_01,SPEAKER_00,,
Call recording 0_251128_090910,Call recording 0_251128_090910.wav,45.307,48.715,3.409,SPEAKER_00,SPEAKER_00,,
Call recording 0_251128_090910,Call recording 0_251128_090910.wav,47.804,48.074,0.27,SPEAKER_01,SPEAKER_00,,
Call recording 0_251128_090910,Call recording 0_251128_090910.wav,49.087,50.723,1.637,SPEAKER_00,SPEAKER_00,,
Call recording 0_251128_090910,Call recording 0_251128_090910.wav,49.137,49.627,0.489,SPEAKER_01,SPEAKER_00,,
Call recording 0_251128_090910,Call recording 0_251128_090910.wav,50.723,55.82,5.096,SPEAKER_01,SPEAKER_00,,
Call recording 0_251128_090910,Call recording 0_251128_090910.wav,51.01,51.196,0.186,SPEAKER_00,SPEAKER_00,,
Call recording 0_251128_090910,Call recording 0_251128_090910.wav,54.554,57.895,3.341,SPEAKER_00,SPEAKER_00,,
Call recording 0_251128_090910,Call recording 0_251128_090910.wav,58.503,59.684,1.181,SPEAKER_00,SPEAKER_00,,
Call recording 0_251128_090910,Call recording 0_251128_090910.wav,59.262,62.283,3.021,SPEAKER_01,SPEAKER_00,,
Call recording 0_251128_090910,Call recording 0_251128_090910.wav,60.41,64.645,4.236,SPEAKER_00,SPEAKER_00,,
Call recording 0_251128_090910,Call recording 0_251128_090910.wav,65.32,66.67,1.35,SPEAKER_00,SPEAKER_00,,
Call recording 0_251129_090737,Call recording 0_251129_090737.wav,2.022,2.275,0.253,SPEAKER_01,SPEAKER_01,,
Call recording 0_251129_090737,Call recording 0_251129_090737.wav,2.275,2.309,0.034,SPEAKER_00,SPEAKER_01,,
Call recording 0_251129_090737,Call recording 0_251129_090737.wav,2.393,2.883,0.489,SPEAKER_00,SPEAKER_01,,
Call recording 0_251129_090737,Call recording 0_251129_090737.wav,2.883,16.096,13.213,SPEAKER_01,SPEAKER_01,,
Call recording 0_251129_090737,Call recording 0_251129_090737.wav,5.363,5.937,0.574,SPEAKER_00,SPEAKER_01,,
Call recording 0_251129_090737,Call recording 0_251129_090737.wav,14.645,15.269,0.624,SPEAKER_00,SPEAKER_01,,
Call recording 0_251129_090737,Call recording 0_251129_090737.wav,16.18,17.159,0.979,SPEAKER_01,SPEAKER_01,,
Call recording 0_251129_090737,Call recording 0_251129_090737.wav,16.636,17.058,0.422,SPEAKER_00,SPEAKER_01,,
Call recording 0_251129_090737,Call recording 0_251129_090737.wav,17.362,23.622,6.261,SPEAKER_01,SPEAKER_01,,
Call recording 0_251129_090737,Call recording 0_251129_090737.wav,17.412,17.834,0.422,SPEAKER_00,SPEAKER_01,,
Call recording 0_251129_090737,Call recording 0_251129_090737.wav,23.707,27.723,4.016,SPEAKER_01,SPEAKER_01,,
Call recording 0_251129_090737,Call recording 0_251129_090737.wav,23.757,24.365,0.608,SPEAKER_00,SPEAKER_01,,
Call recording 0_251129_090737,Call recording 0_251129_090737.wav,27.723,28.01,0.287,SPEAKER_00,SPEAKER_01,,
Call recording 0_251129_090737,Call recording 0_251129_090737.wav,28.01,29.748,1.738,SPEAKER_01,SPEAKER_01,,
Call recording 0_251129_090737,Call recording 0_251129_090737.wav,28.432,32.178,3.746,SPEAKER_00,SPEAKER_01,,
Call recording 0_251129_090737,Call recording 0_251129_090737.wav,32.363,38.337,5.974,SPEAKER_01,SPEAKER_01,,
Call recording 0_251129_090737,Call recording 0_251129_090737.wav,36.093,36.7,0.608,SPEAKER_00,SPEAKER_01,,
Call recording 0_251129_090737,Call recording 0_251129_090737.wav,38.54,39.569,1.029,SPEAKER_00,SPEAKER_01,,
Call recording 0_251129_090737,Call recording 0_251129_090737.wav,39.232,41.442,2.211,SPEAKER_01,SPEAKER_01,,
Call recording 0_251129_090737,Call recording 0_251129_090737.wav,42.775,43.214,0.439,SPEAKER_00,SPEAKER_01,,
Call recording 2215053,Call recording 2215053.wav,0.031,0.655,0.624,SPEAKER_01,SPEAKER_01,,
Call recording 2215053,Call recording 2215053.wav,0.267,0.537,0.27,SPEAKER_00,SPEAKER_01,,
Call recording 2215053,Call recording 2215053.wav,0.858,3.44,2.582,SPEAKER_01,SPEAKER_01,,
Call recording 2215053,Call recording 2215053.wav,1.381,2.714,1.333,SPEAKER_00,SPEAKER_01,,
Call recording 2215053,Call recording 2215053.wav,3.625,7.49,3.864,SPEAKER_01,SPEAKER_01,,
Call recording 2215053,Call recording 2215053.wav,5.903,6.325,0.422,SPEAKER_00,SPEAKER_01,,
Call recording 2215053,Call recording 2215053.wav,7.608,9.025,1.418,SPEAKER_01,SPEAKER_01,,
Call recording 2215053,Call recording 2215053.wav,9.295,11.422,2.126,SPEAKER_01,SPEAKER_01,,
Call recording 2215053,Call recording 2215053.wav,9.785,10.578,0.793,SPEAKER_00,SPEAKER_01,,
Call recording 2215053,Call recording 2215053.wav,11.776,12.063,0.287,SPEAKER_01,SPEAKER_01,,
Call recording 2215053,Call recording 2215053.wav,12.704,15.556,2.852,SPEAKER_01,SPEAKER_01,,
Call recording 2215053,Call recording 2215053.wav,16.417,17.328,0.911,SPEAKER_00,SPEAKER_01,,
Call recording 2215053,Call recording 2215053.wav,17.868,18.948,1.08,SPEAKER_01,SPEAKER_01,,
Call recording 2215053,Call recording 2215053.wav,19.488,20.028,0.54,SPEAKER_01,SPEAKER_01,,
Call recording 2215053,Call recording 2215053.wav,22.154,23.015,0.861,SPEAKER_00,SPEAKER_01,,
Call recording 2215053,Call recording 2215053.wav,23.538,24.955,1.418,SPEAKER_01,SPEAKER_01,,
Call recording 2215053,Call recording 2215053.wav,25.36,26.052,0.692,SPEAKER_01,SPEAKER_01,,
Call recording 2215053,Call recording 2215053.wav,28.87,31.418,2.548,SPEAKER_01,SPEAKER_01,,
Call recording 2215053,Call recording 2215053.wav,31.081,33.815,2.734,SPEAKER_00,SPEAKER_01,,
Call recording 2215053,Call recording 2215053.wav,33.899,39.603,5.704,SPEAKER_01,SPEAKER_01,,
Call recording 2215053,Call recording 2215053.wav,38.202,38.624,0.422,SPEAKER_00,SPEAKER_01,,
Call recording 2215053,Call recording 2215053.wav,39.805,42.573,2.768,SPEAKER_00,SPEAKER_01,,
Call recording 2215053,Call recording 2215053.wav,42.86,48.952,6.092,SPEAKER_01,SPEAKER_01,,
Call recording 2215053,Call recording 2215053.wav,49.053,49.542,0.489,SPEAKER_00,SPEAKER_01,,
Call recording 2215053,Call recording 2215053.wav,49.542,55.094,5.552,SPEAKER_01,SPEAKER_01,,
Call recording 2215053,Call recording 2215053.wav,55.33,60.055,4.725,SPEAKER_00,SPEAKER_01,,
Call recording 2215053,Call recording 2215053.wav,59.515,62.62,3.105,SPEAKER_01,SPEAKER_01,,
Call recording 2215053,Call recording 2215053.wav,63.025,65.017,1.991,SPEAKER_00,SPEAKER_01,,
Call recording 2215053,Call recording 2215053.wav,65.27,71.125,5.856,SPEAKER_01,SPEAKER_01,,
Call recording 2215053,Call recording 2215053.wav,71.497,75.631,4.134,SPEAKER_01,SPEAKER_01,,
Call recording 2215053,Call recording 2215053.wav,77.302,79.951,2.649,SPEAKER_00,SPEAKER_01,,
Call recording 2215053,Call recording 2215053.wav,81.014,81.402,0.388,SPEAKER_01,SPEAKER_01,,
Call recording 2215053,Call recording 2215053.wav,81.723,83.157,1.434,SPEAKER_00,SPEAKER_01,,
Call recording 2215053,Call recording 2215053.wav,83.731,85.621,1.89,SPEAKER_01,SPEAKER_01,,
Call recording 2215053,Call recording 2215053.wav,85.942,88.287,2.346,SPEAKER_01,SPEAKER_01,,
Call recording 2215053,Call recording 2215053.wav,85.975,86.228,0.253,SPEAKER_00,SPEAKER_01,,
Call recording 2215053,Call recording 2215053.wav,89.013,89.941,0.928,SPEAKER_00,SPEAKER_01,,
Call recording 2215053,Call recording 2215053.wav,90.262,90.937,0.675,SPEAKER_00,SPEAKER_01,,
Call recording 2215053,Call recording 2215053.wav,90.397,91.207,0.81,SPEAKER_01,SPEAKER_01,,
Call recording 2215053,Call recording 2215053.wav,91.797,94.447,2.649,SPEAKER_01,SPEAKER_01,,
Call recording 2215053,Call recording 2215053.wav,94.447,94.953,0.506,SPEAKER_00,SPEAKER_01,,
Call recording 2215053,Call recording 2215053.wav,95.577,96.168,0.591,SPEAKER_01,SPEAKER_01,,
Call recording 2215053,Call recording 2215053.wav,97.045,99.205,2.16,SPEAKER_01,SPEAKER_01,,
Call recording 2215053,Call recording 2215053.wav,99.256,99.577,0.321,SPEAKER_00,SPEAKER_01,,
Call recording 2215053,Call recording 2215053.wav,99.745,100.96,1.215,SPEAKER_01,SPEAKER_01,,
Call recording 2215053,Call recording 2215053.wav,101.129,101.365,0.236,SPEAKER_00,SPEAKER_01,,
Call recording 2215053,Call recording 2215053.wav,101.804,102.732,0.928,SPEAKER_01,SPEAKER_01,,
Call recording 2215053,Call recording 2215053.wav,103.205,103.778,0.574,SPEAKER_00,SPEAKER_01,,
Call recording 2215053,Call recording 2215053.wav,104.369,105.263,0.894,SPEAKER_01,SPEAKER_01,,
Call recording 2215053,Call recording 2215053.wav,105.567,106.242,0.675,SPEAKER_00,SPEAKER_01,,
Call recording 2215053,Call recording 2215053.wav,107.035,107.812,0.776,SPEAKER_01,SPEAKER_01,,
Call recording 2215053,Call recording 2215053.wav,107.947,110.41,2.464,SPEAKER_01,SPEAKER_01,,
Call recording 2215053,Call recording 2215053.wav,110.613,111.305,0.692,SPEAKER_00,SPEAKER_01,,
Call recording 2215053,Call recording 2215053.wav,111.507,111.727,0.219,SPEAKER_01,SPEAKER_01,,
Call recording 2215053,Call recording 2215053.wav,111.777,112.351,0.574,SPEAKER_01,SPEAKER_01,,
Call recording 2215053,Call recording 2215053.wav,112.874,113.414,0.54,SPEAKER_00,SPEAKER_01,,
Call recording 2215053,Call recording 2215053.wav,113.414,113.431,0.017,SPEAKER_01,SPEAKER_01,,
Call recording 2215053,Call recording 2215053.wav,113.887,116.671,2.784,SPEAKER_01,SPEAKER_01,,
Call recording 2215053,Call recording 2215053.wav,113.903,114.545,0.641,SPEAKER_00,SPEAKER_01,,
Call recording 2215053,Call recording 2215053.wav,114.832,115.152,0.321,SPEAKER_00,SPEAKER_01,,
Call recording 2215053,Call recording 2215053.wav,116.806,116.975,0.169,SPEAKER_00,SPEAKER_01,,
Call recording 2215053,Call recording 2215053.wav,116.975,117.228,0.253,SPEAKER_01,SPEAKER_01,,
Call recording 2215053,Call recording 2215053.wav,117.228,117.262,0.034,SPEAKER_00,SPEAKER_01,,
Call recording 2215053,Call recording 2215053.wav,117.262,120.502,3.24,SPEAKER_01,SPEAKER_01,,
Call recording 2215053,Call recording 2215053.wav,121.075,121.615,0.54,SPEAKER_01,SPEAKER_01,,
Call recording 2215053,Call recording 2215053.wav,121.21,122.577,1.367,SPEAKER_00,SPEAKER_01,,
Call recording 2215053,Call recording 2215053.wav,122.577,122.594,0.017,SPEAKER_01,SPEAKER_01,,
Call recording 2215053,Call recording 2215053.wav,123.758,124.248,0.489,SPEAKER_01,SPEAKER_01,,
Call recording 251127_191819,Call recording 251127_191819.wav,0.031,0.284,0.253,SPEAKER_00,SPEAKER_01,,
Call recording 251127_191819,Call recording 251127_191819.wav,1.077,1.702,0.624,SPEAKER_00,SPEAKER_01,,
Call recording 251127_191819,Call recording 251127_191819.wav,2.14,2.596,0.456,SPEAKER_00,SPEAKER_01,,
Call recording 251127_191819,Call recording 251127_191819.wav,3.271,3.912,0.641,SPEAKER_00,SPEAKER_01,,
Call recording 251127_191819,Call recording 251127_191819.wav,4.047,5.33,1.282,SPEAKER_00,SPEAKER_01,,
Call recording 251127_191819,Call recording 251127_191819.wav,6.916,9.498,2.582,SPEAKER_00,SPEAKER_01,,
Call recording 251127_191819,Call recording 251127_191819.wav,10.055,10.78,0.726,SPEAKER_00,SPEAKER_01,,
Call recording 251127_191819,Call recording 251127_191819.wav,11.287,13.143,1.856,SPEAKER_01,SPEAKER_01,,
Call recording 251127_191819,Call recording 251127_191819.wav,13.632,14.341,0.709,SPEAKER_00,SPEAKER_01,,
Call recording 251127_191819,Call recording 251127_191819.wav,15.269,16.282,1.012,SPEAKER_01,SPEAKER_01,,
Call recording 251127_191819,Call recording 251127_191819.wav,16.619,19.268,2.649,SPEAKER_00,SPEAKER_01,,
Call recording 251127_191819,Call recording 251127_191819.wav,19.302,19.606,0.304,SPEAKER_01,SPEAKER_01,,
Call recording 251127_191819,Call recording 251127_191819.wav,20.112,21.327,1.215,SPEAKER_00,SPEAKER_01,,
Call recording 251127_191819,Call recording 251127_191819.wav,21.901,24.263,2.363,SPEAKER_00,SPEAKER_01,,
Call recording 251127_191819,Call recording 251127_191819.wav,24.466,24.871,0.405,SPEAKER_01,SPEAKER_01,,
Call recording 251127_191819,Call recording 251127_191819.wav,25.664,28.685,3.021,SPEAKER_00,SPEAKER_01,,
Call recording 251127_191819,Call recording 251127_191819.wav,28.786,29.208,0.422,SPEAKER_01,SPEAKER_01,,
Call recording 251127_191819,Call recording 251127_191819.wav,30.001,35.587,5.586,SPEAKER_00,SPEAKER_01,,
Call recording 251127_191819,Call recording 251127_191819.wav,34.979,36.346,1.367,SPEAKER_01,SPEAKER_01,,
Call recording 251127_191819,Call recording 251127_191819.wav,36.397,37.73,1.333,SPEAKER_01,SPEAKER_01,,
Call recording 251127_191819,Call recording 251127_191819.wav,37.73,38.641,0.911,SPEAKER_00,SPEAKER_01,,
Call recording 251127_191819,Call recording 251127_191819.wav,38.641,39.063,0.422,SPEAKER_01,SPEAKER_01,,
Call recording 251127_191819,Call recording 251127_191819.wav,39.772,41.611,1.839,SPEAKER_00,SPEAKER_01,,
Call recording 251127_191819,Call recording 251127_191819.wav,40.21,40.48,0.27,SPEAKER_01,SPEAKER_01,,
Call recording 251127_191819,Call recording 251127_191819.wav,41.729,43.298,1.569,SPEAKER_01,SPEAKER_01,,
Call recording 251127_191819,Call recording 251127_191819.wav,43.484,44.632,1.148,SPEAKER_00,SPEAKER_01,,
Call recording 251127_191819,Call recording 251127_191819.wav,44.8,46.319,1.519,SPEAKER_00,SPEAKER_01,,
Call recording 251127_191819,Call recording 251127_191819.wav,46.42,48.209,1.789,SPEAKER_01,SPEAKER_01,,
Call recording 251127_191819,Call recording 251127_191819.wav,48.682,50.183,1.502,SPEAKER_00,SPEAKER_01,,
Call recording 251127_191819,Call recording 251127_191819.wav,50.487,52.597,2.109,SPEAKER_01,SPEAKER_01,,
Call recording 251127_191819,Call recording 251127_191819.wav,52.31,53.525,1.215,SPEAKER_00,SPEAKER_01,,
Call recording 251127_191819,Call recording 251127_191819.wav,53.525,54.773,1.249,SPEAKER_01,SPEAKER_01,,
Call recording 251127_191819,Call recording 251127_191819.wav,55.634,56.461,0.827,SPEAKER_00,SPEAKER_01,,
Call recording 251127_191819,Call recording 251127_191819.wav,56.545,58.334,1.789,SPEAKER_00,SPEAKER_01,,
Call recording 251127_191819,Call recording 251127_191819.wav,58.942,59.971,1.029,SPEAKER_00,SPEAKER_01,,
Call recording 251127_191819,Call recording 251127_191819.wav,60.325,61.304,0.979,SPEAKER_00,SPEAKER_01,,
Call recording 251127_191819,Call recording 251127_191819.wav,61.709,63.532,1.823,SPEAKER_00,SPEAKER_01,,
Call recording 251127_191819,Call recording 251127_191819.wav,63.751,64.055,0.304,SPEAKER_01,SPEAKER_01,,
Call recording 251127_191819,Call recording 251127_191819.wav,65.084,72.813,7.729,SPEAKER_00,SPEAKER_01,,
Call recording 251127_191819,Call recording 251127_191819.wav,73.15,74.72,1.569,SPEAKER_01,SPEAKER_01,,
Call recording 251127_191819,Call recording 251127_191819.wav,75.125,81.115,5.991,SPEAKER_00,SPEAKER_01,,
Call recording 251127_191819,Call recording 251127_191819.wav,79.58,80.103,0.523,SPEAKER_01,SPEAKER_01,,
Call recording 251127_191819,Call recording 251127_191819.wav,81.402,81.706,0.304,SPEAKER_00,SPEAKER_01,,
Call recording 251127_191819,Call recording 251127_191819.wav,82.162,89.249,7.087,SPEAKER_00,SPEAKER_01,,
Call recording 251127_191819,Call recording 251127_191819.wav,89.722,94.193,4.472,SPEAKER_01,SPEAKER_01,,
Call recording 251127_191819,Call recording 251127_191819.wav,94.919,95.628,0.709,SPEAKER_00,SPEAKER_01,,
Call recording 251127_191819,Call recording 251127_191819.wav,95.78,96.286,0.506,SPEAKER_01,SPEAKER_01,,
Call recording 251127_191819,Call recording 251127_191819.wav,96.961,97.889,0.928,SPEAKER_00,SPEAKER_01,,
Call recording 251127_191819,Call recording 251127_191819.wav,103.323,104.487,1.164,SPEAKER_00,SPEAKER_01,,
Call recording 251127_191819,Call recording 251127_191819.wav,104.74,105.55,0.81,SPEAKER_01,SPEAKER_01,,
Call recording 251127_191819,Call recording 251127_191819.wav,105.972,106.9,0.928,SPEAKER_00,SPEAKER_01,,
Call recording 251127_191819,Call recording 251127_191819.wav,107.035,108.2,1.164,SPEAKER_01,SPEAKER_01,,
Call recording 251127_191819,Call recording 251127_191819.wav,109.246,109.6,0.354,SPEAKER_00,SPEAKER_01,,
Call recording 251127_191819,Call recording 251127_191819.wav,109.955,110.849,0.894,SPEAKER_00,SPEAKER_01,,
Call recording 251127_191819,Call recording 251127_191819.wav,111.322,112.469,1.148,SPEAKER_01,SPEAKER_01,,
Call recording 251127_191819,Call recording 251127_191819.wav,112.891,113.887,0.996,SPEAKER_00,SPEAKER_01,,
Call recording 251127_191819,Call recording 251127_191819.wav,114.038,114.983,0.945,SPEAKER_01,SPEAKER_01,,
Call recording 251127_191819,Call recording 251127_191819.wav,114.511,115.118,0.608,SPEAKER_00,SPEAKER_01,,
Call recording 251127_191819,Call recording 251127_191819.wav,115.422,116.654,1.232,SPEAKER_00,SPEAKER_01,,
Call recording 251127_191819,Call recording 251127_191819.wav,116.654,118.375,1.721,SPEAKER_01,SPEAKER_01,,
Call recording 251127_191819,Call recording 251127_191819.wav,117.92,118.088,0.169,SPEAKER_00,SPEAKER_01,,
Call recording 251127_191819,Call recording 251127_191819.wav,118.747,128.078,9.332,SPEAKER_01,SPEAKER_01,,
Call recording 251127_191819,Call recording 251127_191819.wav,122.476,122.864,0.388,SPEAKER_00,SPEAKER_01,,
Call recording 251127_191819,Call recording 251127_191819.wav,128.23,135.942,7.712,SPEAKER_01,SPEAKER_01,,
Call recording 251127_191819,Call recording 251127_191819.wav,136.246,155.551,19.305,SPEAKER_01,SPEAKER_01,,
Call recording 251127_191819,Call recording 251127_191819.wav,143.671,144.11,0.439,SPEAKER_00,SPEAKER_01,,
Call recording 251127_191819,Call recording 251127_191819.wav,155.973,156.53,0.557,SPEAKER_00,SPEAKER_01,,
Call recording 251127_191819,Call recording 251127_191819.wav,156.023,158.268,2.244,SPEAKER_01,SPEAKER_01,,
Call recording 251127_191819,Call recording 251127_191819.wav,158.487,159.331,0.844,SPEAKER_00,SPEAKER_01,,
Call recording 251127_191819,Call recording 251127_191819.wav,159.314,164.545,5.231,SPEAKER_01,SPEAKER_01,,
Call recording 251127_191819,Call recording 251127_191819.wav,164.663,175.244,10.581,SPEAKER_01,SPEAKER_01,,
Call recording 251127_191819,Call recording 251127_191819.wav,165.22,165.44,0.219,SPEAKER_00,SPEAKER_01,,
Call recording 251127_191819,Call recording 251127_191819.wav,175.666,175.987,0.321,SPEAKER_01,SPEAKER_01,,
Call recording 251127_191819,Call recording 251127_191819.wav,176.02,180.779,4.759,SPEAKER_01,SPEAKER_01,,
Call recording 251127_191819,Call recording 251127_191819.wav,180.847,185.167,4.32,SPEAKER_01,SPEAKER_01,,
Call recording 251127_191819,Call recording 251127_191819.wav,185.352,185.656,0.304,SPEAKER_01,SPEAKER_01,,
Call recording 251127_191819,Call recording 251127_191819.wav,185.656,187.9,2.244,SPEAKER_00,SPEAKER_01,,
Call recording 251127_191819,Call recording 251127_191819.wav,186.382,186.871,0.489,SPEAKER_01,SPEAKER_01,,
Call recording 251127_191819,Call recording 251127_191819.wav,187.175,187.58,0.405,SPEAKER_01,SPEAKER_01,,
Call recording 251128_000340,Call recording 251128_000340.wav,0.031,2.579,2.548,SPEAKER_01,SPEAKER_00,,
Call recording 251128_000340,Call recording 251128_000340.wav,2.579,3.828,1.249,SPEAKER_00,SPEAKER_00,,
Call recording 251128_000340,Call recording 251128_000340.wav,3.305,7.912,4.607,SPEAKER_01,SPEAKER_00,,
Call recording 251128_000340,Call recording 251128_000340.wav,7.912,8.873,0.962,SPEAKER_00,SPEAKER_00,,
Call recording 251128_000340,Call recording 251128_000340.wav,8.873,11.287,2.413,SPEAKER_01,SPEAKER_00,,
Call recording 251128_000340,Call recording 251128_000340.wav,11.405,11.911,0.506,SPEAKER_00,SPEAKER_00,,
Call recording 251128_000340,Call recording 251128_000340.wav,12.113,12.923,0.81,SPEAKER_00,SPEAKER_00,,
Call recording 251128_000340,Call recording 251128_000340.wav,12.923,14.712,1.789,SPEAKER_01,SPEAKER_00,,
Call recording 251128_000340,Call recording 251128_000340.wav,14.948,15.64,0.692,SPEAKER_00,SPEAKER_00,,
Call recording 251128_000340,Call recording 251128_000340.wav,15.691,15.826,0.135,SPEAKER_00,SPEAKER_00,,
Call recording 251128_000340,Call recording 251128_000340.wav,15.826,15.961,0.135,SPEAKER_01,SPEAKER_00,,
Call recording 251128_000340,Call recording 251128_000340.wav,15.961,16.012,0.051,SPEAKER_00,SPEAKER_00,,
Call recording 251128_000340,Call recording 251128_000340.wav,16.012,21.192,5.181,SPEAKER_01,SPEAKER_00,,
Call recording 251128_000340,Call recording 251128_000340.wav,16.045,16.838,0.793,SPEAKER_00,SPEAKER_00,,
Call recording 251128_000340,Call recording 251128_000340.wav,21.58,21.833,0.253,SPEAKER_00,SPEAKER_00,,
Call recording 251128_000340,Call recording 251128_000340.wav,22.087,26.677,4.59,SPEAKER_00,SPEAKER_00,,
Call recording 251128_000340,Call recording 251128_000340.wav,22.627,22.93,0.304,SPEAKER_01,SPEAKER_00,,
Call recording 251128_000340,Call recording 251128_000340.wav,25.833,29.967,4.134,SPEAKER_01,SPEAKER_00,,
Call recording 251128_000340,Call recording 251128_000340.wav,27.571,28.229,0.658,SPEAKER_00,SPEAKER_00,,
Call recording 251128_000340,Call recording 251128_000340.wav,28.415,29.748,1.333,SPEAKER_00,SPEAKER_00,,
Call recording 251128_000340,Call recording 251128_000340.wav,30.305,31.418,1.114,SPEAKER_00,SPEAKER_00,,
Call recording 251128_000340,Call recording 251128_000340.wav,30.372,30.878,0.506,SPEAKER_01,SPEAKER_00,,
Call recording 251128_000340,Call recording 251128_000340.wav,31.57,38.523,6.952,SPEAKER_00,SPEAKER_00,,
Call recording 251128_000340,Call recording 251128_000340.wav,38.523,38.54,0.017,SPEAKER_01,SPEAKER_00,,
Call recording 251128_000340,Call recording 251128_000340.wav,39.097,39.113,0.017,SPEAKER_00,SPEAKER_00,,
Call recording 251128_000340,Call recording 251128_000340.wav,39.113,46.117,7.003,SPEAKER_01,SPEAKER_00,,
Call recording 251128_000340,Call recording 251128_000340.wav,39.653,40.008,0.354,SPEAKER_00,SPEAKER_00,,
Call recording 251128_000340,Call recording 251128_000340.wav,45.863,46.066,0.203,SPEAKER_00,SPEAKER_00,,
Call recording 251128_000340,Call recording 251128_000340.wav,46.117,54.318,8.201,SPEAKER_00,SPEAKER_00,,
Call recording 251128_000340,Call recording 251128_000340.wav,48.884,49.238,0.354,SPEAKER_01,SPEAKER_00,,
Call recording 251128_000340,Call recording 251128_000340.wav,54.588,58.891,4.303,SPEAKER_00,SPEAKER_00,,
Call recording 251128_000340,Call recording 251128_000340.wav,54.655,55.178,0.523,SPEAKER_01,SPEAKER_00,,
Call recording 251128_000340,Call recording 251128_000340.wav,59.161,62.84,3.679,SPEAKER_00,SPEAKER_00,,
Call recording 251128_000340,Call recording 251128_000340.wav,63.076,73.133,10.058,SPEAKER_00,SPEAKER_00,,
Call recording 251128_000340,Call recording 251128_000340.wav,73.285,78.922,5.636,SPEAKER_00,SPEAKER_00,,
Call recording 251128_000340,Call recording 251128_000340.wav,79.478,81.638,2.16,SPEAKER_01,SPEAKER_00,,
Call recording 251128_000340,Call recording 251128_000340.wav,81.638,86.566,4.928,SPEAKER_00,SPEAKER_00,,
Call recording 251128_000340,Call recording 251128_000340.wav,86.87,93.282,6.413,SPEAKER_00,SPEAKER_00,,
Call recording 251128_000340,Call recording 251128_000340.wav,86.92,87.224,0.304,SPEAKER_01,SPEAKER_00,,
Call recording 251128_000340,Call recording 251128_000340.wav,93.552,98.041,4.489,SPEAKER_00,SPEAKER_00,,
Call recording 251128_000340,Call recording 251128_000340.wav,98.362,99.695,1.333,SPEAKER_00,SPEAKER_00,,
Call recording 251128_000340,Call recording 251128_000340.wav,99.88,105.736,5.856,SPEAKER_00,SPEAKER_00,,
Call recording 251128_000340,Call recording 251128_000340.wav,100.808,101.045,0.236,SPEAKER_01,SPEAKER_00,,
Call recording 251128_000340,Call recording 251128_000340.wav,105.955,109.668,3.712,SPEAKER_00,SPEAKER_00,,
Call recording 251128_000340,Call recording 251128_000340.wav,108.149,108.672,0.523,SPEAKER_01,SPEAKER_00,,
Call recording 251128_000340,Call recording 251128_000340.wav,110.022,111.963,1.941,SPEAKER_01,SPEAKER_00,,
Call recording 251128_000340,Call recording 251128_000340.wav,111.963,111.997,0.034,SPEAKER_00,SPEAKER_00,,
Call recording 251128_000340,Call recording 251128_000340.wav,111.997,112.435,0.439,SPEAKER_01,SPEAKER_00,,
Call recording 251128_000340,Call recording 251128_000340.wav,112.03,112.334,0.304,SPEAKER_00,SPEAKER_00,,
Call recording 251128_000340,Call recording 251128_000340.wav,112.435,112.452,0.017,SPEAKER_00,SPEAKER_00,,
Call recording 251128_000340,Call recording 251128_000340.wav,112.452,113.026,0.574,SPEAKER_01,SPEAKER_00,,
Call recording 251128_000340,Call recording 251128_000340.wav,113.026,113.077,0.051,SPEAKER_00,SPEAKER_00,,
Call recording 251128_000340,Call recording 251128_000340.wav,113.077,113.566,0.489,SPEAKER_01,SPEAKER_00,,
Call recording 251128_000340,Call recording 251128_000340.wav,113.566,114.967,1.401,SPEAKER_00,SPEAKER_00,,
Call recording 251128_000340,Call recording 251128_000340.wav,115.237,120.89,5.653,SPEAKER_00,SPEAKER_00,,
Call recording 251128_000340,Call recording 251128_000340.wav,115.372,115.692,0.321,SPEAKER_01,SPEAKER_00,,
Call recording 251128_000340,Call recording 251128_000340.wav,121.413,121.733,0.321,SPEAKER_01,SPEAKER_00,,
Call recording 251128_000340,Call recording 251128_000340.wav,121.97,123.742,1.772,SPEAKER_01,SPEAKER_00,,
Call recording 251128_051228,Call recording 251128_051228.wav,0.2,0.554,0.354,SPEAKER_00,SPEAKER_00,,
Call recording 251128_051228,Call recording 251128_051228.wav,0.217,1.381,1.164,SPEAKER_01,SPEAKER_00,,
Call recording 251128_051228,Call recording 251128_051228.wav,1.381,2.123,0.743,SPEAKER_00,SPEAKER_00,,
Call recording 251128_051228,Call recording 251128_051228.wav,3.001,6.629,3.628,SPEAKER_01,SPEAKER_00,,
Call recording 251128_051228,Call recording 251128_051228.wav,6.95,7.27,0.321,SPEAKER_00,SPEAKER_00,,
Call recording 251128_051228,Call recording 251128_051228.wav,7.76,11.152,3.392,SPEAKER_01,SPEAKER_00,,
Call recording 251128_051228,Call recording 251128_051228.wav,11.354,12.282,0.928,SPEAKER_00,SPEAKER_00,,
Call recording 251128_051228,Call recording 251128_051228.wav,11.928,16.687,4.759,SPEAKER_01,SPEAKER_00,,
Call recording 251128_051228,Call recording 251128_051228.wav,16.687,23.437,6.75,SPEAKER_00,SPEAKER_00,,
Call recording 251128_051228,Call recording 251128_051228.wav,23.74,26.373,2.633,SPEAKER_00,SPEAKER_00,,
Call recording 251128_051228,Call recording 251128_051228.wav,24.027,24.398,0.371,SPEAKER_01,SPEAKER_00,,
Call recording 251128_051228,Call recording 251128_051228.wav,27.233,28.111,0.878,SPEAKER_01,SPEAKER_00,,
Call recording 251128_051228,Call recording 251128_051228.wav,28.448,29.427,0.979,SPEAKER_01,SPEAKER_00,,
Call recording 251128_051228,Call recording 251128_051228.wav,29.849,35.401,5.552,SPEAKER_00,SPEAKER_00,,
Call recording 251128_051228,Call recording 251128_051228.wav,31.081,31.435,0.354,SPEAKER_01,SPEAKER_00,,
Call recording 251128_051228,Call recording 251128_051228.wav,35.03,37.021,1.991,SPEAKER_01,SPEAKER_00,,
Call recording 251128_051228,Call recording 251128_051228.wav,37.19,38.658,1.468,SPEAKER_00,SPEAKER_00,,
Call recording 251128_051228,Call recording 251128_051228.wav,39.012,41.29,2.278,SPEAKER_01,SPEAKER_00,,
Call recording 251128_051228,Call recording 251128_051228.wav,41.341,47.922,6.581,SPEAKER_00,SPEAKER_00,,
Call recording 251128_051228,Call recording 251128_051228.wav,48.209,49.812,1.603,SPEAKER_00,SPEAKER_00,,
Call recording 251128_051228,Call recording 251128_051228.wav,48.631,48.918,0.287,SPEAKER_01,SPEAKER_00,,
Call recording 251128_051228,Call recording 251128_051228.wav,50.504,51.55,1.046,SPEAKER_01,SPEAKER_00,,
Call recording 251128_051228,Call recording 251128_051228.wav,51.078,51.989,0.911,SPEAKER_00,SPEAKER_00,,
Call recording 251128_051228,Call recording 251128_051228.wav,51.989,52.613,0.624,SPEAKER_01,SPEAKER_00,,
Call recording 251128_051228,Call recording 251128_051228.wav,52.512,52.917,0.405,SPEAKER_00,SPEAKER_00,,
Call recording 251128_051228,Call recording 251128_051228.wav,54.183,55.01,0.827,SPEAKER_01,SPEAKER_00,,
Call recording 251128_061456,Call recording 251128_061456.wav,0.723,1.617,0.894,SPEAKER_03,SPEAKER_03,,
Call recording 251128_061456,Call recording 251128_061456.wav,2.731,3.507,0.776,SPEAKER_03,SPEAKER_03,,
Call recording 251128_061456,Call recording 251128_061456.wav,3.575,5.617,2.042,SPEAKER_03,SPEAKER_03,,
Call recording 251128_061456,Call recording 251128_061456.wav,6.241,8.435,2.194,SPEAKER_03,SPEAKER_03,,
Call recording 251128_061456,Call recording 251128_061456.wav,9.11,9.295,0.186,SPEAKER_02,SPEAKER_03,,
Call recording 251128_061456,Call recording 251128_061456.wav,9.295,16.484,7.189,SPEAKER_03,SPEAKER_03,,
Call recording 251128_061456,Call recording 251128_061456.wav,9.38,9.43,0.051,SPEAKER_02,SPEAKER_03,,
Call recording 251128_061456,Call recording 251128_061456.wav,12.181,12.215,0.034,SPEAKER_00,SPEAKER_03,,
Call recording 251128_061456,Call recording 251128_061456.wav,16.484,16.94,0.456,SPEAKER_00,SPEAKER_03,,
Call recording 251128_061456,Call recording 251128_061456.wav,16.855,19.471,2.616,SPEAKER_03,SPEAKER_03,,
Call recording 251128_061456,Call recording 251128_061456.wav,20.18,22.002,1.823,SPEAKER_03,SPEAKER_03,,
Call recording 251128_061456,Call recording 251128_061456.wav,22.002,22.424,0.422,SPEAKER_02,SPEAKER_03,,
Call recording 251128_061456,Call recording 251128_061456.wav,22.424,23.993,1.569,SPEAKER_03,SPEAKER_03,,
Call recording 251128_061456,Call recording 251128_061456.wav,23.993,30.642,6.649,SPEAKER_01,SPEAKER_03,,
Call recording 251128_061456,Call recording 251128_061456.wav,27.115,27.571,0.456,SPEAKER_02,SPEAKER_03,,
Call recording 251128_061456,Call recording 251128_061456.wav,27.571,27.672,0.101,SPEAKER_03,SPEAKER_03,,
Call recording 251128_061456,Call recording 251128_061456.wav,31.013,37.021,6.008,SPEAKER_01,SPEAKER_03,,
Call recording 251128_061456,Call recording 251128_061456.wav,35.114,35.992,0.877,SPEAKER_00,SPEAKER_03,,
Call recording 251128_061456,Call recording 251128_061456.wav,36.228,36.447,0.219,SPEAKER_00,SPEAKER_03,,
Call recording 251128_061456,Call recording 251128_061456.wav,37.24,37.612,0.371,SPEAKER_00,SPEAKER_03,,
Call recording 251128_061456,Call recording 251128_061456.wav,37.848,38.101,0.253,SPEAKER_00,SPEAKER_03,,
Call recording 251128_061456,Call recording 251128_061456.wav,38.54,40.7,2.16,SPEAKER_00,SPEAKER_03,,
Call recording 251128_061456,Call recording 251128_061456.wav,42.421,43.315,0.894,SPEAKER_02,SPEAKER_03,,
Call recording 251128_061456,Call recording 251128_061456.wav,43.315,43.518,0.203,SPEAKER_00,SPEAKER_03,,
Call recording 251128_061456,Call recording 251128_061456.wav,43.518,44.547,1.029,SPEAKER_02,SPEAKER_03,,
Call recording 251128_061456,Call recording 251128_061456.wav,44.547,44.581,0.034,SPEAKER_00,SPEAKER_03,,
Call recording 251128_061456,Call recording 251128_061456.wav,45.577,47.011,1.434,SPEAKER_02,SPEAKER_03,,
Call recording 251128_061456,Call recording 251128_061456.wav,47.23,48.58,1.35,SPEAKER_02,SPEAKER_03,,
Call recording 251128_061456,Call recording 251128_061456.wav,48.884,49.542,0.658,SPEAKER_02,SPEAKER_03,,
Call recording 251128_061456,Call recording 251128_061456.wav,49.981,50.74,0.759,SPEAKER_02,SPEAKER_03,,
Call recording 251128_061456,Call recording 251128_061456.wav,51.078,52.259,1.181,SPEAKER_02,SPEAKER_03,,
Call recording 251128_061456,Call recording 251128_061456.wav,51.972,52.158,0.186,SPEAKER_00,SPEAKER_03,,
Call recording 251128_061456,Call recording 251128_061456.wav,52.158,52.394,0.236,SPEAKER_03,SPEAKER_03,,
Call recording 251128_061456,Call recording 251128_061456.wav,52.546,53.542,0.996,SPEAKER_02,SPEAKER_03,,
Call recording 251128_064500,Call recording 251128_064500.wav,0.031,0.25,0.219,SPEAKER_00,SPEAKER_00,,
Call recording 251128_064500,Call recording 251128_064500.wav,0.031,7.321,7.29,SPEAKER_03,SPEAKER_00,,
Call recording 251128_064500,Call recording 251128_064500.wav,0.622,1.499,0.878,SPEAKER_00,SPEAKER_00,,
Call recording 251128_064500,Call recording 251128_064500.wav,1.887,2.039,0.152,SPEAKER_00,SPEAKER_00,,
Call recording 251128_064500,Call recording 251128_064500.wav,6.562,9.38,2.818,SPEAKER_00,SPEAKER_00,,
Call recording 251128_064500,Call recording 251128_064500.wav,9.818,15.488,5.67,SPEAKER_03,SPEAKER_00,,
Call recording 251128_064500,Call recording 251128_064500.wav,12.552,17.311,4.759,SPEAKER_00,SPEAKER_00,,
Call recording 251128_064500,Call recording 251128_064500.wav,17.851,26.643,8.792,SPEAKER_00,SPEAKER_00,,
Call recording 251128_064500,Call recording 251128_064500.wav,18.323,18.88,0.557,SPEAKER_01,SPEAKER_00,,
Call recording 251128_064500,Call recording 251128_064500.wav,18.88,19.032,0.152,SPEAKER_03,SPEAKER_00,,
Call recording 251128_064500,Call recording 251128_064500.wav,19.032,19.184,0.152,SPEAKER_01,SPEAKER_00,,
Call recording 251128_064500,Call recording 251128_064500.wav,19.184,19.218,0.034,SPEAKER_03,SPEAKER_00,,
Call recording 251128_064500,Call recording 251128_064500.wav,19.218,19.235,0.017,SPEAKER_01,SPEAKER_00,,
Call recording 251128_064500,Call recording 251128_064500.wav,27.233,33.562,6.328,SPEAKER_01,SPEAKER_00,,
Call recording 251128_064500,Call recording 251128_064500.wav,29.36,29.663,0.304,SPEAKER_00,SPEAKER_00,,
Call recording 251128_064500,Call recording 251128_064500.wav,30.44,32.785,2.346,SPEAKER_00,SPEAKER_00,,
Call recording 251128_064500,Call recording 251128_064500.wav,32.887,38.759,5.873,SPEAKER_00,SPEAKER_00,,
Call recording 251128_064500,Call recording 251128_064500.wav,39.299,40.936,1.637,SPEAKER_02,SPEAKER_00,,
Call recording 251128_064500,Call recording 251128_064500.wav,39.383,40.835,1.451,SPEAKER_00,SPEAKER_00,,
Call recording 251128_064500,Call recording 251128_064500.wav,41.071,42.303,1.232,SPEAKER_00,SPEAKER_00,,
Call recording 251128_064500,Call recording 251128_064500.wav,43.045,46.252,3.206,SPEAKER_02,SPEAKER_00,,
Call recording 251128_064500,Call recording 251128_064500.wav,46.353,49.188,2.835,SPEAKER_00,SPEAKER_00,,
Call recording 251128_064500,Call recording 251128_064500.wav,49.475,54.672,5.198,SPEAKER_00,SPEAKER_00,,
Call recording 251128_064500,Call recording 251128_064500.wav,54.993,59.043,4.05,SPEAKER_00,SPEAKER_00,,
Call recording 251128_064500,Call recording 251128_064500.wav,59.768,61.793,2.025,SPEAKER_03,SPEAKER_00,,
Call recording 251128_064500,Call recording 251128_064500.wav,60.781,62.857,2.076,SPEAKER_00,SPEAKER_00,,
Call recording 251128_064500,Call recording 251128_064500.wav,62.57,63.38,0.81,SPEAKER_03,SPEAKER_00,,
Call recording 251128_064500,Call recording 251128_064500.wav,63.38,63.65,0.27,SPEAKER_00,SPEAKER_00,,
Call recording 251128_145834,Call recording 251128_145834.wav,0.166,0.588,0.422,SPEAKER_00,SPEAKER_01,,
Call recording 251128_145834,Call recording 251128_145834.wav,0.267,2.461,2.194,SPEAKER_01,SPEAKER_01,,
Call recording 251128_145834,Call recording 251128_145834.wav,2.461,2.866,0.405,SPEAKER_00,SPEAKER_01,,
Call recording 251128_145834,Call recording 251128_145834.wav,3.018,16.113,13.095,SPEAKER_01,SPEAKER_01,,
Call recording 251128_145834,Call recording 251128_145834.wav,13.362,13.615,0.253,SPEAKER_00,SPEAKER_01,,
Call recording 251128_145834,Call recording 251128_145834.wav,16.113,16.197,0.084,SPEAKER_00,SPEAKER_01,,
Call recording 251128_145834,Call recording 251128_145834.wav,16.197,19.42,3.223,SPEAKER_01,SPEAKER_01,,
Call recording 251128_145834,Call recording 251128_145834.wav,18.661,18.695,0.034,SPEAKER_00,SPEAKER_01,,
Call recording 251128_145834,Call recording 251128_145834.wav,18.712,24.415,5.704,SPEAKER_00,SPEAKER_01,,
Call recording 251128_145834,Call recording 251128_145834.wav,23.403,31.537,8.134,SPEAKER_01,SPEAKER_01,,
Call recording 251128_145834,Call recording 251128_145834.wav,30.052,36.97,6.919,SPEAKER_00,SPEAKER_01,,
Call recording 251128_145834,Call recording 251128_145834.wav,37.257,37.831,0.574,SPEAKER_03,SPEAKER_01,,
Call recording 251128_145834,Call recording 251128_145834.wav,37.831,39.839,2.008,SPEAKER_00,SPEAKER_01,,
Call recording 251128_145834,Call recording 251128_145834.wav,40.362,41.932,1.569,SPEAKER_03,SPEAKER_01,,
Call recording 251128_145834,Call recording 251128_145834.wav,42.59,45.003,2.413,SPEAKER_00,SPEAKER_01,,
Call recording 251128_145834,Call recording 251128_145834.wav,46.336,46.977,0.641,SPEAKER_03,SPEAKER_01,,
Call recording 251128_145834,Call recording 251128_145834.wav,46.977,47.213,0.236,SPEAKER_02,SPEAKER_01,,
Call recording 251128_145834,Call recording 251128_145834.wav,47.315,48.833,1.519,SPEAKER_00,SPEAKER_01,,
Call recording 251128_145834,Call recording 251128_145834.wav,49.762,52.698,2.936,SPEAKER_02,SPEAKER_01,,
Call recording 251128_145834,Call recording 251128_145834.wav,52.698,52.951,0.253,SPEAKER_00,SPEAKER_01,,
Call recording 251128_145834,Call recording 251128_145834.wav,53.575,56.377,2.801,SPEAKER_02,SPEAKER_01,,
Call recording 251128_145834,Call recording 251128_145834.wav,55.364,55.381,0.017,SPEAKER_03,SPEAKER_01,,
Call recording 251128_145834,Call recording 251128_145834.wav,55.381,55.921,0.54,SPEAKER_00,SPEAKER_01,,
Call recording 251128_145834,Call recording 251128_145834.wav,55.921,56.107,0.186,SPEAKER_03,SPEAKER_01,,
Call recording 251128_145834,Call recording 251128_145834.wav,56.393,57.153,0.759,SPEAKER_03,SPEAKER_01,,
Call recording 251128_173111,Call recording 251128_173111.wav,0.959,1.347,0.388,SPEAKER_00,SPEAKER_00,,
Call recording 251128_173111,Call recording 251128_173111.wav,2.005,2.495,0.489,SPEAKER_01,SPEAKER_00,,
Call recording 251128_173111,Call recording 251128_173111.wav,3.17,3.608,0.439,SPEAKER_00,SPEAKER_00,,
Call recording 251128_173111,Call recording 251128_173111.wav,4.334,4.688,0.354,SPEAKER_01,SPEAKER_00,,
Call recording 251128_173111,Call recording 251128_173111.wav,4.891,7.135,2.244,SPEAKER_00,SPEAKER_00,,
Call recording 251128_173111,Call recording 251128_173111.wav,7.608,7.726,0.118,SPEAKER_01,SPEAKER_00,,
Call recording 251128_173111,Call recording 251128_173111.wav,7.979,8.367,0.388,SPEAKER_01,SPEAKER_00,,
Call recording 251128_173111,Call recording 251128_173111.wav,8.519,9.717,1.198,SPEAKER_00,SPEAKER_00,,
Call recording 251128_173111,Call recording 251128_173111.wav,10.46,10.578,0.118,SPEAKER_01,SPEAKER_00,,
Call recording 251128_173111,Call recording 251128_173111.wav,11.118,15.269,4.151,SPEAKER_01,SPEAKER_00,,
Call recording 251128_173111,Call recording 251128_173111.wav,15.539,19.842,4.303,SPEAKER_01,SPEAKER_00,,
Call recording 251128_173111,Call recording 251128_173111.wav,15.59,15.927,0.337,SPEAKER_00,SPEAKER_00,,
Call recording 251128_173111,Call recording 251128_173111.wav,18.931,19.555,0.624,SPEAKER_00,SPEAKER_00,,
Call recording 251128_173111,Call recording 251128_173111.wav,20.011,21.125,1.114,SPEAKER_01,SPEAKER_00,,
Call recording 251128_173111,Call recording 251128_173111.wav,20.247,20.416,0.169,SPEAKER_00,SPEAKER_00,,
Call recording 251128_173111,Call recording 251128_173111.wav,20.534,21.648,1.114,SPEAKER_00,SPEAKER_00,,
Call recording 251128_173111,Call recording 251128_173111.wav,22.154,22.39,0.236,SPEAKER_01,SPEAKER_00,,
Call recording 251128_173111,Call recording 251128_173111.wav,22.508,23.065,0.557,SPEAKER_01,SPEAKER_00,,
Call recording 251128_173111,Call recording 251128_173111.wav,23.555,26.322,2.767,SPEAKER_01,SPEAKER_00,,
Call recording 251128_173111,Call recording 251128_173111.wav,26.592,26.913,0.321,SPEAKER_00,SPEAKER_00,,
Call recording 251128_173111,Call recording 251128_173111.wav,26.913,26.93,0.017,SPEAKER_01,SPEAKER_00,,
Call recording 251128_173111,Call recording 251128_173111.wav,26.93,26.947,0.017,SPEAKER_00,SPEAKER_00,,
Call recording 251128_173111,Call recording 251128_173111.wav,27.453,31.823,4.371,SPEAKER_01,SPEAKER_00,,
Call recording 251128_173111,Call recording 251128_173111.wav,30.963,31.773,0.81,SPEAKER_00,SPEAKER_00,,
Call recording 251128_173111,Call recording 251128_173111.wav,32.178,37.426,5.248,SPEAKER_01,SPEAKER_00,,
Call recording 251128_173111,Call recording 251128_173111.wav,37.561,37.763,0.203,SPEAKER_00,SPEAKER_00,,
Call recording 251128_173111,Call recording 251128_173111.wav,37.865,40.193,2.329,SPEAKER_01,SPEAKER_00,,
Call recording 251128_173111,Call recording 251128_173111.wav,40.7,52.934,12.234,SPEAKER_00,SPEAKER_00,,
Call recording 251128_173111,Call recording 251128_173111.wav,40.868,41.51,0.641,SPEAKER_01,SPEAKER_00,,
Call recording 251128_173111,Call recording 251128_173111.wav,53.744,54.571,0.827,SPEAKER_00,SPEAKER_00,,
Call recording 251128_173111,Call recording 251128_173111.wav,53.963,57.406,3.443,SPEAKER_01,SPEAKER_00,,
Call recording 251128_173111,Call recording 251128_173111.wav,57.592,58.385,0.793,SPEAKER_01,SPEAKER_00,,
Call recording 251128_173111,Call recording 251128_173111.wav,58.537,61.912,3.375,SPEAKER_00,SPEAKER_00,,
Call recording 251128_173111,Call recording 251128_173111.wav,61.473,61.945,0.473,SPEAKER_01,SPEAKER_00,,
Call recording 251128_173111,Call recording 251128_173111.wav,62.553,62.755,0.203,SPEAKER_01,SPEAKER_00,,
Call recording 251128_173111,Call recording 251128_173111.wav,62.755,65.017,2.261,SPEAKER_00,SPEAKER_00,,
Call recording 251128_173111,Call recording 251128_173111.wav,64.865,71.463,6.598,SPEAKER_01,SPEAKER_00,,
Call recording 251128_173111,Call recording 251128_173111.wav,71.581,78.77,7.189,SPEAKER_00,SPEAKER_00,,
Call recording 251128_173111,Call recording 251128_173111.wav,78.938,82.077,3.139,SPEAKER_00,SPEAKER_00,,
Call recording 251128_173111,Call recording 251128_173111.wav,81.098,81.47,0.371,SPEAKER_01,SPEAKER_00,,
Call recording 251128_173111,Call recording 251128_173111.wav,82.313,90.43,8.117,SPEAKER_00,SPEAKER_00,,
Call recording 251128_173111,Call recording 251128_173111.wav,91.24,94.902,3.662,SPEAKER_01,SPEAKER_00,,
Call recording 251128_173111,Call recording 251128_173111.wav,94.227,100.471,6.244,SPEAKER_00,SPEAKER_00,,
Call recording 251128_173111,Call recording 251128_173111.wav,99.83,106.833,7.003,SPEAKER_01,SPEAKER_00,,
Call recording 251128_173111,Call recording 251128_173111.wav,106.799,108.841,2.042,SPEAKER_00,SPEAKER_00,,
Call recording 251128_173111,Call recording 251128_173111.wav,108.993,110.613,1.62,SPEAKER_00,SPEAKER_00,,
Call recording 251128_173111,Call recording 251128_173111.wav,109.516,110.697,1.181,SPEAKER_01,SPEAKER_00,,
Call recording 251128_173111,Call recording 251128_173111.wav,110.967,111.136,0.169,SPEAKER_00,SPEAKER_00,,
Call recording 251128_173111,Call recording 251128_173111.wav,111.338,118.308,6.969,SPEAKER_00,SPEAKER_00,,
Call recording 251128_173111,Call recording 251128_173111.wav,118.46,122.003,3.544,SPEAKER_00,SPEAKER_00,,
Call recording 251128_173111,Call recording 251128_173111.wav,122.122,122.56,0.439,SPEAKER_00,SPEAKER_00,,
Call recording 251128_173111,Call recording 251128_173111.wav,122.172,122.543,0.371,SPEAKER_01,SPEAKER_00,,
Call recording 251128_173111,Call recording 251128_173111.wav,122.56,122.965,0.405,SPEAKER_01,SPEAKER_00,,
Call recording 251128_173111,Call recording 251128_173111.wav,122.965,122.982,0.017,SPEAKER_00,SPEAKER_00,,
Call recording 251128_173111,Call recording 251128_173111.wav,123.067,123.995,0.928,SPEAKER_00,SPEAKER_00,,
Call recording 251128_173111,Call recording 251128_173111.wav,124.265,127.319,3.054,SPEAKER_00,SPEAKER_00,,
Call recording 251128_173111,Call recording 251128_173111.wav,127.353,131.251,3.898,SPEAKER_00,SPEAKER_00,,
Call recording 251128_173111,Call recording 251128_173111.wav,131.605,136.027,4.421,SPEAKER_01,SPEAKER_00,,
Call recording 251128_173111,Call recording 251128_173111.wav,136.027,136.803,0.776,SPEAKER_00,SPEAKER_00,,
Call recording 251128_173111,Call recording 251128_173111.wav,137.444,149.847,12.403,SPEAKER_00,SPEAKER_00,,
Call recording 251128_173111,Call recording 251128_173111.wav,150.472,151.838,1.367,SPEAKER_01,SPEAKER_00,,
Call recording 251128_173111,Call recording 251128_173111.wav,151.163,152.902,1.738,SPEAKER_00,SPEAKER_00,,
Call recording 251128_173111,Call recording 251128_173111.wav,152.986,153.475,0.489,SPEAKER_00,SPEAKER_00,,
Call recording 251128_173111,Call recording 251128_173111.wav,153.104,153.83,0.726,SPEAKER_01,SPEAKER_00,,
Call recording 251128_173111,Call recording 251128_173111.wav,159.955,160.394,0.439,SPEAKER_00,SPEAKER_00,,
Call recording 251128_173111,Call recording 251128_173111.wav,161.018,161.288,0.27,SPEAKER_01,SPEAKER_00,,
Call recording 251129_111451,Call recording 251129_111451.wav,0.031,0.976,0.945,SPEAKER_01,SPEAKER_00,,
Call recording 251129_111451,Call recording 251129_111451.wav,0.115,0.757,0.641,SPEAKER_00,SPEAKER_00,,
Call recording 251129_111451,Call recording 251129_111451.wav,1.33,4.975,3.645,SPEAKER_01,SPEAKER_00,,
Call recording 251129_111451,Call recording 251129_111451.wav,2.275,2.461,0.186,SPEAKER_00,SPEAKER_00,,
Call recording 251129_111451,Call recording 251129_111451.wav,4.975,4.992,0.017,SPEAKER_00,SPEAKER_00,,
Call recording 251129_111451,Call recording 251129_111451.wav,4.992,5.009,0.017,SPEAKER_01,SPEAKER_00,,
Call recording 251129_111451,Call recording 251129_111451.wav,5.009,5.667,0.658,SPEAKER_00,SPEAKER_00,,
Call recording 251129_111451,Call recording 251129_111451.wav,5.448,5.583,0.135,SPEAKER_01,SPEAKER_00,,
Call recording 251129_111451,Call recording 251129_111451.wav,5.667,5.684,0.017,SPEAKER_01,SPEAKER_00,,
Call recording 251129_111451,Call recording 251129_111451.wav,5.684,5.735,0.051,SPEAKER_00,SPEAKER_00,,
Call recording 251129_111451,Call recording 251129_111451.wav,7.0,7.54,0.54,SPEAKER_01,SPEAKER_00,,
Call recording 251129_111451,Call recording 251129_111451.wav,7.895,15.32,7.425,SPEAKER_01,SPEAKER_00,,
Call recording 251129_111451,Call recording 251129_111451.wav,14.442,17.108,2.666,SPEAKER_00,SPEAKER_00,,
Call recording 251129_111451,Call recording 251129_111451.wav,17.986,20.433,2.447,SPEAKER_01,SPEAKER_00,,
Call recording 251129_111451,Call recording 251129_111451.wav,20.703,21.31,0.608,SPEAKER_01,SPEAKER_00,,
Call recording 251129_111451,Call recording 251129_111451.wav,21.698,25.276,3.578,SPEAKER_00,SPEAKER_00,,
Call recording 251129_111451,Call recording 251129_111451.wav,26.069,27.453,1.384,SPEAKER_01,SPEAKER_00,,
Call recording 251129_111451,Call recording 251129_111451.wav,27.655,30.946,3.291,SPEAKER_00,SPEAKER_00,,
Call recording 251129_111451,Call recording 251129_111451.wav,31.672,33.292,1.62,SPEAKER_01,SPEAKER_00,,
Call recording 251129_111451,Call recording 251129_111451.wav,33.494,34.253,0.759,SPEAKER_00,SPEAKER_00,,
Call recording 251129_111451,Call recording 251129_111451.wav,34.456,38.54,4.084,SPEAKER_00,SPEAKER_00,,
Call recording 251129_111451,Call recording 251129_111451.wav,38.759,40.008,1.249,SPEAKER_00,SPEAKER_00,,
Call recording 251129_111451,Call recording 251129_111451.wav,40.278,42.758,2.481,SPEAKER_00,SPEAKER_00,,
Call recording 251129_111451,Call recording 251129_111451.wav,43.703,47.77,4.067,SPEAKER_01,SPEAKER_00,,
Call recording 251129_111451,Call recording 251129_111451.wav,47.77,59.11,11.34,SPEAKER_00,SPEAKER_00,,
Call recording 251129_111451,Call recording 251129_111451.wav,59.903,60.19,0.287,SPEAKER_01,SPEAKER_00,,
Call recording 251129_111451,Call recording 251129_111451.wav,60.19,61.726,1.536,SPEAKER_00,SPEAKER_00,,
Call recording 251129_111451,Call recording 251129_111451.wav,62.097,62.249,0.152,SPEAKER_01,SPEAKER_00,,
Call recording 251129_111451,Call recording 251129_111451.wav,62.637,63.025,0.388,SPEAKER_00,SPEAKER_00,,
Call recording 251129_111451,Call recording 251129_111451.wav,63.768,67.97,4.202,SPEAKER_00,SPEAKER_00,,
Call recording 251129_111451,Call recording 251129_111451.wav,70.265,73.133,2.869,SPEAKER_01,SPEAKER_00,,
Call recording 251129_111451,Call recording 251129_111451.wav,72.83,78.736,5.906,SPEAKER_00,SPEAKER_00,,
Call recording 251129_111451,Call recording 251129_111451.wav,82.246,86.212,3.966,SPEAKER_01,SPEAKER_00,,
Call recording 251129_111451,Call recording 251129_111451.wav,86.414,93.755,7.341,SPEAKER_00,SPEAKER_00,,
Call recording 251129_111451,Call recording 251129_111451.wav,94.548,94.97,0.422,SPEAKER_01,SPEAKER_00,,
Call recording 251129_111451,Call recording 251129_111451.wav,94.97,95.965,0.996,SPEAKER_00,SPEAKER_00,,
Call recording 251129_111451,Call recording 251129_111451.wav,95.965,96.067,0.101,SPEAKER_01,SPEAKER_00,,
Call recording 251129_111451,Call recording 251129_111451.wav,96.556,96.573,0.017,SPEAKER_00,SPEAKER_00,,
Call recording 251129_111451,Call recording 251129_111451.wav,96.573,96.607,0.034,SPEAKER_01,SPEAKER_00,,
Call recording 251129_111451,Call recording 251129_111451.wav,96.607,96.809,0.203,SPEAKER_00,SPEAKER_00,,
Call recording 251130_061344,Call recording 251130_061344.wav,0.031,3.642,3.611,SPEAKER_02,SPEAKER_02,,
Call recording 251130_061344,Call recording 251130_061344.wav,3.895,7.709,3.814,SPEAKER_02,SPEAKER_02,,
Call recording 251130_061344,Call recording 251130_061344.wav,8.283,12.704,4.421,SPEAKER_02,SPEAKER_02,,
Call recording 251130_061344,Call recording 251130_061344.wav,13.21,17.918,4.708,SPEAKER_02,SPEAKER_02,,
Call recording 251130_061344,Call recording 251130_061344.wav,17.918,19.167,1.249,SPEAKER_01,SPEAKER_02,,
Call recording 251130_061344,Call recording 251130_061344.wav,19.167,19.184,0.017,SPEAKER_02,SPEAKER_02,,
Call recording 251130_061344,Call recording 251130_061344.wav,19.184,19.977,0.793,SPEAKER_01,SPEAKER_02,,
Call recording 251130_061344,Call recording 251130_061344.wav,19.977,20.23,0.253,SPEAKER_02,SPEAKER_02,,
Call recording 251130_061344,Call recording 251130_061344.wav,20.23,20.281,0.051,SPEAKER_01,SPEAKER_02,,
Call recording 251130_061344,Call recording 251130_061344.wav,20.281,20.315,0.034,SPEAKER_02,SPEAKER_02,,
Call recording 251130_061344,Call recording 251130_061344.wav,20.753,26.508,5.754,SPEAKER_02,SPEAKER_02,,
Call recording 251130_061344,Call recording 251130_061344.wav,27.183,27.47,0.287,SPEAKER_01,SPEAKER_02,,
Call recording 251130_061344,Call recording 251130_061344.wav,27.807,28.803,0.996,SPEAKER_01,SPEAKER_02,,
Call recording 251130_061344,Call recording 251130_061344.wav,29.039,29.056,0.017,SPEAKER_02,SPEAKER_02,,
Call recording 251130_061344,Call recording 251130_061344.wav,29.056,29.461,0.405,SPEAKER_01,SPEAKER_02,,
Call recording 251130_061344,Call recording 251130_061344.wav,29.461,29.512,0.051,SPEAKER_02,SPEAKER_02,,
Call recording 251130_061344,Call recording 251130_061344.wav,30.119,30.136,0.017,SPEAKER_02,SPEAKER_02,,
Call recording 251130_061344,Call recording 251130_061344.wav,30.136,31.705,1.569,SPEAKER_01,SPEAKER_02,,
Call recording 251130_061344,Call recording 251130_061344.wav,32.043,32.667,0.624,SPEAKER_01,SPEAKER_02,,
Call recording 251130_061344,Call recording 251130_061344.wav,32.667,32.768,0.101,SPEAKER_00,SPEAKER_02,,
Call recording 251130_061344,Call recording 251130_061344.wav,33.359,34.27,0.911,SPEAKER_01,SPEAKER_02,,
Call recording 251130_061344,Call recording 251130_061344.wav,34.051,34.22,0.169,SPEAKER_00,SPEAKER_02,,
Call recording 251130_061344,Call recording 251130_061344.wav,34.27,34.355,0.084,SPEAKER_00,SPEAKER_02,,
Call recording 251130_061344,Call recording 251130_061344.wav,35.485,35.772,0.287,SPEAKER_01,SPEAKER_02,,
Call recording 251130_061344,Call recording 251130_061344.wav,36.177,38.962,2.784,SPEAKER_00,SPEAKER_02,,
Call recording 251130_061344,Call recording 251130_061344.wav,38.978,39.147,0.169,SPEAKER_00,SPEAKER_02,,
Call recording 251130_061344,Call recording 251130_061344.wav,39.299,39.316,0.017,SPEAKER_00,SPEAKER_02,,
Call recording 251130_061344,Call recording 251130_061344.wav,39.316,45.61,6.294,SPEAKER_01,SPEAKER_02,,
Call recording 251130_061344,Call recording 251130_061344.wav,45.61,45.712,0.101,SPEAKER_02,SPEAKER_02,,
Call recording 251130_061344,Call recording 251130_061344.wav,45.712,45.982,0.27,SPEAKER_01,SPEAKER_02,,
Call recording 251130_061344,Call recording 251130_061344.wav,45.982,48.817,2.835,SPEAKER_02,SPEAKER_02,,
Call recording 251130_061344,Call recording 251130_061344.wav,47.956,49.323,1.367,SPEAKER_01,SPEAKER_02,,
Call recording 251130_182300,Call recording 251130_182300.wav,0.031,0.048,0.017,SPEAKER_01,SPEAKER_00,,
Call recording 251130_182300,Call recording 251130_182300.wav,0.166,2.309,2.143,SPEAKER_01,SPEAKER_00,,
Call recording 251130_182300,Call recording 251130_182300.wav,2.41,2.461,0.051,SPEAKER_00,SPEAKER_00,,
Call recording 251130_182300,Call recording 251130_182300.wav,2.461,8.3,5.839,SPEAKER_01,SPEAKER_00,,
Call recording 251130_182300,Call recording 251130_182300.wav,9.11,9.16,0.051,SPEAKER_01,SPEAKER_00,,
Call recording 251130_182300,Call recording 251130_182300.wav,9.464,9.515,0.051,SPEAKER_01,SPEAKER_00,,
Call recording 251130_182300,Call recording 251130_182300.wav,10.426,11.152,0.726,SPEAKER_00,SPEAKER_00,,
Call recording 251130_182300,Call recording 251130_182300.wav,12.164,13.295,1.131,SPEAKER_01,SPEAKER_00,,
Call recording 251130_182300,Call recording 251130_182300.wav,13.666,15.472,1.806,SPEAKER_01,SPEAKER_00,,
Call recording 251130_182300,Call recording 251130_182300.wav,14.932,17.21,2.278,SPEAKER_00,SPEAKER_00,,
Call recording 251130_182300,Call recording 251130_182300.wav,17.902,20.534,2.633,SPEAKER_01,SPEAKER_00,,
Call recording 251130_182300,Call recording 251130_182300.wav,18.982,21.175,2.194,SPEAKER_00,SPEAKER_00,,
Call recording 251130_182300,Call recording 251130_182300.wav,21.462,23.369,1.907,SPEAKER_00,SPEAKER_00,,
Call recording 251130_182300,Call recording 251130_182300.wav,23.622,25.158,1.536,SPEAKER_00,SPEAKER_00,,
Call recording 251130_182300,Call recording 251130_182300.wav,25.715,28.347,2.632,SPEAKER_00,SPEAKER_00,,
Call recording 251130_182300,Call recording 251130_182300.wav,25.748,26.035,0.287,SPEAKER_01,SPEAKER_00,,
Call recording 251130_182300,Call recording 251130_182300.wav,28.904,30.406,1.502,SPEAKER_00,SPEAKER_00,,
Call recording 251130_182300,Call recording 251130_182300.wav,30.743,34.237,3.493,SPEAKER_00,SPEAKER_00,,
Call recording 251130_182300,Call recording 251130_182300.wav,30.828,31.148,0.321,SPEAKER_01,SPEAKER_00,,
Call recording 251130_182300,Call recording 251130_182300.wav,34.473,36.16,1.688,SPEAKER_00,SPEAKER_00,,
Call recording 251130_182300,Call recording 251130_182300.wav,36.582,36.869,0.287,SPEAKER_00,SPEAKER_00,,
Call recording 251130_182300,Call recording 251130_182300.wav,37.696,39.67,1.974,SPEAKER_00,SPEAKER_00,,
Call recording 251130_182300,Call recording 251130_182300.wav,40.16,41.392,1.232,SPEAKER_00,SPEAKER_00,,
Call recording 251130_182300,Call recording 251130_182300.wav,42.016,42.387,0.371,SPEAKER_01,SPEAKER_00,,
Call recording 251130_182300,Call recording 251130_182300.wav,42.708,45.205,2.498,SPEAKER_00,SPEAKER_00,,
Call recording 251130_182300,Call recording 251130_182300.wav,45.948,46.538,0.591,SPEAKER_01,SPEAKER_00,,
Call recording 251130_182300,Call recording 251130_182300.wav,46.032,46.775,0.742,SPEAKER_00,SPEAKER_00,,
Call recording 251130_182300,Call recording 251130_182300.wav,47.129,50.588,3.459,SPEAKER_00,SPEAKER_00,,
Call recording 251130_182300,Call recording 251130_182300.wav,50.909,52.563,1.654,SPEAKER_00,SPEAKER_00,,
Call recording 251130_182300,Call recording 251130_182300.wav,52.833,57.743,4.911,SPEAKER_00,SPEAKER_00,,
Call recording 251130_182300,Call recording 251130_182300.wav,55.499,57.693,2.194,SPEAKER_01,SPEAKER_00,,
Call recording 251130_182300,Call recording 251130_182300.wav,58.503,62.131,3.628,SPEAKER_00,SPEAKER_00,,
Call recording 251130_182300,Call recording 251130_182300.wav,62.333,63.7,1.367,SPEAKER_00,SPEAKER_00,,
Call recording 251130_182300,Call recording 251130_182300.wav,62.722,63.143,0.422,SPEAKER_01,SPEAKER_00,,
Call recording 251130_182300,Call recording 251130_182300.wav,64.021,67.025,3.004,SPEAKER_00,SPEAKER_00,,
Call recording 251130_182300,Call recording 251130_182300.wav,67.7,70.552,2.852,SPEAKER_00,SPEAKER_00,,
Call recording 251130_182300,Call recording 251130_182300.wav,70.788,73.235,2.447,SPEAKER_00,SPEAKER_00,,
Call recording 251130_182300,Call recording 251130_182300.wav,70.906,71.125,0.219,SPEAKER_01,SPEAKER_00,,
Call recording 251130_182300,Call recording 251130_182300.wav,73.336,76.12,2.784,SPEAKER_00,SPEAKER_00,,
Call recording 251130_182300,Call recording 251130_182300.wav,76.39,79.411,3.021,SPEAKER_00,SPEAKER_00,,
Call recording 251130_182300,Call recording 251130_182300.wav,76.762,77.082,0.321,SPEAKER_01,SPEAKER_00,,
Call recording 251130_182300,Call recording 251130_182300.wav,79.664,82.145,2.481,SPEAKER_00,SPEAKER_00,,
Call recording 251130_182300,Call recording 251130_182300.wav,82.702,83.191,0.489,SPEAKER_00,SPEAKER_00,,
Call recording 251130_182300,Call recording 251130_182300.wav,82.82,83.107,0.287,SPEAKER_01,SPEAKER_00,,
Call recording 251130_182300,Call recording 251130_182300.wav,83.258,85.385,2.126,SPEAKER_00,SPEAKER_00,,
Call recording 251130_182300,Call recording 251130_182300.wav,85.925,90.211,4.286,SPEAKER_00,SPEAKER_00,,
Call recording 251130_182300,Call recording 251130_182300.wav,90.768,94.784,4.016,SPEAKER_00,SPEAKER_00,,
Call recording 251130_182300,Call recording 251130_182300.wav,95.02,98.783,3.763,SPEAKER_00,SPEAKER_00,,
Call recording 251130_182300,Call recording 251130_182300.wav,98.817,99.543,0.726,SPEAKER_00,SPEAKER_00,,
Call recording 251130_182300,Call recording 251130_182300.wav,99.543,99.56,0.017,SPEAKER_01,SPEAKER_00,,
Call recording 251130_182300,Call recording 251130_182300.wav,99.56,99.695,0.135,SPEAKER_00,SPEAKER_00,,
Call recording 251130_182300,Call recording 251130_182300.wav,99.695,99.796,0.101,SPEAKER_01,SPEAKER_00,,
Call recording 251130_182300,Call recording 251130_182300.wav,99.796,99.847,0.051,SPEAKER_00,SPEAKER_00,,
Call recording 251130_182300,Call recording 251130_182300.wav,99.847,101.382,1.536,SPEAKER_01,SPEAKER_00,,
Call recording 251130_182300,Call recording 251130_182300.wav,99.897,104.099,4.202,SPEAKER_00,SPEAKER_00,,
Call recording 251130_182300,Call recording 251130_182300.wav,102.462,104.15,1.688,SPEAKER_01,SPEAKER_00,,
Call recording 251130_182300,Call recording 251130_182300.wav,104.42,110.056,5.636,SPEAKER_01,SPEAKER_00,,
Call recording 251130_182300,Call recording 251130_182300.wav,110.292,115.625,5.333,SPEAKER_01,SPEAKER_00,,
Call recording 251130_182300,Call recording 251130_182300.wav,116.62,120.417,3.797,SPEAKER_01,SPEAKER_00,,
Call recording 251130_182300,Call recording 251130_182300.wav,119.337,123.725,4.388,SPEAKER_00,SPEAKER_00,,
Call recording 251130_182300,Call recording 251130_182300.wav,122.307,122.746,0.439,SPEAKER_01,SPEAKER_00,,
Call recording 251130_182300,Call recording 251130_182300.wav,123.86,126.003,2.143,SPEAKER_01,SPEAKER_00,,
Call recording 251130_182300,Call recording 251130_182300.wav,124.197,128.568,4.371,SPEAKER_00,SPEAKER_00,,
Call recording 251130_182300,Call recording 251130_182300.wav,128.737,129.378,0.641,SPEAKER_01,SPEAKER_00,,
Call recording 251130_182300,Call recording 251130_182300.wav,129.192,130.019,0.827,SPEAKER_00,SPEAKER_00,,
Call recording 251201_114612,Call recording 251201_114612.wav,0.031,1.263,1.232,SPEAKER_00,SPEAKER_00,,
Call recording 251201_114612,Call recording 251201_114612.wav,2.005,4.942,2.936,SPEAKER_01,SPEAKER_00,,
Call recording 251201_114612,Call recording 251201_114612.wav,3.794,3.997,0.203,SPEAKER_00,SPEAKER_00,,
Call recording 251201_114612,Call recording 251201_114612.wav,5.043,7.22,2.177,SPEAKER_01,SPEAKER_00,,
Call recording 251201_114612,Call recording 251201_114612.wav,5.583,6.663,1.08,SPEAKER_00,SPEAKER_00,,
Call recording 251201_114612,Call recording 251201_114612.wav,7.591,8.266,0.675,SPEAKER_01,SPEAKER_00,,
Call recording 251201_114612,Call recording 251201_114612.wav,8.367,8.806,0.439,SPEAKER_01,SPEAKER_00,,
Call recording 251201_114612,Call recording 251201_114612.wav,8.806,8.84,0.034,SPEAKER_00,SPEAKER_00,,
Call recording 251201_114612,Call recording 251201_114612.wav,9.481,16.636,7.155,SPEAKER_01,SPEAKER_00,,
Call recording 251201_114612,Call recording 251201_114612.wav,15.978,16.265,0.287,SPEAKER_00,SPEAKER_00,,
Call recording 251201_114612,Call recording 251201_114612.wav,16.298,17.935,1.637,SPEAKER_00,SPEAKER_00,,
Call recording 251201_114612,Call recording 251201_114612.wav,18.155,19.522,1.367,SPEAKER_01,SPEAKER_00,,
Call recording 251201_114612,Call recording 251201_114612.wav,20.197,25.85,5.653,SPEAKER_00,SPEAKER_00,,
Call recording 251201_114612,Call recording 251201_114612.wav,20.247,21.091,0.844,SPEAKER_01,SPEAKER_00,,
Call recording 251201_114612,Call recording 251201_114612.wav,26.305,27.115,0.81,SPEAKER_01,SPEAKER_00,,
Call recording 251201_114612,Call recording 251201_114612.wav,26.423,33.072,6.649,SPEAKER_00,SPEAKER_00,,
Call recording 251201_114612,Call recording 251201_114612.wav,33.224,40.177,6.953,SPEAKER_00,SPEAKER_00,,
Call recording 251201_114612,Call recording 251201_114612.wav,40.48,41.965,1.485,SPEAKER_00,SPEAKER_00,,
Call recording 251201_114612,Call recording 251201_114612.wav,40.632,41.847,1.215,SPEAKER_01,SPEAKER_00,,
Call recording 251201_114612,Call recording 251201_114612.wav,41.965,42.033,0.068,SPEAKER_01,SPEAKER_00,,
Call recording 251201_114612,Call recording 251201_114612.wav,42.033,42.05,0.017,SPEAKER_00,SPEAKER_00,,
Call recording 251201_114612,Call recording 251201_114612.wav,42.05,42.117,0.067,SPEAKER_01,SPEAKER_00,,
Call recording 251201_114612,Call recording 251201_114612.wav,42.117,42.218,0.101,SPEAKER_00,SPEAKER_00,,
Call recording 251201_114612,Call recording 251201_114612.wav,42.218,44.851,2.633,SPEAKER_01,SPEAKER_00,,
Call recording 251201_114612,Call recording 251201_114612.wav,44.108,51.466,7.358,SPEAKER_00,SPEAKER_00,,
Call recording 251201_114612,Call recording 251201_114612.wav,51.466,52.225,0.759,SPEAKER_01,SPEAKER_00,,
Call recording 251201_114612,Call recording 251201_114612.wav,51.584,52.107,0.523,SPEAKER_00,SPEAKER_00,,
Call recording 251201_114612,Call recording 251201_114612.wav,52.343,59.701,7.358,SPEAKER_01,SPEAKER_00,,
Call recording 251201_114612,Call recording 251201_114612.wav,54.318,54.976,0.658,SPEAKER_00,SPEAKER_00,,
Call recording 251201_114612,Call recording 251201_114612.wav,55.195,56.107,0.911,SPEAKER_00,SPEAKER_00,,
Call recording 251201_114612,Call recording 251201_114612.wav,58.57,58.756,0.186,SPEAKER_00,SPEAKER_00,,
Call recording 251201_114612,Call recording 251201_114612.wav,59.87,63.953,4.084,SPEAKER_01,SPEAKER_00,,
Call recording 251201_114612,Call recording 251201_114612.wav,62.755,68.51,5.754,SPEAKER_00,SPEAKER_00,,
Call recording 251201_114612,Call recording 251201_114612.wav,68.881,73.201,4.32,SPEAKER_00,SPEAKER_00,,
Call recording 251201_114612,Call recording 251201_114612.wav,69.033,69.826,0.793,SPEAKER_01,SPEAKER_00,,
Call recording 251201_114612,Call recording 251201_114612.wav,73.555,75.158,1.603,SPEAKER_00,SPEAKER_00,,
Call recording 251201_114612,Call recording 251201_114612.wav,74.5,74.821,0.321,SPEAKER_01,SPEAKER_00,,
Call recording 251201_114612,Call recording 251201_114612.wav,75.158,75.58,0.422,SPEAKER_01,SPEAKER_00,,
Call recording 251201_114612,Call recording 251201_114612.wav,75.58,76.103,0.523,SPEAKER_00,SPEAKER_00,,
Call recording 251201_114612,Call recording 251201_114612.wav,75.597,76.07,0.472,SPEAKER_01,SPEAKER_00,,
Call recording 251201_114612,Call recording 251201_114612.wav,76.103,76.424,0.321,SPEAKER_01,SPEAKER_00,,
Call recording 251201_114612,Call recording 251201_114612.wav,76.424,78.078,1.654,SPEAKER_00,SPEAKER_00,,
Call recording 251201_114612,Call recording 251201_114612.wav,79.259,80.238,0.979,SPEAKER_01,SPEAKER_00,,
Call recording 251201_114612,Call recording 251201_114612.wav,80.677,81.706,1.029,SPEAKER_00,SPEAKER_00,,
Call recording 251201_114612,Call recording 251201_114612.wav,81.706,81.723,0.017,SPEAKER_01,SPEAKER_00,,
Call recording 251201_114612,Call recording 251201_114612.wav,81.723,81.74,0.017,SPEAKER_00,SPEAKER_00,,
Call recording 251201_114612,Call recording 251201_114612.wav,82.33,82.82,0.489,SPEAKER_01,SPEAKER_00,,
Call recording 251201_114612,Call recording 251201_114612.wav,83.697,84.71,1.013,SPEAKER_00,SPEAKER_00,,
Call recording 251201_114612,Call recording 251201_114612.wav,83.731,89.03,5.299,SPEAKER_01,SPEAKER_00,,
Call recording 251201_114612,Call recording 251201_114612.wav,86.819,88.388,1.569,SPEAKER_00,SPEAKER_00,,
Call recording 251201_114612,Call recording 251201_114612.wav,90.515,92.253,1.738,SPEAKER_01,SPEAKER_00,,
Call recording 251201_114612,Call recording 251201_114612.wav,92.455,92.945,0.489,SPEAKER_01,SPEAKER_00,,
Call recording 251201_114612,Call recording 251201_114612.wav,93.839,95.037,1.198,SPEAKER_01,SPEAKER_00,,
Call recording 251201_114612,Call recording 251201_114612.wav,95.037,95.071,0.034,SPEAKER_00,SPEAKER_00,,
Call recording 251201_114612,Call recording 251201_114612.wav,95.071,100.302,5.231,SPEAKER_01,SPEAKER_00,,
Call recording 251201_114612,Call recording 251201_114612.wav,95.273,95.78,0.506,SPEAKER_00,SPEAKER_00,,
Call recording 251201_114612,Call recording 251201_114612.wav,100.606,103.627,3.021,SPEAKER_00,SPEAKER_00,,
Call recording 251201_114612,Call recording 251201_114612.wav,100.808,101.568,0.759,SPEAKER_01,SPEAKER_00,,
Call recording 251201_114612,Call recording 251201_114612.wav,103.171,106.31,3.139,SPEAKER_01,SPEAKER_00,,
Call recording 251201_114612,Call recording 251201_114612.wav,103.829,104.302,0.472,SPEAKER_00,SPEAKER_00,,
Call recording 251201_114612,Call recording 251201_114612.wav,105.213,106.512,1.299,SPEAKER_00,SPEAKER_00,,
Call recording 251201_114612,Call recording 251201_114612.wav,106.512,106.816,0.304,SPEAKER_01,SPEAKER_00,,
Call recording 251201_114612,Call recording 251201_114612.wav,107.137,107.71,0.574,SPEAKER_01,SPEAKER_00,,
Call recording 251201_154056,Call recording 251201_154056.wav,0.031,1.516,1.485,SPEAKER_01,SPEAKER_01,,
Call recording 251201_154056,Call recording 251201_154056.wav,1.685,14.122,12.437,SPEAKER_01,SPEAKER_01,,
Call recording 251201_154056,Call recording 251201_154056.wav,14.442,17.935,3.493,SPEAKER_01,SPEAKER_01,,
Call recording 251201_154056,Call recording 251201_154056.wav,18.273,20.197,1.924,SPEAKER_01,SPEAKER_01,,
Call recording 251201_154056,Call recording 251201_154056.wav,20.382,21.766,1.384,SPEAKER_00,SPEAKER_01,,
Call recording 251201_154056,Call recording 251201_154056.wav,21.833,21.85,0.017,SPEAKER_00,SPEAKER_01,,
Call recording 251201_154056,Call recording 251201_154056.wav,21.85,22.188,0.338,SPEAKER_01,SPEAKER_01,,
Call recording 251201_154056,Call recording 251201_154056.wav,22.188,22.947,0.759,SPEAKER_00,SPEAKER_01,,
Call recording 251201_154056,Call recording 251201_154056.wav,23.167,23.588,0.422,SPEAKER_01,SPEAKER_01,,
Call recording 251201_154056,Call recording 251201_154056.wav,23.588,23.605,0.017,SPEAKER_00,SPEAKER_01,,
Call recording 251201_154056,Call recording 251201_154056.wav,24.415,24.432,0.017,SPEAKER_01,SPEAKER_01,,
Call recording 251201_154056,Call recording 251201_154056.wav,24.432,25.09,0.658,SPEAKER_00,SPEAKER_01,,
Call recording 251201_154056,Call recording 251201_154056.wav,25.343,31.942,6.598,SPEAKER_00,SPEAKER_01,,
Call recording 251201_154056,Call recording 251201_154056.wav,31.942,32.026,0.084,SPEAKER_01,SPEAKER_01,,
Call recording 251201_154056,Call recording 251201_154056.wav,32.026,32.06,0.034,SPEAKER_00,SPEAKER_01,,
Call recording 251201_154056,Call recording 251201_154056.wav,32.06,35.047,2.987,SPEAKER_01,SPEAKER_01,,
Call recording 251201_154056,Call recording 251201_154056.wav,35.249,42.37,7.121,SPEAKER_00,SPEAKER_01,,
Call recording 251201_154056,Call recording 251201_154056.wav,36.987,37.392,0.405,SPEAKER_01,SPEAKER_01,,
Call recording 251201_154056,Call recording 251201_154056.wav,42.674,50.808,8.134,SPEAKER_00,SPEAKER_01,,
Call recording 251201_154056,Call recording 251201_154056.wav,42.691,43.214,0.523,SPEAKER_01,SPEAKER_01,,
Call recording 251201_154056,Call recording 251201_154056.wav,46.387,46.876,0.489,SPEAKER_01,SPEAKER_01,,
Call recording 251201_154056,Call recording 251201_154056.wav,50.909,60.764,9.855,SPEAKER_01,SPEAKER_01,,
Call recording 251201_154056,Call recording 251201_154056.wav,61.608,61.642,0.034,SPEAKER_01,SPEAKER_01,,
Call recording 251201_154056,Call recording 251201_154056.wav,61.642,61.962,0.321,SPEAKER_00,SPEAKER_01,,
Call recording 251201_154056,Call recording 251201_154056.wav,62.452,62.468,0.017,SPEAKER_01,SPEAKER_01,,
Call recording 251201_154056,Call recording 251201_154056.wav,62.468,68.459,5.991,SPEAKER_00,SPEAKER_01,,
Call recording 251201_154056,Call recording 251201_154056.wav,68.797,74.399,5.603,SPEAKER_01,SPEAKER_01,,
Call recording 251201_154056,Call recording 251201_154056.wav,69.877,70.231,0.354,SPEAKER_00,SPEAKER_01,,
Call recording 251201_154056,Call recording 251201_154056.wav,72.475,72.779,0.304,SPEAKER_00,SPEAKER_01,,
Call recording 251201_154056,Call recording 251201_154056.wav,73.994,74.365,0.371,SPEAKER_00,SPEAKER_01,,
Call recording 251201_154056,Call recording 251201_154056.wav,74.973,74.99,0.017,SPEAKER_00,SPEAKER_01,,
Call recording 7251127_124019,Call recording 7251127_124019.wav,0.031,0.301,0.27,SPEAKER_02,SPEAKER_02,,
Call recording 7251127_124019,Call recording 7251127_124019.wav,0.908,1.617,0.709,SPEAKER_01,SPEAKER_02,,
Call recording 7251127_124019,Call recording 7251127_124019.wav,2.14,2.208,0.068,SPEAKER_02,SPEAKER_02,,
Call recording 7251127_124019,Call recording 7251127_124019.wav,2.157,2.765,0.607,SPEAKER_01,SPEAKER_02,,
Call recording 7251127_124019,Call recording 7251127_124019.wav,3.018,6.933,3.915,SPEAKER_01,SPEAKER_02,,
Call recording 7251127_124019,Call recording 7251127_124019.wav,7.49,8.755,1.266,SPEAKER_02,SPEAKER_02,,
Call recording 7251127_124019,Call recording 7251127_124019.wav,9.143,11.0,1.856,SPEAKER_02,SPEAKER_02,,
Call recording 7251127_124019,Call recording 7251127_124019.wav,11.422,12.653,1.232,SPEAKER_02,SPEAKER_02,,
Call recording 7251127_124019,Call recording 7251127_124019.wav,12.907,13.784,0.877,SPEAKER_02,SPEAKER_02,,
Call recording 7251127_124019,Call recording 7251127_124019.wav,14.071,15.37,1.299,SPEAKER_02,SPEAKER_02,,
Call recording 7251127_124019,Call recording 7251127_124019.wav,15.421,15.505,0.084,SPEAKER_00,SPEAKER_02,,
Call recording 7251127_124019,Call recording 7251127_124019.wav,15.505,17.345,1.839,SPEAKER_02,SPEAKER_02,,
Call recording 7251127_124019,Call recording 7251127_124019.wav,17.851,20.45,2.599,SPEAKER_00,SPEAKER_02,,
Call recording 7251127_124019,Call recording 7251127_124019.wav,19.201,20.247,1.046,SPEAKER_02,SPEAKER_02,,
Call recording 7251127_124019,Call recording 7251127_124019.wav,20.753,21.108,0.354,SPEAKER_02,SPEAKER_02,,
Call recording 7251127_124019,Call recording 7251127_124019.wav,20.922,22.357,1.434,SPEAKER_00,SPEAKER_02,,
Call recording 7251127_124019,Call recording 7251127_124019.wav,21.462,22.036,0.574,SPEAKER_02,SPEAKER_02,,
Call recording 7251127_124019,Call recording 7251127_124019.wav,22.492,23.335,0.844,SPEAKER_00,SPEAKER_02,,
Call recording 7251127_124019,Call recording 7251127_124019.wav,23.572,24.888,1.316,SPEAKER_00,SPEAKER_02,,
Call recording 7251127_124019,Call recording 7251127_124019.wav,25.647,25.968,0.321,SPEAKER_00,SPEAKER_02,,
Call recording 7251127_124019,Call recording 7251127_124019.wav,26.474,26.761,0.287,SPEAKER_00,SPEAKER_02,,
Call recording 7251127_124019,Call recording 7251127_124019.wav,26.963,27.149,0.186,SPEAKER_00,SPEAKER_02,,
Call recording 7251128_075207,Call recording 7251128_075207.wav,0.031,0.217,0.186,SPEAKER_00,SPEAKER_00,,
Call recording 7251128_075207,Call recording 7251128_075207.wav,0.031,2.613,2.582,SPEAKER_01,SPEAKER_00,,
Call recording 7251128_075207,Call recording 7251128_075207.wav,1.027,2.005,0.979,SPEAKER_00,SPEAKER_00,,
Call recording 7251128_075207,Call recording 7251128_075207.wav,2.798,13.227,10.429,SPEAKER_01,SPEAKER_00,,
Call recording 7251128_075207,Call recording 7251128_075207.wav,5.296,5.414,0.118,SPEAKER_00,SPEAKER_00,,
Call recording 7251128_075207,Call recording 7251128_075207.wav,13.514,14.088,0.574,SPEAKER_00,SPEAKER_00,,
Call recording 7251128_075207,Call recording 7251128_075207.wav,13.818,14.948,1.131,SPEAKER_01,SPEAKER_00,,
Call recording 7251128_075207,Call recording 7251128_075207.wav,15.505,17.682,2.177,SPEAKER_01,SPEAKER_00,,
Call recording 7251128_075207,Call recording 7251128_075207.wav,18.239,20.618,2.379,SPEAKER_01,SPEAKER_00,,
Call recording 7251128_075207,Call recording 7251128_075207.wav,20.635,21.985,1.35,SPEAKER_00,SPEAKER_00,,
Call recording 7251128_075207,Call recording 7251128_075207.wav,22.542,24.382,1.839,SPEAKER_01,SPEAKER_00,,
Call recording 7251128_075207,Call recording 7251128_075207.wav,25.175,25.968,0.793,SPEAKER_00,SPEAKER_00,,
Call recording 7251128_075207,Call recording 7251128_075207.wav,26.322,27.79,1.468,SPEAKER_01,SPEAKER_00,,
Call recording 7251128_075207,Call recording 7251128_075207.wav,28.077,28.094,0.017,SPEAKER_01,SPEAKER_00,,
Call recording 7251128_075207,Call recording 7251128_075207.wav,28.094,28.347,0.253,SPEAKER_00,SPEAKER_00,,
Call recording 7251128_075207,Call recording 7251128_075207.wav,29.039,30.507,1.468,SPEAKER_01,SPEAKER_00,,
Call recording 7251128_075207,Call recording 7251128_075207.wav,30.659,32.532,1.873,SPEAKER_01,SPEAKER_00,,
Call recording 7251128_075207,Call recording 7251128_075207.wav,32.701,35.907,3.206,SPEAKER_00,SPEAKER_00,,
Call recording 7251128_075207,Call recording 7251128_075207.wav,35.705,37.763,2.059,SPEAKER_01,SPEAKER_00,,
Call recording 7251128_075207,Call recording 7251128_075207.wav,37.814,39.164,1.35,SPEAKER_00,SPEAKER_00,,
Call recording 7251128_075207,Call recording 7251128_075207.wav,39.653,40.396,0.742,SPEAKER_01,SPEAKER_00,,
Call recording 7251128_075207,Call recording 7251128_075207.wav,40.447,41.02,0.574,SPEAKER_00,SPEAKER_00,,
Call recording 7251128_075207,Call recording 7251128_075207.wav,41.408,42.269,0.861,SPEAKER_01,SPEAKER_00,,
Call recording 7251128_075207,Call recording 7251128_075207.wav,42.438,43.197,0.759,SPEAKER_00,SPEAKER_00,,
Call recording 7251128_075207,Call recording 7251128_075207.wav,43.518,44.176,0.658,SPEAKER_01,SPEAKER_00,,
Call recording 7251128_075207,Call recording 7251128_075207.wav,44.48,47.635,3.156,SPEAKER_00,SPEAKER_00,,
Call recording 7251128_075207,Call recording 7251128_075207.wav,45.509,45.543,0.034,SPEAKER_01,SPEAKER_00,,
Call recording 7251128_075207,Call recording 7251128_075207.wav,47.804,53.272,5.468,SPEAKER_01,SPEAKER_00,,
Call recording 7251128_075207,Call recording 7251128_075207.wav,53.93,58.182,4.252,SPEAKER_00,SPEAKER_00,,
Call recording 7251128_075207,Call recording 7251128_075207.wav,58.469,63.11,4.641,SPEAKER_00,SPEAKER_00,,
Call recording 7251128_075207,Call recording 7251128_075207.wav,63.38,68.797,5.417,SPEAKER_00,SPEAKER_00,,
Call recording 7251128_075207,Call recording 7251128_075207.wav,63.413,63.802,0.388,SPEAKER_01,SPEAKER_00,,
Call recording 7251128_075207,Call recording 7251128_075207.wav,68.307,68.729,0.422,SPEAKER_01,SPEAKER_00,,
Call recording 7251128_075207,Call recording 7251128_075207.wav,68.999,73.876,4.877,SPEAKER_01,SPEAKER_00,,
Call recording 7251128_075207,Call recording 7251128_075207.wav,70.568,70.872,0.304,SPEAKER_00,SPEAKER_00,,
Call recording 7251128_075207,Call recording 7251128_075207.wav,73.876,74.635,0.759,SPEAKER_00,SPEAKER_00,,
Call recording 7251128_075207,Call recording 7251128_075207.wav,74.163,75.007,0.844,SPEAKER_01,SPEAKER_00,,
Call recording 7251128_075207,Call recording 7251128_075207.wav,75.007,75.26,0.253,SPEAKER_00,SPEAKER_00,,
Call recording 7251128_075207,Call recording 7251128_075207.wav,75.563,86.026,10.463,SPEAKER_00,SPEAKER_00,,
Call recording 7251128_075207,Call recording 7251128_075207.wav,86.043,92.708,6.666,SPEAKER_00,SPEAKER_00,,
Call recording 7251128_075207,Call recording 7251128_075207.wav,92.945,96.91,3.966,SPEAKER_01,SPEAKER_00,,
Call recording 7251128_075207,Call recording 7251128_075207.wav,94.565,95.172,0.607,SPEAKER_00,SPEAKER_00,,
Call recording 7251128_075207,Call recording 7251128_075207.wav,95.948,98.615,2.666,SPEAKER_00,SPEAKER_00,,
Call recording 7251128_075207,Call recording 7251128_075207.wav,99.239,101.838,2.599,SPEAKER_01,SPEAKER_00,,
Call recording 7251128_075207,Call recording 7251128_075207.wav,101.838,103.812,1.974,SPEAKER_00,SPEAKER_00,,
Call recording 7251128_075207,Call recording 7251128_075207.wav,104.116,105.753,1.637,SPEAKER_01,SPEAKER_00,,
Call recording 7251128_075207,Call recording 7251128_075207.wav,105.668,106.175,0.506,SPEAKER_00,SPEAKER_00,,
Call recording 7251128_075207,Call recording 7251128_075207.wav,105.82,108.503,2.683,SPEAKER_01,SPEAKER_00,,
Call recording 7251128_075207,Call recording 7251128_075207.wav,108.503,112.672,4.168,SPEAKER_00,SPEAKER_00,,
Call recording 7251128_075207,Call recording 7251128_075207.wav,113.06,114.697,1.637,SPEAKER_01,SPEAKER_00,,
Call recording 7251128_075207,Call recording 7251128_075207.wav,114.207,114.629,0.422,SPEAKER_00,SPEAKER_00,,
Call recording 7251128_075207,Call recording 7251128_075207.wav,115.912,117.093,1.181,SPEAKER_01,SPEAKER_00,,
Call recording 7251128_090539,Call recording 7251128_090539.wav,0.672,1.837,1.164,SPEAKER_00,SPEAKER_01,,
Call recording 7251128_090539,Call recording 7251128_090539.wav,1.921,2.377,0.456,SPEAKER_01,SPEAKER_01,,
Call recording 7251128_090539,Call recording 7251128_090539.wav,2.782,4.402,1.62,SPEAKER_00,SPEAKER_01,,
Call recording 7251128_090539,Call recording 7251128_090539.wav,4.402,4.807,0.405,SPEAKER_01,SPEAKER_01,,
Call recording 7251128_090539,Call recording 7251128_090539.wav,5.228,6.19,0.962,SPEAKER_00,SPEAKER_01,,
Call recording 7251128_090539,Call recording 7251128_090539.wav,6.19,6.68,0.489,SPEAKER_01,SPEAKER_01,,
Call recording 7251128_090539,Call recording 7251128_090539.wav,7.253,12.113,4.86,SPEAKER_00,SPEAKER_01,,
Call recording 7251128_090539,Call recording 7251128_090539.wav,12.586,14.695,2.109,SPEAKER_00,SPEAKER_01,,
Call recording 7251128_090539,Call recording 7251128_090539.wav,14.864,14.881,0.017,SPEAKER_00,SPEAKER_01,,
Call recording 7251128_090539,Call recording 7251128_090539.wav,14.881,15.387,0.506,SPEAKER_01,SPEAKER_01,,
Call recording 7251128_090539,Call recording 7251128_090539.wav,14.999,18.745,3.746,SPEAKER_00,SPEAKER_01,,
Call recording 7251128_090539,Call recording 7251128_090539.wav,18.745,23.032,4.286,SPEAKER_01,SPEAKER_01,,
Call recording 7251128_090539,Call recording 7251128_090539.wav,24.078,29.613,5.535,SPEAKER_01,SPEAKER_01,,
Call recording 7251128_090539,Call recording 7251128_090539.wav,29.815,34.591,4.776,SPEAKER_01,SPEAKER_01,,
Call recording 7251128_090539,Call recording 7251128_090539.wav,35.603,41.408,5.805,SPEAKER_01,SPEAKER_01,,
Call recording 7251128_090539,Call recording 7251128_090539.wav,42.978,43.315,0.337,SPEAKER_01,SPEAKER_01,,
Call recording 7251128_090539,Call recording 7251128_090539.wav,43.72,44.311,0.591,SPEAKER_01,SPEAKER_01,,
Call recording 7251128_090539,Call recording 7251128_090539.wav,44.699,49.863,5.164,SPEAKER_01,SPEAKER_01,,
Call recording 7251128_090539,Call recording 7251128_090539.wav,51.247,53.103,1.856,SPEAKER_01,SPEAKER_01,,
Call recording 7251128_090539,Call recording 7251128_090539.wav,54.419,55.364,0.945,SPEAKER_00,SPEAKER_01,,
Call recording 7251128_162532,Call recording 7251128_162532.wav,0.031,0.807,0.776,SPEAKER_00,SPEAKER_01,,
Call recording 7251128_162532,Call recording 7251128_162532.wav,2.427,2.815,0.388,SPEAKER_01,SPEAKER_01,,
Call recording 7251128_162532,Call recording 7251128_162532.wav,3.271,3.49,0.219,SPEAKER_00,SPEAKER_01,,
Call recording 7251128_162532,Call recording 7251128_162532.wav,3.76,4.115,0.354,SPEAKER_01,SPEAKER_01,,
Call recording 7251128_162532,Call recording 7251128_162532.wav,4.958,6.713,1.755,SPEAKER_00,SPEAKER_01,,
Call recording 7251128_162532,Call recording 7251128_162532.wav,6.713,7.068,0.354,SPEAKER_01,SPEAKER_01,,
Call recording 7251128_162532,Call recording 7251128_162532.wav,7.253,8.114,0.861,SPEAKER_01,SPEAKER_01,,
Call recording 7251128_162532,Call recording 7251128_162532.wav,8.84,9.498,0.658,SPEAKER_00,SPEAKER_01,,
Call recording 7251128_162532,Call recording 7251128_162532.wav,9.869,12.94,3.071,SPEAKER_00,SPEAKER_01,,
Call recording 7251128_162532,Call recording 7251128_162532.wav,12.417,19.825,7.408,SPEAKER_01,SPEAKER_01,,
Call recording 7251128_162532,Call recording 7251128_162532.wav,20.467,24.618,4.151,SPEAKER_00,SPEAKER_01,,
Call recording 7251128_162532,Call recording 7251128_162532.wav,20.905,21.496,0.591,SPEAKER_01,SPEAKER_01,,
Call recording 7251128_162532,Call recording 7251128_162532.wav,24.517,25.968,1.451,SPEAKER_01,SPEAKER_01,,
Call recording 7251128_162532,Call recording 7251128_162532.wav,26.204,27.301,1.097,SPEAKER_01,SPEAKER_01,,
Call recording 7251128_162532,Call recording 7251128_162532.wav,26.693,27.368,0.675,SPEAKER_00,SPEAKER_01,,
Call recording 7251128_162532,Call recording 7251128_162532.wav,28.162,31.84,3.679,SPEAKER_00,SPEAKER_01,,
Call recording 7251128_162532,Call recording 7251128_162532.wav,28.178,28.448,0.27,SPEAKER_01,SPEAKER_01,,
Call recording 7251128_162532,Call recording 7251128_162532.wav,30.338,37.055,6.716,SPEAKER_01,SPEAKER_01,,
Call recording 7251128_162532,Call recording 7251128_162532.wav,37.696,39.586,1.89,SPEAKER_00,SPEAKER_01,,
Call recording 7251128_162532,Call recording 7251128_162532.wav,38.236,38.725,0.489,SPEAKER_01,SPEAKER_01,,
Call recording 7251128_162532,Call recording 7251128_162532.wav,39.08,39.434,0.354,SPEAKER_01,SPEAKER_01,,
Call recording 7251128_172437,Call recording 7251128_172437.wav,0.031,1.955,1.924,SPEAKER_01,SPEAKER_00,,
Call recording 7251128_172437,Call recording 7251128_172437.wav,2.275,9.093,6.817,SPEAKER_00,SPEAKER_00,,
Call recording 7251128_172437,Call recording 7251128_172437.wav,9.717,13.48,3.763,SPEAKER_01,SPEAKER_00,,
Call recording 7251128_172437,Call recording 7251128_172437.wav,13.902,14.375,0.473,SPEAKER_00,SPEAKER_00,,
Call recording 7251128_172437,Call recording 7251128_172437.wav,14.594,15.809,1.215,SPEAKER_00,SPEAKER_00,,
Call recording 7251128_172437,Call recording 7251128_172437.wav,15.353,15.927,0.574,SPEAKER_01,SPEAKER_00,,
Call recording 7251128_172437,Call recording 7251128_172437.wav,16.265,16.484,0.219,SPEAKER_00,SPEAKER_00,,
Call recording 7251128_172437,Call recording 7251128_172437.wav,16.855,22.357,5.501,SPEAKER_01,SPEAKER_00,,
Call recording 7251128_172437,Call recording 7251128_172437.wav,22.778,26.373,3.594,SPEAKER_00,SPEAKER_00,,
Call recording 7251128_172437,Call recording 7251128_172437.wav,27.402,32.954,5.552,SPEAKER_01,SPEAKER_00,,
Call recording 7251128_172437,Call recording 7251128_172437.wav,32.903,38.371,5.468,SPEAKER_00,SPEAKER_00,,
Call recording 7251128_172437,Call recording 7251128_172437.wav,38.59,39.704,1.114,SPEAKER_00,SPEAKER_00,,
Call recording 7251128_172437,Call recording 7251128_172437.wav,41.257,42.218,0.962,SPEAKER_01,SPEAKER_00,,
Call recording 7251128_172437,Call recording 7251128_172437.wav,41.948,42.269,0.321,SPEAKER_00,SPEAKER_00,,
Call recording 7251128_172437,Call recording 7251128_172437.wav,42.59,46.032,3.443,SPEAKER_00,SPEAKER_00,,
Call recording 7251128_172437,Call recording 7251128_172437.wav,46.218,50.639,4.421,SPEAKER_00,SPEAKER_00,,
Call recording 7251128_172437,Call recording 7251128_172437.wav,51.533,52.85,1.316,SPEAKER_01,SPEAKER_00,,
Call recording 7251128_172437,Call recording 7251128_172437.wav,52.968,53.288,0.321,SPEAKER_00,SPEAKER_00,,
Call recording 7251128_172437,Call recording 7251128_172437.wav,53.66,55.398,1.738,SPEAKER_00,SPEAKER_00,,
Call recording 7251128_172437,Call recording 7251128_172437.wav,57.085,59.347,2.261,SPEAKER_00,SPEAKER_00,,
Call recording 7251128_172437,Call recording 7251128_172437.wav,60.815,61.22,0.405,SPEAKER_01,SPEAKER_00,,
Call recording 7251128_172437,Call recording 7251128_172437.wav,61.642,62.384,0.742,SPEAKER_00,SPEAKER_00,,
Call recording 7251128_172437,Call recording 7251128_172437.wav,63.582,64.477,0.894,SPEAKER_01,SPEAKER_00,,
Call recording 7251128_172437,Call recording 7251128_172437.wav,64.477,64.831,0.354,SPEAKER_00,SPEAKER_00,,
Call recording 7251128_172437,Call recording 7251128_172437.wav,67.632,70.771,3.139,SPEAKER_00,SPEAKER_00,,
Call recording 7251128_172437,Call recording 7251128_172437.wav,72.053,72.357,0.304,SPEAKER_01,SPEAKER_00,,
Call recording 7251128_172437,Call recording 7251128_172437.wav,72.357,72.374,0.017,SPEAKER_00,SPEAKER_00,,
Call recording 7251128_172437,Call recording 7251128_172437.wav,72.458,73.387,0.928,SPEAKER_00,SPEAKER_00,,
Call recording 7251128_172437,Call recording 7251128_172437.wav,75.023,75.766,0.742,SPEAKER_01,SPEAKER_00,,
Call recording 7251128_172437,Call recording 7251128_172437.wav,76.643,77.96,1.316,SPEAKER_01,SPEAKER_00,,
Call recording 7_251128_061849,Call recording 7_251128_061849.wav,0.031,1.87,1.839,SPEAKER_01,SPEAKER_01,,
Call recording 7_251128_061849,Call recording 7_251128_061849.wav,2.68,6.157,3.476,SPEAKER_01,SPEAKER_01,,
Call recording 7_251128_061849,Call recording 7_251128_061849.wav,3.389,3.49,0.101,SPEAKER_00,SPEAKER_01,,
Call recording 7_251128_061849,Call recording 7_251128_061849.wav,5.583,5.735,0.152,SPEAKER_00,SPEAKER_01,,
Call recording 7_251128_061849,Call recording 7_251128_061849.wav,6.308,8.873,2.565,SPEAKER_01,SPEAKER_01,,
Call recording 7_251128_061849,Call recording 7_251128_061849.wav,6.73,6.848,0.118,SPEAKER_00,SPEAKER_01,,
Call recording 7_251128_061849,Call recording 7_251128_061849.wav,9.228,10.898,1.671,SPEAKER_01,SPEAKER_01,,
Call recording 7_251128_061849,Call recording 7_251128_061849.wav,11.05,15.269,4.219,SPEAKER_01,SPEAKER_01,,
Call recording 7_251128_061849,Call recording 7_251128_061849.wav,12.873,13.092,0.219,SPEAKER_00,SPEAKER_01,,
Call recording 7_251128_061849,Call recording 7_251128_061849.wav,15.809,19.184,3.375,SPEAKER_01,SPEAKER_01,,
Call recording 7_251128_061849,Call recording 7_251128_061849.wav,19.336,20.129,0.793,SPEAKER_01,SPEAKER_01,,
Call recording 7_251128_061849,Call recording 7_251128_061849.wav,20.551,22.289,1.738,SPEAKER_00,SPEAKER_01,,
Call recording 7_251128_061849,Call recording 7_251128_061849.wav,22.036,22.272,0.236,SPEAKER_01,SPEAKER_01,,
Call recording 7_251128_061849,Call recording 7_251128_061849.wav,22.289,22.34,0.051,SPEAKER_01,SPEAKER_01,,
Call recording 7_251128_061849,Call recording 7_251128_061849.wav,22.863,22.88,0.017,SPEAKER_00,SPEAKER_01,,
Call recording 7_251128_061849,Call recording 7_251128_061849.wav,22.88,23.032,0.152,SPEAKER_01,SPEAKER_01,,
Call recording 7_251128_061849,Call recording 7_251128_061849.wav,23.032,23.977,0.945,SPEAKER_00,SPEAKER_01,,
Call recording 7_251128_061849,Call recording 7_251128_061849.wav,23.133,23.183,0.051,SPEAKER_01,SPEAKER_01,,
Call recording 7_251128_061849,Call recording 7_251128_061849.wav,24.668,29.663,4.995,SPEAKER_00,SPEAKER_01,,
Call recording 7_251128_061849,Call recording 7_251128_061849.wav,29.697,31.975,2.278,SPEAKER_00,SPEAKER_01,,
Call recording 7_251128_061849,Call recording 7_251128_061849.wav,32.566,32.65,0.084,SPEAKER_01,SPEAKER_01,,
Call recording 7_251128_061849,Call recording 7_251128_061849.wav,32.65,35.485,2.835,SPEAKER_00,SPEAKER_01,,
Call recording 7_251128_061849,Call recording 7_251128_061849.wav,32.718,33.393,0.675,SPEAKER_01,SPEAKER_01,,
Call recording 7_251128_061849,Call recording 7_251128_061849.wav,36.008,39.721,3.713,SPEAKER_00,SPEAKER_01,,
Call recording 7_251128_061849,Call recording 7_251128_061849.wav,38.472,39.198,0.726,SPEAKER_01,SPEAKER_01,,
Call recording 7_251128_061849,Call recording 7_251128_061849.wav,40.092,40.953,0.861,SPEAKER_00,SPEAKER_01,,
Call recording 7_251128_061849,Call recording 7_251128_061849.wav,42.185,42.978,0.793,SPEAKER_00,SPEAKER_01,,
Call recording 7_251128_061849,Call recording 7_251128_061849.wav,42.978,43.045,0.067,SPEAKER_01,SPEAKER_01,,
Call recording 7_251128_061849,Call recording 7_251128_061849.wav,43.484,43.923,0.439,SPEAKER_01,SPEAKER_01,,
Call recording 7_251128_061849,Call recording 7_251128_061849.wav,43.923,47.618,3.696,SPEAKER_00,SPEAKER_01,,
Call recording 7_251128_061849,Call recording 7_251128_061849.wav,48.007,50.082,2.076,SPEAKER_01,SPEAKER_01,,
Call recording 7_251128_061849,Call recording 7_251128_061849.wav,50.268,52.765,2.497,SPEAKER_00,SPEAKER_01,,
Call recording 7_251128_061849,Call recording 7_251128_061849.wav,50.673,55.364,4.691,SPEAKER_01,SPEAKER_01,,
Call recording 7_251128_061849,Call recording 7_251128_061849.wav,56.275,57.895,1.62,SPEAKER_01,SPEAKER_01,,
Call recording 7_251128_061849,Call recording 7_251128_061849.wav,56.815,59.937,3.122,SPEAKER_00,SPEAKER_01,,
Call recording 7_251128_061849,Call recording 7_251128_061849.wav,60.477,62.367,1.89,SPEAKER_00,SPEAKER_01,,
Call recording 7_251128_061849,Call recording 7_251128_061849.wav,62.57,63.953,1.384,SPEAKER_00,SPEAKER_01,,
Call recording 7_251128_061849,Call recording 7_251128_061849.wav,62.84,63.852,1.013,SPEAKER_01,SPEAKER_01,,
Call recording 7_251128_061849,Call recording 7_251128_061849.wav,64.24,65.86,1.62,SPEAKER_01,SPEAKER_01,,
Call recording 7_251128_061849,Call recording 7_251128_061849.wav,65.86,65.877,0.017,SPEAKER_00,SPEAKER_01,,
Call recording 7_251128_061849,Call recording 7_251128_061849.wav,65.877,65.894,0.017,SPEAKER_01,SPEAKER_01,,
Call recording 7_251128_061849,Call recording 7_251128_061849.wav,66.502,67.16,0.658,SPEAKER_00,SPEAKER_01,,
Call recording 7_251128_061849,Call recording 7_251128_061849.wav,67.43,73.775,6.345,SPEAKER_00,SPEAKER_01,,
Call recording 7_251128_061849,Call recording 7_251128_061849.wav,71.412,71.648,0.236,SPEAKER_01,SPEAKER_01,,
Call recording 7_251128_061849,Call recording 7_251128_061849.wav,72.509,75.26,2.751,SPEAKER_01,SPEAKER_01,,
Call recording 7_251128_061849,Call recording 7_251128_061849.wav,76.508,77.487,0.979,SPEAKER_00,SPEAKER_01,,
Call recording 7_251128_061849,Call recording 7_251128_061849.wav,77.521,77.572,0.051,SPEAKER_00,SPEAKER_01,,
Call recording 7_251128_061849,Call recording 7_251128_061849.wav,77.572,77.791,0.219,SPEAKER_01,SPEAKER_01,,
Call recording 7_251128_061849,Call recording 7_251128_061849.wav,77.791,78.128,0.338,SPEAKER_00,SPEAKER_01,,
Call recording 7_251128_061849,Call recording 7_251128_061849.wav,78.128,82.634,4.506,SPEAKER_01,SPEAKER_01,,
Call recording 7_251128_061849,Call recording 7_251128_061849.wav,79.951,80.778,0.827,SPEAKER_00,SPEAKER_01,,
Call recording 7_251128_061849,Call recording 7_251128_061849.wav,82.634,82.786,0.152,SPEAKER_00,SPEAKER_01,,
Call recording 7_251128_061849,Call recording 7_251128_061849.wav,82.786,83.309,0.523,SPEAKER_01,SPEAKER_01,,
Call recording 7_251128_061849,Call recording 7_251128_061849.wav,82.921,83.242,0.321,SPEAKER_00,SPEAKER_01,,
Call recording 7_251128_061849,Call recording 7_251128_061849.wav,83.309,83.579,0.27,SPEAKER_00,SPEAKER_01,,
Call recording 7_251128_061849,Call recording 7_251128_061849.wav,83.579,91.088,7.509,SPEAKER_01,SPEAKER_01,,
Call recording 7_251128_061849,Call recording 7_251128_061849.wav,83.613,83.815,0.203,SPEAKER_00,SPEAKER_01,,
Call recording 7_251128_061849,Call recording 7_251128_061849.wav,85.857,86.617,0.759,SPEAKER_00,SPEAKER_01,,
Call recording 7_251128_061849,Call recording 7_251128_061849.wav,87.528,87.967,0.439,SPEAKER_00,SPEAKER_01,,
Call recording 7_251128_061849,Call recording 7_251128_061849.wav,91.088,91.763,0.675,SPEAKER_00,SPEAKER_01,,
Call recording 7_251128_061849,Call recording 7_251128_061849.wav,92.067,92.759,0.692,SPEAKER_00,SPEAKER_01,,
Call recording 7_251128_061849,Call recording 7_251128_061849.wav,92.135,92.725,0.591,SPEAKER_01,SPEAKER_01,,
Call recording 7_251128_061849,Call recording 7_251128_061849.wav,93.164,97.822,4.657,SPEAKER_00,SPEAKER_01,,
Call recording 7_251128_061849,Call recording 7_251128_061849.wav,95.122,95.83,0.709,SPEAKER_01,SPEAKER_01,,
Call recording 7_251128_061849,Call recording 7_251128_061849.wav,98.142,100.724,2.582,SPEAKER_01,SPEAKER_01,,
Call recording 7_251128_061849,Call recording 7_251128_061849.wav,100.724,100.994,0.27,SPEAKER_00,SPEAKER_01,,
Call recording 7_251128_061849,Call recording 7_251128_061849.wav,100.994,101.028,0.034,SPEAKER_01,SPEAKER_01,,
Call recording 7_251128_061849,Call recording 7_251128_061849.wav,101.028,101.129,0.101,SPEAKER_00,SPEAKER_01,,
Call recording 7_251128_061849,Call recording 7_251128_061849.wav,101.129,103.205,2.076,SPEAKER_01,SPEAKER_01,,
Call recording 7_251128_061849,Call recording 7_251128_061849.wav,101.99,102.125,0.135,SPEAKER_00,SPEAKER_01,,
Call recording 7_251128_061849,Call recording 7_251128_061849.wav,103.357,104.065,0.709,SPEAKER_00,SPEAKER_01,,
Call recording 7_251128_061849,Call recording 7_251128_061849.wav,104.335,106.208,1.873,SPEAKER_01,SPEAKER_01,,
Call recording 7_251128_061849,Call recording 7_251128_061849.wav,106.208,107.626,1.418,SPEAKER_00,SPEAKER_01,,
Call recording 7_251128_061849,Call recording 7_251128_061849.wav,106.377,108.065,1.688,SPEAKER_01,SPEAKER_01,,
Call recording 7_251128_061849,Call recording 7_251128_061849.wav,108.065,108.554,0.489,SPEAKER_00,SPEAKER_01,,
Call recording 7_251128_061849,Call recording 7_251128_061849.wav,108.082,108.52,0.439,SPEAKER_01,SPEAKER_01,,
Call recording 7_251128_061849,Call recording 7_251128_061849.wav,108.554,110.967,2.413,SPEAKER_01,SPEAKER_01,,
Call recording 7_251128_092626,Call recording 7_251128_092626.wav,0.031,3.035,3.004,SPEAKER_00,SPEAKER_00,,
Call recording 7_251128_092626,Call recording 7_251128_092626.wav,3.052,11.86,8.809,SPEAKER_00,SPEAKER_00,,
Call recording 7_251128_092626,Call recording 7_251128_092626.wav,4.84,5.245,0.405,SPEAKER_01,SPEAKER_00,,
Call recording 7_251128_092626,Call recording 7_251128_092626.wav,11.911,11.978,0.067,SPEAKER_00,SPEAKER_00,,
Call recording 7_251128_092626,Call recording 7_251128_092626.wav,11.978,12.367,0.388,SPEAKER_02,SPEAKER_00,,
Call recording 7_251128_092626,Call recording 7_251128_092626.wav,12.367,12.468,0.101,SPEAKER_00,SPEAKER_00,,
Call recording 7_251128_092626,Call recording 7_251128_092626.wav,12.468,12.485,0.017,SPEAKER_02,SPEAKER_00,,
Call recording 7_251128_092626,Call recording 7_251128_092626.wav,12.485,12.535,0.051,SPEAKER_00,SPEAKER_00,,
Call recording 7_251128_092626,Call recording 7_251128_092626.wav,12.603,16.012,3.409,SPEAKER_00,SPEAKER_00,,
Call recording 7_251128_092626,Call recording 7_251128_092626.wav,16.012,16.231,0.219,SPEAKER_02,SPEAKER_00,,
Call recording 7_251128_092626,Call recording 7_251128_092626.wav,16.535,19.724,3.189,SPEAKER_02,SPEAKER_00,,
Call recording 7_251128_092626,Call recording 7_251128_092626.wav,16.906,16.973,0.068,SPEAKER_00,SPEAKER_00,,
Call recording 7_251128_092626,Call recording 7_251128_092626.wav,19.758,23.538,3.78,SPEAKER_00,SPEAKER_00,,
Call recording 7_251128_092626,Call recording 7_251128_092626.wav,22.88,25.563,2.683,SPEAKER_02,SPEAKER_00,,
Call recording 7_251128_092626,Call recording 7_251128_092626.wav,25.968,30.659,4.691,SPEAKER_02,SPEAKER_00,,
Call recording 7_251128_092626,Call recording 7_251128_092626.wav,31.081,32.262,1.181,SPEAKER_02,SPEAKER_00,,
Call recording 7_251128_092626,Call recording 7_251128_092626.wav,32.397,33.376,0.979,SPEAKER_01,SPEAKER_00,,
Call recording 7_251128_092626,Call recording 7_251128_092626.wav,34.726,35.401,0.675,SPEAKER_01,SPEAKER_00,,
Call recording 7_251128_092626,Call recording 7_251128_092626.wav,35.772,37.038,1.266,SPEAKER_01,SPEAKER_00,,
Call recording 7_251128_092626,Call recording 7_251128_092626.wav,37.358,38.725,1.367,SPEAKER_01,SPEAKER_00,,
Call recording 7_251128_092626,Call recording 7_251128_092626.wav,39.603,42.877,3.274,SPEAKER_01,SPEAKER_00,,
Call recording 7_251128_092626,Call recording 7_251128_092626.wav,44.125,46.167,2.042,SPEAKER_01,SPEAKER_00,,
Call recording 7_251128_092626,Call recording 7_251128_092626.wav,46.167,46.184,0.017,SPEAKER_02,SPEAKER_00,,
Call recording 7_251128_092626,Call recording 7_251128_092626.wav,46.842,46.859,0.017,SPEAKER_01,SPEAKER_00,,
Call recording 7_251128_092626,Call recording 7_251128_092626.wav,46.859,46.91,0.051,SPEAKER_00,SPEAKER_00,,
Call recording 7_251128_092626,Call recording 7_251128_092626.wav,46.91,46.977,0.068,SPEAKER_01,SPEAKER_00,,
Call recording 7_251128_092626,Call recording 7_251128_092626.wav,46.977,47.365,0.388,SPEAKER_00,SPEAKER_00,,
Call recording 7_251128_092626,Call recording 7_251128_092626.wav,47.365,47.855,0.489,SPEAKER_01,SPEAKER_00,,
Call recording 7_251128_092626,Call recording 7_251128_092626.wav,47.99,53.44,5.451,SPEAKER_00,SPEAKER_00,,
Call recording 7_251128_130139,Call recording 7_251128_130139.wav,0.031,5.853,5.822,SPEAKER_00,SPEAKER_00,,
Call recording 7_251128_130139,Call recording 7_251128_130139.wav,0.065,0.453,0.388,SPEAKER_01,SPEAKER_00,,
Call recording 7_251128_130139,Call recording 7_251128_130139.wav,0.841,1.297,0.456,SPEAKER_01,SPEAKER_00,,
Call recording 7_251128_130139,Call recording 7_251128_130139.wav,6.123,9.785,3.662,SPEAKER_00,SPEAKER_00,,
Call recording 7_251128_130139,Call recording 7_251128_130139.wav,7.034,7.692,0.658,SPEAKER_01,SPEAKER_00,,
Call recording 7_251128_130139,Call recording 7_251128_130139.wav,10.24,11.337,1.097,SPEAKER_00,SPEAKER_00,,
Call recording 7_251128_130139,Call recording 7_251128_130139.wav,11.354,18.121,6.767,SPEAKER_00,SPEAKER_00,,
Call recording 7_251128_130139,Call recording 7_251128_130139.wav,11.388,11.405,0.017,SPEAKER_02,SPEAKER_00,,
Call recording 7_251128_130139,Call recording 7_251128_130139.wav,11.641,12.08,0.439,SPEAKER_02,SPEAKER_00,,
Call recording 7_251128_130139,Call recording 7_251128_130139.wav,18.188,23.251,5.062,SPEAKER_02,SPEAKER_00,,
Call recording 7_251128_130139,Call recording 7_251128_130139.wav,23.47,29.056,5.586,SPEAKER_00,SPEAKER_00,,
Call recording 7_251128_130139,Call recording 7_251128_130139.wav,24.179,24.533,0.354,SPEAKER_02,SPEAKER_00,,
Call recording 7_251128_130139,Call recording 7_251128_130139.wav,24.533,24.55,0.017,SPEAKER_01,SPEAKER_00,,
Call recording 7_251128_130139,Call recording 7_251128_130139.wav,29.157,31.621,2.464,SPEAKER_01,SPEAKER_00,,
Call recording 7_251128_130139,Call recording 7_251128_130139.wav,31.925,34.22,2.295,SPEAKER_00,SPEAKER_00,,
Call recording 7_251128_130139,Call recording 7_251128_130139.wav,32.853,33.477,0.624,SPEAKER_01,SPEAKER_00,,
Call recording 7_251128_160819,Call recording 7_251128_160819.wav,1.178,1.567,0.388,SPEAKER_00,SPEAKER_00,,
Call recording 7_251128_160819,Call recording 7_251128_160819.wav,2.174,2.663,0.489,SPEAKER_01,SPEAKER_00,,
Call recording 7_251128_160819,Call recording 7_251128_160819.wav,2.866,3.659,0.793,SPEAKER_00,SPEAKER_00,,
Call recording 7_251128_160819,Call recording 7_251128_160819.wav,3.76,6.798,3.038,SPEAKER_01,SPEAKER_00,,
Call recording 7_251128_160819,Call recording 7_251128_160819.wav,6.798,7.338,0.54,SPEAKER_00,SPEAKER_00,,
Call recording 7_251128_160819,Call recording 7_251128_160819.wav,7.912,13.075,5.164,SPEAKER_01,SPEAKER_00,,
Call recording 7_251128_160819,Call recording 7_251128_160819.wav,11.253,11.641,0.388,SPEAKER_00,SPEAKER_00,,
Call recording 7_251128_160819,Call recording 7_251128_160819.wav,13.396,20.737,7.341,SPEAKER_00,SPEAKER_00,,
Call recording 7_251128_160819,Call recording 7_251128_160819.wav,20.298,31.553,11.256,SPEAKER_01,SPEAKER_00,,
Call recording 7_251128_160819,Call recording 7_251128_160819.wav,31.688,32.279,0.591,SPEAKER_00,SPEAKER_00,,
Call recording 7_251128_160819,Call recording 7_251128_160819.wav,32.06,37.308,5.248,SPEAKER_01,SPEAKER_00,,
Call recording 7_251128_160819,Call recording 7_251128_160819.wav,34.76,34.827,0.067,SPEAKER_00,SPEAKER_00,,
Call recording 7_251128_160819,Call recording 7_251128_160819.wav,34.844,34.895,0.051,SPEAKER_00,SPEAKER_00,,
Call recording 7_251128_160819,Call recording 7_251128_160819.wav,35.806,36.38,0.574,SPEAKER_00,SPEAKER_00,,
Call recording 7_251128_160819,Call recording 7_251128_160819.wav,37.308,38.438,1.131,SPEAKER_00,SPEAKER_00,,
Call recording 7_251128_160819,Call recording 7_251128_160819.wav,38.017,41.847,3.831,SPEAKER_01,SPEAKER_00,,
Call recording 7_251128_160819,Call recording 7_251128_160819.wav,42.016,49.778,7.763,SPEAKER_00,SPEAKER_00,,
Call recording 7_251128_160819,Call recording 7_251128_160819.wav,51.382,55.195,3.814,SPEAKER_01,SPEAKER_00,,
Call recording 7_251128_160819,Call recording 7_251128_160819.wav,54.672,54.892,0.219,SPEAKER_00,SPEAKER_00,,
Call recording 7_251128_160819,Call recording 7_251128_160819.wav,55.313,62.958,7.644,SPEAKER_01,SPEAKER_00,,
Call recording 7_251128_160819,Call recording 7_251128_160819.wav,60.899,61.253,0.354,SPEAKER_00,SPEAKER_00,,
Call recording 7_251128_160819,Call recording 7_251128_160819.wav,62.705,62.873,0.169,SPEAKER_00,SPEAKER_00,,
Call recording 7_251128_160819,Call recording 7_251128_160819.wav,62.958,63.008,0.051,SPEAKER_00,SPEAKER_00,,
Call recording 7_251128_160819,Call recording 7_251128_160819.wav,63.194,71.007,7.813,SPEAKER_00,SPEAKER_00,,
Call recording 7_251128_160819,Call recording 7_251128_160819.wav,71.227,75.631,4.404,SPEAKER_00,SPEAKER_00,,
Call recording 7_251128_160819,Call recording 7_251128_160819.wav,75.833,79.259,3.426,SPEAKER_00,SPEAKER_00,,
Call recording 7_251128_160819,Call recording 7_251128_160819.wav,79.394,85.418,6.024,SPEAKER_00,SPEAKER_00,,
Call recording 7_251128_160819,Call recording 7_251128_160819.wav,85.739,91.139,5.4,SPEAKER_00,SPEAKER_00,,
Call recording 7_251128_160819,Call recording 7_251128_160819.wav,90.43,97.45,7.02,SPEAKER_01,SPEAKER_00,,
Call recording 7_251128_160819,Call recording 7_251128_160819.wav,93.552,93.974,0.422,SPEAKER_00,SPEAKER_00,,
Call recording 7_251128_160819,Call recording 7_251128_160819.wav,94.328,94.7,0.371,SPEAKER_00,SPEAKER_00,,
Call recording 7_251128_160819,Call recording 7_251128_160819.wav,96.1,99.34,3.24,SPEAKER_00,SPEAKER_00,,
Call recording 7_251128_160819,Call recording 7_251128_160819.wav,98.682,99.492,0.81,SPEAKER_01,SPEAKER_00,,
Call recording 7_251128_160819,Call recording 7_251128_160819.wav,99.408,108.605,9.197,SPEAKER_00,SPEAKER_00,,
Call recording 7_251128_160819,Call recording 7_251128_160819.wav,111.035,111.845,0.81,SPEAKER_00,SPEAKER_00,,
Call recording 7_251128_160819,Call recording 7_251128_160819.wav,111.372,119.708,8.336,SPEAKER_01,SPEAKER_00,,
Call recording 7_251128_160819,Call recording 7_251128_160819.wav,118.173,118.848,0.675,SPEAKER_00,SPEAKER_00,,
Call recording 7_251128_160819,Call recording 7_251128_160819.wav,119.877,124.99,5.113,SPEAKER_00,SPEAKER_00,,
Call recording 7_251128_160819,Call recording 7_251128_160819.wav,126.914,127.268,0.354,SPEAKER_00,SPEAKER_00,,
Call recording 7_251128_160819,Call recording 7_251128_160819.wav,127.268,128.686,1.417,SPEAKER_01,SPEAKER_00,,
Call recording 7_251128_160819,Call recording 7_251128_160819.wav,128.737,128.821,0.084,SPEAKER_01,SPEAKER_00,,
Call recording 7_251128_160819,Call recording 7_251128_160819.wav,128.821,129.428,0.607,SPEAKER_00,SPEAKER_00,,
Call recording 7_251128_160819,Call recording 7_251128_160819.wav,128.838,130.627,1.789,SPEAKER_01,SPEAKER_00,,
Call recording 7_251128_160819,Call recording 7_251128_160819.wav,130.694,132.263,1.569,SPEAKER_01,SPEAKER_00,,
Call recording 7_251128_160819,Call recording 7_251128_160819.wav,130.846,131.352,0.506,SPEAKER_00,SPEAKER_00,,
Call recording 7_251128_160819,Call recording 7_251128_160819.wav,132.263,132.82,0.557,SPEAKER_00,SPEAKER_00,,
Call recording 7_251128_160819,Call recording 7_251128_160819.wav,132.483,132.938,0.456,SPEAKER_01,SPEAKER_00,,
Call recording 7_251128_160819,Call recording 7_251128_160819.wav,133.698,135.031,1.333,SPEAKER_01,SPEAKER_00,,
Call recording 7_251128_160819,Call recording 7_251128_160819.wav,135.368,145.105,9.737,SPEAKER_00,SPEAKER_00,,
Call recording 7_251128_160819,Call recording 7_251128_160819.wav,145.578,155.551,9.973,SPEAKER_00,SPEAKER_00,,
Call recording 7_251128_160819,Call recording 7_251128_160819.wav,156.715,157.643,0.928,SPEAKER_01,SPEAKER_00,,
Call recording 7_251128_160819,Call recording 7_251128_160819.wav,157.643,158.065,0.422,SPEAKER_00,SPEAKER_00,,
Call recording 7_251128_160819,Call recording 7_251128_160819.wav,159.365,159.736,0.371,SPEAKER_01,SPEAKER_00,,
Call recording 7_251128_220436,Call recording 7_251128_220436.wav,0.031,0.503,0.473,SPEAKER_01,SPEAKER_00,,
Call recording 7_251128_220436,Call recording 7_251128_220436.wav,0.757,2.714,1.958,SPEAKER_00,SPEAKER_00,,
Call recording 7_251128_220436,Call recording 7_251128_220436.wav,3.271,3.811,0.54,SPEAKER_01,SPEAKER_00,,
Call recording 7_251128_220436,Call recording 7_251128_220436.wav,4.115,5.735,1.62,SPEAKER_00,SPEAKER_00,,
Call recording 7_251128_220436,Call recording 7_251128_220436.wav,6.443,8.114,1.671,SPEAKER_01,SPEAKER_00,,
Call recording 7_251128_220436,Call recording 7_251128_220436.wav,8.435,9.835,1.401,SPEAKER_01,SPEAKER_00,,
Call recording 7_251128_220436,Call recording 7_251128_220436.wav,10.223,13.126,2.902,SPEAKER_00,SPEAKER_00,,
Call recording 7_251128_220436,Call recording 7_251128_220436.wav,13.565,14.932,1.367,SPEAKER_00,SPEAKER_00,,
Call recording 7_251128_220436,Call recording 7_251128_220436.wav,13.852,14.155,0.304,SPEAKER_01,SPEAKER_00,,
Call recording 7_251128_220436,Call recording 7_251128_220436.wav,15.893,16.248,0.354,SPEAKER_00,SPEAKER_00,,
Call recording 7_251128_220436,Call recording 7_251128_220436.wav,16.366,16.4,0.034,SPEAKER_00,SPEAKER_00,,
Call recording 7_251128_220436,Call recording 7_251128_220436.wav,16.4,16.535,0.135,SPEAKER_01,SPEAKER_00,,
Call recording 7_251128_220436,Call recording 7_251128_220436.wav,16.838,17.564,0.726,SPEAKER_01,SPEAKER_00,,
Call recording 7_251128_220436,Call recording 7_251128_220436.wav,16.889,21.901,5.012,SPEAKER_00,SPEAKER_00,,
Call recording 7_251128_220436,Call recording 7_251128_220436.wav,22.087,30.372,8.286,SPEAKER_00,SPEAKER_00,,
Call recording 7_251128_220436,Call recording 7_251128_220436.wav,30.507,33.342,2.835,SPEAKER_00,SPEAKER_00,,
Call recording 7_251128_220436,Call recording 7_251128_220436.wav,31.216,31.621,0.405,SPEAKER_01,SPEAKER_00,,
Call recording 7_251128_220436,Call recording 7_251128_220436.wav,34.591,35.536,0.945,SPEAKER_01,SPEAKER_00,,
Call recording 7_251128_220436,Call recording 7_251128_220436.wav,34.945,37.139,2.194,SPEAKER_00,SPEAKER_00,,
Call recording 7_251128_220436,Call recording 7_251128_220436.wav,37.949,39.805,1.856,SPEAKER_01,SPEAKER_00,,
Call recording 7_251128_220436,Call recording 7_251128_220436.wav,40.193,42.505,2.312,SPEAKER_00,SPEAKER_00,,
Call recording 7_251128_220436,Call recording 7_251128_220436.wav,40.514,41.071,0.557,SPEAKER_01,SPEAKER_00,,
Call recording 7_251128_220436,Call recording 7_251128_220436.wav,43.99,44.969,0.979,SPEAKER_01,SPEAKER_00,,
Call recording 7_251128_220436,Call recording 7_251128_220436.wav,46.403,46.775,0.371,SPEAKER_01,SPEAKER_00,,
Call recording 7_251128_220436,Call recording 7_251128_220436.wav,50.352,50.74,0.388,SPEAKER_00,SPEAKER_00,,
Call recording 7_251128_220436,Call recording 7_251128_220436.wav,51.095,52.462,1.367,SPEAKER_01,SPEAKER_00,,
Call recording 7_251128_220436,Call recording 7_251128_220436.wav,52.799,53.693,0.894,SPEAKER_00,SPEAKER_00,,
Call recording 7_251128_220436,Call recording 7_251128_220436.wav,54.402,55.212,0.81,SPEAKER_01,SPEAKER_00,,
Call recording 7_251128_220436,Call recording 7_251128_220436.wav,55.313,56.258,0.945,SPEAKER_00,SPEAKER_00,,
Call recording 7_251128_220436,Call recording 7_251128_220436.wav,56.967,58.098,1.131,SPEAKER_01,SPEAKER_00,,
Call recording 7_251128_220436,Call recording 7_251128_220436.wav,58.03,58.503,0.473,SPEAKER_00,SPEAKER_00,,
Call recording 7_251128_220436,Call recording 7_251128_220436.wav,59.718,60.258,0.54,SPEAKER_01,SPEAKER_00,,
Call recording 7_251128_220436,Call recording 7_251128_220436.wav,60.393,61.017,0.624,SPEAKER_00,SPEAKER_00,,
Call recording 7_251128_220436,Call recording 7_251128_220436.wav,61.625,62.08,0.456,SPEAKER_01,SPEAKER_00,,
Call recording 7_251128_220436,Call recording 7_251128_220436.wav,62.215,62.688,0.473,SPEAKER_00,SPEAKER_00,,
Call recording 7_251128_220436,Call recording 7_251128_220436.wav,62.958,63.177,0.219,SPEAKER_01,SPEAKER_00,,
Call recording 7_251128_220436,Call recording 7_251128_220436.wav,63.835,66.08,2.244,SPEAKER_01,SPEAKER_00,,
Call recording 7_251128_220436,Call recording 7_251128_220436.wav,65.725,67.447,1.721,SPEAKER_00,SPEAKER_00,,
Call recording 7_251128_220436,Call recording 7_251128_220436.wav,67.615,70.67,3.054,SPEAKER_00,SPEAKER_00,,
Call recording 7_251128_220436,Call recording 7_251128_220436.wav,70.906,74.483,3.578,SPEAKER_00,SPEAKER_00,,
Call recording 7_251128_220436,Call recording 7_251128_220436.wav,75.563,76.137,0.574,SPEAKER_01,SPEAKER_00,,
Call recording 7_251128_220436,Call recording 7_251128_220436.wav,76.137,79.58,3.442,SPEAKER_00,SPEAKER_00,,
Call recording 7_251128_220436,Call recording 7_251128_220436.wav,76.492,77.099,0.608,SPEAKER_01,SPEAKER_00,,
Call recording 7_251128_220436,Call recording 7_251128_220436.wav,80.288,81.622,1.333,SPEAKER_01,SPEAKER_00,,
Call recording 7_251128_220436,Call recording 7_251128_220436.wav,81.183,81.554,0.371,SPEAKER_00,SPEAKER_00,,
Call recording 7_251128_220436,Call recording 7_251128_220436.wav,81.773,83.056,1.282,SPEAKER_01,SPEAKER_00,,
Call recording 7_251128_220436,Call recording 7_251128_220436.wav,83.444,83.917,0.472,SPEAKER_01,SPEAKER_00,,
Call recording 7_251128_220436,Call recording 7_251128_220436.wav,83.95,83.967,0.017,SPEAKER_01,SPEAKER_00,,
Call recording 7_251130_150333,Call recording 7_251130_150333.wav,0.031,0.554,0.523,SPEAKER_00,SPEAKER_01,,
Call recording 7_251130_150333,Call recording 7_251130_150333.wav,1.043,6.427,5.383,SPEAKER_00,SPEAKER_01,,
Call recording 7_251130_150333,Call recording 7_251130_150333.wav,5.026,5.482,0.456,SPEAKER_01,SPEAKER_01,,
Call recording 7_251130_150333,Call recording 7_251130_150333.wav,6.798,7.27,0.473,SPEAKER_00,SPEAKER_01,,
Call recording 7_251130_150333,Call recording 7_251130_150333.wav,7.642,12.147,4.506,SPEAKER_00,SPEAKER_01,,
Call recording 7_251130_150333,Call recording 7_251130_150333.wav,12.603,13.632,1.029,SPEAKER_00,SPEAKER_01,,
Call recording 7_251130_150333,Call recording 7_251130_150333.wav,14.257,15.758,1.502,SPEAKER_01,SPEAKER_01,,
Call recording 7_251130_150333,Call recording 7_251130_150333.wav,15.758,15.775,0.017,SPEAKER_00,SPEAKER_01,,
Call recording 7_251130_150333,Call recording 7_251130_150333.wav,15.792,16.72,0.928,SPEAKER_00,SPEAKER_01,,
Call recording 7_251130_150333,Call recording 7_251130_150333.wav,16.906,20.517,3.611,SPEAKER_01,SPEAKER_01,,
Call recording 7_251130_150333,Call recording 7_251130_150333.wav,20.213,20.483,0.27,SPEAKER_00,SPEAKER_01,,
Call recording 7_251130_150333,Call recording 7_251130_150333.wav,20.517,20.551,0.034,SPEAKER_00,SPEAKER_01,,
Call recording 7_251130_150333,Call recording 7_251130_150333.wav,20.686,22.373,1.688,SPEAKER_00,SPEAKER_01,,
Call recording 7_251130_150333,Call recording 7_251130_150333.wav,22.88,25.259,2.379,SPEAKER_01,SPEAKER_01,,
Call recording 7_251130_150333,Call recording 7_251130_150333.wav,25.546,27.672,2.126,SPEAKER_00,SPEAKER_01,,
Call recording 7_251130_150333,Call recording 7_251130_150333.wav,27.757,27.79,0.034,SPEAKER_00,SPEAKER_01,,
Call recording 7_251130_150333,Call recording 7_251130_150333.wav,27.79,29.225,1.434,SPEAKER_01,SPEAKER_01,,
Call recording 7_251130_150333,Call recording 7_251130_150333.wav,31.182,33.393,2.211,SPEAKER_01,SPEAKER_01,,
Call recording 7_251130_150333,Call recording 7_251130_150333.wav,33.663,34.085,0.422,SPEAKER_01,SPEAKER_01,,
Call recording 7_251130_150333,Call recording 7_251130_150333.wav,34.22,34.675,0.456,SPEAKER_01,SPEAKER_01,,
Call recording 7_251130_150333,Call recording 7_251130_150333.wav,34.996,36.11,1.114,SPEAKER_01,SPEAKER_01,,
Call recording 7_251130_150333,Call recording 7_251130_150333.wav,36.245,36.397,0.152,SPEAKER_01,SPEAKER_01,,
Call recording 7_251130_150333,Call recording 7_251130_150333.wav,36.751,44.243,7.493,SPEAKER_01,SPEAKER_01,,
Call recording 7_251130_150333,Call recording 7_251130_150333.wav,39.94,40.447,0.506,SPEAKER_00,SPEAKER_01,,
Call recording 7_251130_150333,Call recording 7_251130_150333.wav,42.286,42.775,0.489,SPEAKER_00,SPEAKER_01,,
Call recording 7_251130_150333,Call recording 7_251130_150333.wav,44.513,45.273,0.759,SPEAKER_01,SPEAKER_01,,
Call recording 7_251130_150333,Call recording 7_251130_150333.wav,45.475,51.196,5.721,SPEAKER_01,SPEAKER_01,,
Call recording 7_251130_150333,Call recording 7_251130_150333.wav,47.5,48.142,0.641,SPEAKER_00,SPEAKER_01,,
Call recording 7_251130_150333,Call recording 7_251130_150333.wav,48.158,48.226,0.067,SPEAKER_00,SPEAKER_01,,
Call recording 7_251130_150333,Call recording 7_251130_150333.wav,48.766,48.968,0.202,SPEAKER_00,SPEAKER_01,,
Call recording 7_251130_150333,Call recording 7_251130_150333.wav,49.795,50.487,0.692,SPEAKER_00,SPEAKER_01,,
Call recording 7_251130_150333,Call recording 7_251130_150333.wav,52.006,52.141,0.135,SPEAKER_01,SPEAKER_01,,
Call recording _251128_000158,Call recording _251128_000158.wav,1.364,1.837,0.472,SPEAKER_00,SPEAKER_00,,
Call recording _251128_000158,Call recording _251128_000158.wav,1.837,2.343,0.506,SPEAKER_01,SPEAKER_00,,
Call recording _251128_000158,Call recording _251128_000158.wav,2.68,4.452,1.772,SPEAKER_00,SPEAKER_00,,
Call recording _251128_000158,Call recording _251128_000158.wav,4.452,4.79,0.338,SPEAKER_01,SPEAKER_00,,
Call recording _251128_000158,Call recording _251128_000158.wav,4.722,8.215,3.493,SPEAKER_00,SPEAKER_00,,
Call recording _251128_000158,Call recording _251128_000158.wav,8.215,8.806,0.591,SPEAKER_01,SPEAKER_00,,
Call recording _251128_000158,Call recording _251128_000158.wav,9.042,14.628,5.586,SPEAKER_00,SPEAKER_00,,
Call recording _251128_000158,Call recording _251128_000158.wav,14.628,14.965,0.338,SPEAKER_01,SPEAKER_00,,
Call recording _251128_000158,Call recording _251128_000158.wav,15.32,18.29,2.97,SPEAKER_00,SPEAKER_00,,
Call recording _251128_000158,Call recording _251128_000158.wav,18.56,18.998,0.439,SPEAKER_01,SPEAKER_00,,
Call recording _251128_000158,Call recording _251128_000158.wav,19.285,20.045,0.759,SPEAKER_01,SPEAKER_00,,
Call recording _251128_000158,Call recording _251128_000158.wav,19.37,20.618,1.249,SPEAKER_00,SPEAKER_00,,
Call recording _251128_000158,Call recording _251128_000158.wav,20.838,27.284,6.446,SPEAKER_01,SPEAKER_00,,
Call recording _251128_000158,Call recording _251128_000158.wav,27.436,33.022,5.586,SPEAKER_00,SPEAKER_00,,
Call recording _251128_000158,Call recording _251128_000158.wav,34.979,36.734,1.755,SPEAKER_01,SPEAKER_00,,
Call recording _251128_000158,Call recording _251128_000158.wav,35.249,35.873,0.624,SPEAKER_00,SPEAKER_00,,
Call recording _251128_000158,Call recording _251128_000158.wav,36.481,37.493,1.013,SPEAKER_00,SPEAKER_00,,
Call recording _251128_000158,Call recording _251128_000158.wav,38.843,39.164,0.321,SPEAKER_01,SPEAKER_00,,
Call recording _251128_000158,Call recording _251128_000158.wav,39.215,39.232,0.017,SPEAKER_01,SPEAKER_00,,
Call recording _251128_000158,Call recording _251128_000158.wav,39.232,39.333,0.101,SPEAKER_00,SPEAKER_00,,
Call recording _251128_000158,Call recording _251128_000158.wav,39.434,43.703,4.269,SPEAKER_00,SPEAKER_00,,
Call recording _251128_000158,Call recording _251128_000158.wav,43.805,44.767,0.962,SPEAKER_01,SPEAKER_00,,
Call recording _251128_000158,Call recording _251128_000158.wav,44.8,49.88,5.079,SPEAKER_01,SPEAKER_00,,
Call recording _251128_000158,Call recording _251128_000158.wav,50.183,52.917,2.734,SPEAKER_00,SPEAKER_00,,
Call recording _251128_000158,Call recording _251128_000158.wav,53.423,55.145,1.721,SPEAKER_01,SPEAKER_00,,
Call recording _251128_000158,Call recording _251128_000158.wav,55.6,57.44,1.839,SPEAKER_00,SPEAKER_00,,
Call recording _251128_000158,Call recording _251128_000158.wav,58.064,59.093,1.029,SPEAKER_01,SPEAKER_00,,
Call recording _251128_000158,Call recording _251128_000158.wav,59.549,60.815,1.266,SPEAKER_00,SPEAKER_00,,
Call recording _251128_000158,Call recording _251128_000158.wav,60.967,62.857,1.89,SPEAKER_00,SPEAKER_00,,
Call recording _251128_000158,Call recording _251128_000158.wav,63.616,64.19,0.574,SPEAKER_01,SPEAKER_00,,
Call recording _251128_000158,Call recording _251128_000158.wav,64.578,65.405,0.827,SPEAKER_01,SPEAKER_00,,
Call recording _251128_000158,Call recording _251128_000158.wav,65.405,67.835,2.43,SPEAKER_00,SPEAKER_00,,
Call recording _251128_000158,Call recording _251128_000158.wav,66.029,67.632,1.603,SPEAKER_01,SPEAKER_00,,
Call recording _251128_000158,Call recording _251128_000158.wav,67.97,70.94,2.97,SPEAKER_01,SPEAKER_00,,
Call recording _251128_000158,Call recording _251128_000158.wav,70.94,71.024,0.084,SPEAKER_00,SPEAKER_00,,
Call recording _251128_000158,Call recording _251128_000158.wav,71.024,74.534,3.51,SPEAKER_01,SPEAKER_00,,
Call recording _251128_000158,Call recording _251128_000158.wav,72.847,73.015,0.169,SPEAKER_00,SPEAKER_00,,
Call recording _251128_000158,Call recording _251128_000158.wav,74.5,75.344,0.844,SPEAKER_00,SPEAKER_00,,
Call recording _251128_000158,Call recording _251128_000158.wav,74.568,74.585,0.017,SPEAKER_01,SPEAKER_00,,
Call recording _251128_000158,Call recording _251128_000158.wav,74.602,74.686,0.084,SPEAKER_01,SPEAKER_00,,
Call recording _251128_000158,Call recording _251128_000158.wav,75.142,75.26,0.118,SPEAKER_01,SPEAKER_00,,
Call recording _251128_000158,Call recording _251128_000158.wav,75.344,75.361,0.017,SPEAKER_01,SPEAKER_00,,
Call recording _251128_000158,Call recording _251128_000158.wav,75.361,75.395,0.034,SPEAKER_00,SPEAKER_00,,
Call recording _251128_000158,Call recording _251128_000158.wav,75.395,75.412,0.017,SPEAKER_01,SPEAKER_00,,
Call recording _251128_000158,Call recording _251128_000158.wav,75.428,77.335,1.907,SPEAKER_01,SPEAKER_00,,
Call recording _251128_000158,Call recording _251128_000158.wav,77.335,77.47,0.135,SPEAKER_00,SPEAKER_00,,
Call recording _251128_000158,Call recording _251128_000158.wav,77.47,77.487,0.017,SPEAKER_01,SPEAKER_00,,
Call recording _251128_000158,Call recording _251128_000158.wav,77.487,77.521,0.034,SPEAKER_00,SPEAKER_00,,
Call recording _251128_000158,Call recording _251128_000158.wav,77.993,79.681,1.688,SPEAKER_00,SPEAKER_00,,
Call recording _251128_000158,Call recording _251128_000158.wav,78.095,79.023,0.928,SPEAKER_01,SPEAKER_00,,
Call recording _251128_000158,Call recording _251128_000158.wav,80.693,83.917,3.223,SPEAKER_01,SPEAKER_00,,
Call recording _251128_000158,Call recording _251128_000158.wav,81.689,81.892,0.203,SPEAKER_00,SPEAKER_00,,
Call recording _251128_000158,Call recording _251128_000158.wav,84.085,87.055,2.97,SPEAKER_00,SPEAKER_00,,
Call recording _251128_000158,Call recording _251128_000158.wav,87.528,89.975,2.447,SPEAKER_01,SPEAKER_00,,
Call recording _251128_000158,Call recording _251128_000158.wav,92.236,93.755,1.519,SPEAKER_00,SPEAKER_00,,
Call recording _251128_000158,Call recording _251128_000158.wav,93.755,95.864,2.109,SPEAKER_01,SPEAKER_00,,
Call recording _251128_000158,Call recording _251128_000158.wav,95.459,95.712,0.253,SPEAKER_00,SPEAKER_00,,
Call recording _251128_045727,Call recording _251128_045727.wav,0.098,2.157,2.059,SPEAKER_01,SPEAKER_01,,
Call recording _251128_045727,Call recording _251128_045727.wav,0.706,1.06,0.354,SPEAKER_02,SPEAKER_01,,
Call recording _251128_045727,Call recording _251128_045727.wav,1.178,1.313,0.135,SPEAKER_02,SPEAKER_01,,
Call recording _251128_045727,Call recording _251128_045727.wav,1.718,2.039,0.321,SPEAKER_02,SPEAKER_01,,
Call recording _251128_045727,Call recording _251128_045727.wav,2.157,3.878,1.721,SPEAKER_02,SPEAKER_01,,
Call recording _251128_045727,Call recording _251128_045727.wav,4.064,8.114,4.05,SPEAKER_01,SPEAKER_01,,
Call recording _251128_045727,Call recording _251128_045727.wav,6.089,8.063,1.974,SPEAKER_02,SPEAKER_01,,
Call recording _251128_045727,Call recording _251128_045727.wav,8.114,8.333,0.219,SPEAKER_02,SPEAKER_01,,
Call recording _251128_045727,Call recording _251128_045727.wav,8.333,19.201,10.867,SPEAKER_01,SPEAKER_01,,
Call recording _251128_045727,Call recording _251128_045727.wav,8.367,8.435,0.068,SPEAKER_02,SPEAKER_01,,
Call recording _251128_045727,Call recording _251128_045727.wav,19.437,21.665,2.228,SPEAKER_00,SPEAKER_01,,
Call recording _251128_045727,Call recording _251128_045727.wav,22.34,26.255,3.915,SPEAKER_01,SPEAKER_01,,
Call recording _251128_045727,Call recording _251128_045727.wav,24.196,33.224,9.028,SPEAKER_00,SPEAKER_01,,
Call recording _251128_045727,Call recording _251128_045727.wav,34.49,40.565,6.075,SPEAKER_00,SPEAKER_01,,
Call recording _251128_045727,Call recording _251128_045727.wav,40.852,45.458,4.607,SPEAKER_00,SPEAKER_01,,
Call recording _251128_045727,Call recording _251128_045727.wav,45.847,47.602,1.755,SPEAKER_00,SPEAKER_01,,
Call recording _251128_045727,Call recording _251128_045727.wav,47.77,58.452,10.682,SPEAKER_00,SPEAKER_01,,
Call recording _251128_045727,Call recording _251128_045727.wav,49.053,49.306,0.253,SPEAKER_02,SPEAKER_01,,
Call recording _251128_045727,Call recording _251128_045727.wav,52.445,52.968,0.523,SPEAKER_01,SPEAKER_01,,
Call recording _251128_045727,Call recording _251128_045727.wav,57.912,59.347,1.434,SPEAKER_01,SPEAKER_01,,
Call recording _251128_045727,Call recording _251128_045727.wav,59.397,65.827,6.429,SPEAKER_01,SPEAKER_01,,
Call recording _251128_045727,Call recording _251128_045727.wav,65.928,70.889,4.961,SPEAKER_00,SPEAKER_01,,
Call recording _251128_045727,Call recording _251128_045727.wav,65.978,67.953,1.974,SPEAKER_01,SPEAKER_01,,
Call recording _251128_045727,Call recording _251128_045727.wav,71.176,71.395,0.219,SPEAKER_01,SPEAKER_01,,
Call recording _251128_045727,Call recording _251128_045727.wav,71.733,81.368,9.636,SPEAKER_01,SPEAKER_01,,
Call recording _251128_045727,Call recording _251128_045727.wav,80.592,81.25,0.658,SPEAKER_00,SPEAKER_01,,
Call recording _251128_045727,Call recording _251128_045727.wav,81.47,84.642,3.173,SPEAKER_00,SPEAKER_01,,
Call recording _251128_045727,Call recording _251128_045727.wav,82.432,86.701,4.269,SPEAKER_01,SPEAKER_01,,
Call recording _251128_045727,Call recording _251128_045727.wav,85.469,95.982,10.513,SPEAKER_00,SPEAKER_01,,
Call recording _251128_045727,Call recording _251128_045727.wav,88.591,88.861,0.27,SPEAKER_01,SPEAKER_01,,
Call recording _251128_045727,Call recording _251128_045727.wav,91.055,91.595,0.54,SPEAKER_01,SPEAKER_01,,
Call recording _251128_045727,Call recording _251128_045727.wav,96.775,98.193,1.418,SPEAKER_00,SPEAKER_01,,
Call recording _251128_045727,Call recording _251128_045727.wav,97.484,99.104,1.62,SPEAKER_01,SPEAKER_01,,
Call recording _251128_045727,Call recording _251128_045727.wav,99.273,105.905,6.632,SPEAKER_01,SPEAKER_01,,
Call recording _251128_045727,Call recording _251128_045727.wav,105.905,106.951,1.046,SPEAKER_00,SPEAKER_01,,
Call recording _251128_045727,Call recording _251128_045727.wav,106.242,117.43,11.188,SPEAKER_01,SPEAKER_01,,
Call recording _251128_045727,Call recording _251128_045727.wav,108.655,109.027,0.371,SPEAKER_00,SPEAKER_01,,
Call recording _251128_045727,Call recording _251128_045727.wav,117.582,119.81,2.227,SPEAKER_01,SPEAKER_01,,
Call recording _251128_045727,Call recording _251128_045727.wav,118.932,119.168,0.236,SPEAKER_00,SPEAKER_01,,
Call recording _251128_045727,Call recording _251128_045727.wav,119.81,120.097,0.287,SPEAKER_00,SPEAKER_01,,
Call recording _251128_045727,Call recording _251128_045727.wav,120.468,124.636,4.168,SPEAKER_00,SPEAKER_01,,
Call recording _251128_045727,Call recording _251128_045727.wav,121.497,121.548,0.051,SPEAKER_01,SPEAKER_01,,
Call recording _251128_045727,Call recording _251128_045727.wav,126.07,127.167,1.097,SPEAKER_01,SPEAKER_01,,
Call recording _251128_045727,Call recording _251128_045727.wav,127.252,127.572,0.321,SPEAKER_00,SPEAKER_01,,
Call recording _251128_045727,Call recording _251128_045727.wav,127.572,127.589,0.017,SPEAKER_01,SPEAKER_01,,
Call recording _251128_045727,Call recording _251128_045727.wav,127.758,128.534,0.776,SPEAKER_01,SPEAKER_01,,
Call recording _251128_045727,Call recording _251128_045727.wav,129.175,130.475,1.299,SPEAKER_01,SPEAKER_01,,
Call recording _251128_045727,Call recording _251128_045727.wav,130.778,131.251,0.472,SPEAKER_01,SPEAKER_01,,
Call recording _251128_045727,Call recording _251128_045727.wav,133.968,134.035,0.067,SPEAKER_01,SPEAKER_01,,
Call recording _251128_045727,Call recording _251128_045727.wav,136.398,137.343,0.945,SPEAKER_02,SPEAKER_01,,
Call recording _251128_045727,Call recording _251128_045727.wav,140.735,143.333,2.599,SPEAKER_01,SPEAKER_01,,
Call recording _251128_045727,Call recording _251128_045727.wav,142.945,145.898,2.953,SPEAKER_00,SPEAKER_01,,
Call recording _251128_045727,Call recording _251128_045727.wav,144.768,147.502,2.734,SPEAKER_01,SPEAKER_01,,
Call recording _251128_045727,Call recording _251128_045727.wav,147.603,148.278,0.675,SPEAKER_01,SPEAKER_01,,
Call recording _251128_045727,Call recording _251128_045727.wav,162.082,162.318,0.236,SPEAKER_00,SPEAKER_01,,
Call recording _251128_045727,Call recording _251128_045727.wav,162.976,163.28,0.304,SPEAKER_02,SPEAKER_01,,
Call recording _251128_045727,Call recording _251128_045727.wav,163.28,163.6,0.321,SPEAKER_00,SPEAKER_01,,
Call recording _251128_045727,Call recording _251128_045727.wav,163.6,163.617,0.017,SPEAKER_02,SPEAKER_01,,
Call recording _251128_045727,Call recording _251128_045727.wav,163.617,163.634,0.017,SPEAKER_00,SPEAKER_01,,
Call recording _251128_045727,Call recording _251128_045727.wav,163.972,167.482,3.51,SPEAKER_02,SPEAKER_01,,
Call recording _251128_045727,Call recording _251128_045727.wav,168.207,168.967,0.759,SPEAKER_00,SPEAKER_01,,
Call recording _251128_045727,Call recording _251128_045727.wav,169.203,171.346,2.143,SPEAKER_02,SPEAKER_01,,
Call recording _251128_045727,Call recording _251128_045727.wav,172.358,173.354,0.996,SPEAKER_00,SPEAKER_01,,
Call recording _251128_045727,Call recording _251128_045727.wav,174.299,174.316,0.017,SPEAKER_02,SPEAKER_01,,
Call recording _251128_045727,Call recording _251128_045727.wav,174.316,175.042,0.726,SPEAKER_00,SPEAKER_01,,
Call recording _251128_045727,Call recording _251128_045727.wav,175.514,179.969,4.455,SPEAKER_00,SPEAKER_01,,
Call recording _251128_045727,Call recording _251128_045727.wav,179.395,179.935,0.54,SPEAKER_02,SPEAKER_01,,
Call recording _251128_045727,Call recording _251128_045727.wav,179.969,181.859,1.89,SPEAKER_02,SPEAKER_01,,
Call recording _251128_045727,Call recording _251128_045727.wav,182.737,182.821,0.084,SPEAKER_02,SPEAKER_01,,
Call recording _251128_045727,Call recording _251128_045727.wav,183.192,185.032,1.839,SPEAKER_02,SPEAKER_01,,
Call recording _251128_045727,Call recording _251128_045727.wav,185.116,185.15,0.034,SPEAKER_02,SPEAKER_01,,
Call recording _251128_045727,Call recording _251128_045727.wav,185.538,188.086,2.548,SPEAKER_02,SPEAKER_01,,
Call recording _251128_045727,Call recording _251128_045727.wav,188.93,189.082,0.152,SPEAKER_02,SPEAKER_01,,
Call recording _251128_045727,Call recording _251128_045727.wav,189.098,189.183,0.084,SPEAKER_02,SPEAKER_01,,
Call recording _251128_045727,Call recording _251128_045727.wav,189.588,190.398,0.81,SPEAKER_02,SPEAKER_01,,
Call recording _251128_045727,Call recording _251128_045727.wav,190.972,191.14,0.169,SPEAKER_02,SPEAKER_01,,
Call recording _251128_045727,Call recording _251128_045727.wav,193.013,194.735,1.721,SPEAKER_02,SPEAKER_01,,
Call recording _251128_045727,Call recording _251128_045727.wav,194.819,195.173,0.354,SPEAKER_02,SPEAKER_01,,
Call recording _251128_045727,Call recording _251128_045727.wav,195.173,195.241,0.067,SPEAKER_00,SPEAKER_01,,
Call recording _251128_045727,Call recording _251128_045727.wav,195.241,198.228,2.987,SPEAKER_02,SPEAKER_01,,
Call recording _251128_045727,Call recording _251128_045727.wav,198.667,199.848,1.181,SPEAKER_02,SPEAKER_01,,
Call recording _251128_045727,Call recording _251128_045727.wav,199.848,200.928,1.08,SPEAKER_00,SPEAKER_01,,
Call recording _251128_045727,Call recording _251128_045727.wav,200.928,201.282,0.354,SPEAKER_02,SPEAKER_01,,
Call recording _251128_045727,Call recording _251128_045727.wav,201.856,203.29,1.434,SPEAKER_00,SPEAKER_01,,
Call recording _251128_045727,Call recording _251128_045727.wav,203.003,203.054,0.051,SPEAKER_02,SPEAKER_01,,
Call recording _251128_045727,Call recording _251128_045727.wav,203.054,204.961,1.907,SPEAKER_01,SPEAKER_01,,
Call recording _251128_045727,Call recording _251128_045727.wav,204.961,205.45,0.489,SPEAKER_00,SPEAKER_01,,
Call recording _251128_045727,Call recording _251128_045727.wav,204.978,205.349,0.371,SPEAKER_01,SPEAKER_01,,
Call recording _251128_045727,Call recording _251128_045727.wav,206.648,209.804,3.156,SPEAKER_01,SPEAKER_01,,
Call recording _251128_045727,Call recording _251128_045727.wav,207.914,208.724,0.81,SPEAKER_00,SPEAKER_01,,
Call recording _251128_045727,Call recording _251128_045727.wav,210.58,212.74,2.16,SPEAKER_00,SPEAKER_01,,
Call recording _251128_045727,Call recording _251128_045727.wav,210.766,211.745,0.979,SPEAKER_01,SPEAKER_01,,
Call recording _251128_045727,Call recording _251128_045727.wav,214.073,215.305,1.232,SPEAKER_01,SPEAKER_01,,
Call recording _251128_045727,Call recording _251128_045727.wav,215.828,216.942,1.114,SPEAKER_00,SPEAKER_01,,
Call recording _251128_045727,Call recording _251128_045727.wav,218.258,219.558,1.299,SPEAKER_01,SPEAKER_01,,
Call recording _251128_045727,Call recording _251128_045727.wav,220.098,221.6,1.502,SPEAKER_00,SPEAKER_01,,
Call recording _251128_045727,Call recording _251128_045727.wav,222.815,223.709,0.894,SPEAKER_00,SPEAKER_01,,
Call recording _251128_045727,Call recording _251128_045727.wav,222.832,227.59,4.759,SPEAKER_01,SPEAKER_01,,
Call recording _251128_045727,Call recording _251128_045727.wav,227.962,229.953,1.991,SPEAKER_00,SPEAKER_01,,
Call recording _251128_045727,Call recording _251128_045727.wav,230.493,230.797,0.304,SPEAKER_00,SPEAKER_01,,
Call recording _251128_045727,Call recording _251128_045727.wav,231.404,231.421,0.017,SPEAKER_00,SPEAKER_01,,
Call recording _251128_045727,Call recording _251128_045727.wav,231.421,233.8,2.379,SPEAKER_01,SPEAKER_01,,
Call recording _251128_045727,Call recording _251128_045727.wav,234.34,234.847,0.506,SPEAKER_01,SPEAKER_01,,
Call recording _251128_045727,Call recording _251128_045727.wav,235.066,235.252,0.186,SPEAKER_01,SPEAKER_01,,
Call recording _251128_045727,Call recording _251128_045727.wav,235.893,236.838,0.945,SPEAKER_00,SPEAKER_01,,
Call recording _251128_045727,Call recording _251128_045727.wav,238.188,239.048,0.861,SPEAKER_01,SPEAKER_01,,
Call recording _251128_045727,Call recording _251128_045727.wav,239.437,243.065,3.628,SPEAKER_00,SPEAKER_01,,
Call recording _251128_045727,Call recording _251128_045727.wav,240.01,240.601,0.591,SPEAKER_01,SPEAKER_01,,
Call recording _251128_045727,Call recording _251128_045727.wav,241.58,242.744,1.164,SPEAKER_01,SPEAKER_01,,
Call recording _251128_045727,Call recording _251128_045727.wav,243.807,245.073,1.266,SPEAKER_01,SPEAKER_01,,
Call recording _251128_045727,Call recording _251128_045727.wav,246.001,246.203,0.202,SPEAKER_02,SPEAKER_01,,
Call recording _251128_055921,Call recording _251128_055921.wav,0.031,0.74,0.709,SPEAKER_00,SPEAKER_01,,
Call recording _251128_055921,Call recording _251128_055921.wav,0.031,12.923,12.893,SPEAKER_01,SPEAKER_01,,
Call recording _251128_055921,Call recording _251128_055921.wav,2.613,3.187,0.574,SPEAKER_00,SPEAKER_01,,
Call recording _251128_055921,Call recording _251128_055921.wav,6.022,6.038,0.017,SPEAKER_00,SPEAKER_01,,
Call recording _251128_055921,Call recording _251128_055921.wav,6.055,6.106,0.051,SPEAKER_00,SPEAKER_01,,
Call recording _251128_055921,Call recording _251128_055921.wav,6.241,6.494,0.253,SPEAKER_00,SPEAKER_01,,
Call recording _251128_055921,Call recording _251128_055921.wav,13.058,18.458,5.4,SPEAKER_01,SPEAKER_01,,
Call recording _251128_055921,Call recording _251128_055921.wav,13.092,13.987,0.894,SPEAKER_00,SPEAKER_01,,
Call recording _251128_055921,Call recording _251128_055921.wav,18.914,20.467,1.553,SPEAKER_01,SPEAKER_01,,
Call recording _251128_055921,Call recording _251128_055921.wav,19.842,20.483,0.641,SPEAKER_00,SPEAKER_01,,
Call recording _251128_055921,Call recording _251128_055921.wav,20.517,20.585,0.067,SPEAKER_00,SPEAKER_01,,
Call recording _251128_055921,Call recording _251128_055921.wav,20.652,21.192,0.54,SPEAKER_00,SPEAKER_01,,
Call recording _251128_055921,Call recording _251128_055921.wav,20.922,21.023,0.101,SPEAKER_01,SPEAKER_01,,
Call recording _251128_055921,Call recording _251128_055921.wav,21.175,34.253,13.078,SPEAKER_01,SPEAKER_01,,
Call recording _251128_055921,Call recording _251128_055921.wav,29.545,32.296,2.751,SPEAKER_00,SPEAKER_01,,
Call recording _251128_055921,Call recording _251128_055921.wav,34.507,36.886,2.379,SPEAKER_00,SPEAKER_01,,
Call recording _251128_055921,Call recording _251128_055921.wav,37.038,41.797,4.759,SPEAKER_00,SPEAKER_01,,
Call recording _251128_055921,Call recording _251128_055921.wav,42.505,47.568,5.062,SPEAKER_01,SPEAKER_01,,
Call recording _251128_055921,Call recording _251128_055921.wav,47.062,49.762,2.7,SPEAKER_00,SPEAKER_01,,
Call recording _251128_055921,Call recording _251128_055921.wav,48.53,51.905,3.375,SPEAKER_01,SPEAKER_01,,
Call recording _251128_055921,Call recording _251128_055921.wav,51.061,51.652,0.591,SPEAKER_00,SPEAKER_01,,
Call recording _251128_055921,Call recording _251128_055921.wav,51.77,54.571,2.801,SPEAKER_00,SPEAKER_01,,
Call recording _251128_055921,Call recording _251128_055921.wav,52.377,52.715,0.337,SPEAKER_01,SPEAKER_01,,
Call recording _251128_055921,Call recording _251128_055921.wav,55.702,60.578,4.877,SPEAKER_01,SPEAKER_01,,
Call recording _251128_055921,Call recording _251128_055921.wav,61.22,61.54,0.321,SPEAKER_00,SPEAKER_01,,
Call recording _251128_055921,Call recording _251128_055921.wav,61.321,64.257,2.936,SPEAKER_01,SPEAKER_01,,
Call recording _251128_055921,Call recording _251128_055921.wav,63.802,70.636,6.834,SPEAKER_00,SPEAKER_01,,
Call recording _251128_055921,Call recording _251128_055921.wav,70.872,71.834,0.962,SPEAKER_00,SPEAKER_01,,
Call recording _251128_055921,Call recording _251128_055921.wav,72.728,73.471,0.742,SPEAKER_02,SPEAKER_01,,
Call recording _251128_055921,Call recording _251128_055921.wav,73.471,74.956,1.485,SPEAKER_00,SPEAKER_01,,
Call recording _251128_055921,Call recording _251128_055921.wav,73.488,73.69,0.203,SPEAKER_02,SPEAKER_01,,
Call recording _251128_055921,Call recording _251128_055921.wav,76.002,77.352,1.35,SPEAKER_02,SPEAKER_01,,
Call recording _251128_055921,Call recording _251128_055921.wav,79.428,80.086,0.658,SPEAKER_02,SPEAKER_01,,
Call recording _251128_055921,Call recording _251128_055921.wav,80.255,82.077,1.822,SPEAKER_00,SPEAKER_01,,
Call recording _251128_055921,Call recording _251128_055921.wav,80.997,81.318,0.321,SPEAKER_02,SPEAKER_01,,
Call recording _251128_055921,Call recording _251128_055921.wav,82.583,82.921,0.337,SPEAKER_02,SPEAKER_01,,
Call recording _251128_055921,Call recording _251128_055921.wav,84.119,85.672,1.552,SPEAKER_02,SPEAKER_01,,
Call recording _251128_055921,Call recording _251128_055921.wav,85.756,86.633,0.877,SPEAKER_00,SPEAKER_01,,
Call recording _251128_055921,Call recording _251128_055921.wav,87.325,88.608,1.282,SPEAKER_02,SPEAKER_01,,
Call recording _251128_055921,Call recording _251128_055921.wav,88.726,89.789,1.063,SPEAKER_00,SPEAKER_01,,
Call recording _251128_055921,Call recording _251128_055921.wav,89.975,91.713,1.738,SPEAKER_00,SPEAKER_01,,
Call recording _251128_055921,Call recording _251128_055921.wav,91.848,93.029,1.181,SPEAKER_00,SPEAKER_01,,
Call recording _251128_055921,Call recording _251128_055921.wav,94.126,96.067,1.941,SPEAKER_02,SPEAKER_01,,
Call recording _251128_055921,Call recording _251128_055921.wav,96.775,97.467,0.692,SPEAKER_02,SPEAKER_01,,
Call recording _251128_055921,Call recording _251128_055921.wav,97.94,100.96,3.021,SPEAKER_00,SPEAKER_01,,
Call recording _251128_055921,Call recording _251128_055921.wav,101.905,103.458,1.553,SPEAKER_02,SPEAKER_01,,
Call recording _251128_055921,Call recording _251128_055921.wav,103.508,105.128,1.62,SPEAKER_00,SPEAKER_01,,
Call recording _251128_055921,Call recording _251128_055921.wav,105.5,107.018,1.519,SPEAKER_02,SPEAKER_01,,
Call recording _251128_080730,Call recording _251128_080730.wav,1.33,1.718,0.388,SPEAKER_01,SPEAKER_01,,
Call recording _251128_080730,Call recording _251128_080730.wav,4.57,4.975,0.405,SPEAKER_01,SPEAKER_01,,
Call recording _251128_080730,Call recording _251128_080730.wav,5.6,6.089,0.489,SPEAKER_00,SPEAKER_01,,
Call recording _251128_080730,Call recording _251128_080730.wav,6.241,6.562,0.321,SPEAKER_01,SPEAKER_01,,
Call recording _251128_080730,Call recording _251128_080730.wav,7.085,8.941,1.856,SPEAKER_00,SPEAKER_01,,
Call recording _251128_080730,Call recording _251128_080730.wav,8.975,9.295,0.321,SPEAKER_01,SPEAKER_01,,
Call recording _251128_080730,Call recording _251128_080730.wav,10.055,12.603,2.548,SPEAKER_00,SPEAKER_01,,
Call recording _251128_080730,Call recording _251128_080730.wav,12.67,16.147,3.476,SPEAKER_00,SPEAKER_01,,
Call recording _251128_080730,Call recording _251128_080730.wav,12.687,13.312,0.624,SPEAKER_01,SPEAKER_01,,
Call recording _251128_080730,Call recording _251128_080730.wav,16.248,16.636,0.388,SPEAKER_01,SPEAKER_01,,
Call recording _251128_080730,Call recording _251128_080730.wav,17.007,18.998,1.991,SPEAKER_00,SPEAKER_01,,
Call recording _251128_080730,Call recording _251128_080730.wav,19.083,19.454,0.371,SPEAKER_01,SPEAKER_01,,
Call recording _251128_080730,Call recording _251128_080730.wav,19.927,23.15,3.223,SPEAKER_00,SPEAKER_01,,
Call recording _251128_080730,Call recording _251128_080730.wav,23.015,29.073,6.058,SPEAKER_01,SPEAKER_01,,
Call recording _251128_080730,Call recording _251128_080730.wav,28.972,29.056,0.084,SPEAKER_00,SPEAKER_01,,
Call recording _251128_080730,Call recording _251128_080730.wav,29.073,29.343,0.27,SPEAKER_00,SPEAKER_01,,
Call recording _251128_080730,Call recording _251128_080730.wav,29.343,33.072,3.729,SPEAKER_01,SPEAKER_01,,
Call recording _251128_080730,Call recording _251128_080730.wav,29.36,29.933,0.574,SPEAKER_00,SPEAKER_01,,
Call recording _251128_080730,Call recording _251128_080730.wav,33.275,42.05,8.775,SPEAKER_01,SPEAKER_01,,
Call recording _251128_080730,Call recording _251128_080730.wav,33.325,33.967,0.641,SPEAKER_00,SPEAKER_01,,
Call recording _251128_080730,Call recording _251128_080730.wav,42.404,48.226,5.822,SPEAKER_01,SPEAKER_01,,
Call recording _251128_080730,Call recording _251128_080730.wav,42.505,42.826,0.321,SPEAKER_00,SPEAKER_01,,
Call recording _251128_080730,Call recording _251128_080730.wav,48.547,61.979,13.433,SPEAKER_01,SPEAKER_01,,
Call recording _251128_080730,Call recording _251128_080730.wav,48.935,49.306,0.371,SPEAKER_00,SPEAKER_01,,
Call recording _251128_080730,Call recording _251128_080730.wav,59.937,60.19,0.253,SPEAKER_00,SPEAKER_01,,
Call recording _251128_080730,Call recording _251128_080730.wav,62.452,64.409,1.957,SPEAKER_01,SPEAKER_01,,
Call recording _251128_080730,Call recording _251128_080730.wav,62.89,62.958,0.067,SPEAKER_00,SPEAKER_01,,
Call recording _251128_080730,Call recording _251128_080730.wav,65.759,66.35,0.591,SPEAKER_01,SPEAKER_01,,
Call recording _251128_080730,Call recording _251128_080730.wav,68.999,70.754,1.755,SPEAKER_01,SPEAKER_01,,
Call recording _251128_080730,Call recording _251128_080730.wav,71.277,72.155,0.877,SPEAKER_00,SPEAKER_01,,
Call recording _251128_080730,Call recording _251128_080730.wav,72.678,73.707,1.029,SPEAKER_01,SPEAKER_01,,
Call recording _251128_080730,Call recording _251128_080730.wav,74.095,75.142,1.046,SPEAKER_01,SPEAKER_01,,
Call recording _251128_080730,Call recording _251128_080730.wav,77.504,79.225,1.721,SPEAKER_00,SPEAKER_01,,
Call recording _251128_080730,Call recording _251128_080730.wav,79.006,80.677,1.671,SPEAKER_01,SPEAKER_01,,
Call recording _251128_080730,Call recording _251128_080730.wav,81.638,84.355,2.717,SPEAKER_00,SPEAKER_01,,
Call recording _251128_080730,Call recording _251128_080730.wav,83.191,83.613,0.422,SPEAKER_01,SPEAKER_01,,
Call recording _251128_080730,Call recording _251128_080730.wav,84.22,85.385,1.164,SPEAKER_01,SPEAKER_01,,
Call recording _251128_080730,Call recording _251128_080730.wav,86.093,87.325,1.232,SPEAKER_00,SPEAKER_01,,
Call recording _251128_080730,Call recording _251128_080730.wav,87.325,88.49,1.164,SPEAKER_01,SPEAKER_01,,
Call recording _251128_080730,Call recording _251128_080730.wav,89.198,90.751,1.552,SPEAKER_00,SPEAKER_01,,
Call recording _251128_080730,Call recording _251128_080730.wav,90.768,90.785,0.017,SPEAKER_00,SPEAKER_01,,
Call recording _251128_080730,Call recording _251128_080730.wav,90.785,92.017,1.232,SPEAKER_01,SPEAKER_01,,
Call recording _251128_080730,Call recording _251128_080730.wav,92.303,92.759,0.456,SPEAKER_00,SPEAKER_01,,
Call recording _251128_080730,Call recording _251128_080730.wav,93.063,93.637,0.574,SPEAKER_01,SPEAKER_01,,
Call recording _251128_080730,Call recording _251128_080730.wav,93.637,94.025,0.388,SPEAKER_00,SPEAKER_01,,
Call recording _251128_080730,Call recording _251128_080730.wav,94.025,94.075,0.051,SPEAKER_01,SPEAKER_01,,
Call recording _251128_080730,Call recording _251128_080730.wav,94.193,95.257,1.063,SPEAKER_00,SPEAKER_01,,
Call recording _251128_092239,Call recording _251128_092239.wav,0.031,1.178,1.147,SPEAKER_02,SPEAKER_00,,
Call recording _251128_092239,Call recording _251128_092239.wav,1.263,1.617,0.354,SPEAKER_00,SPEAKER_00,,
Call recording _251128_092239,Call recording _251128_092239.wav,1.955,4.739,2.784,SPEAKER_02,SPEAKER_00,,
Call recording _251128_092239,Call recording _251128_092239.wav,4.84,5.11,0.27,SPEAKER_00,SPEAKER_00,,
Call recording _251128_092239,Call recording _251128_092239.wav,5.583,7.726,2.143,SPEAKER_02,SPEAKER_00,,
Call recording _251128_092239,Call recording _251128_092239.wav,7.81,8.148,0.337,SPEAKER_00,SPEAKER_00,,
Call recording _251128_092239,Call recording _251128_092239.wav,8.418,11.506,3.088,SPEAKER_02,SPEAKER_00,,
Call recording _251128_092239,Call recording _251128_092239.wav,11.658,12.012,0.354,SPEAKER_00,SPEAKER_00,,
Call recording _251128_092239,Call recording _251128_092239.wav,12.181,13.514,1.333,SPEAKER_02,SPEAKER_00,,
Call recording _251128_092239,Call recording _251128_092239.wav,13.683,15.1,1.418,SPEAKER_02,SPEAKER_00,,
Call recording _251128_092239,Call recording _251128_092239.wav,13.7,14.071,0.371,SPEAKER_00,SPEAKER_00,,
Call recording _251128_092239,Call recording _251128_092239.wav,15.303,18.188,2.886,SPEAKER_00,SPEAKER_00,,
Call recording _251128_092239,Call recording _251128_092239.wav,18.138,19.201,1.063,SPEAKER_02,SPEAKER_00,,
Call recording _251128_092239,Call recording _251128_092239.wav,18.863,22.357,3.493,SPEAKER_00,SPEAKER_00,,
Call recording _251128_092239,Call recording _251128_092239.wav,21.445,21.479,0.034,SPEAKER_02,SPEAKER_00,,
Call recording _251128_092239,Call recording _251128_092239.wav,21.479,22.002,0.523,SPEAKER_01,SPEAKER_00,,
Call recording _251128_092239,Call recording _251128_092239.wav,22.306,23.69,1.384,SPEAKER_01,SPEAKER_00,,
Call recording _251128_092239,Call recording _251128_092239.wav,22.88,24.449,1.569,SPEAKER_00,SPEAKER_00,,
Call recording _251128_092239,Call recording _251128_092239.wav,24.803,24.955,0.152,SPEAKER_01,SPEAKER_00,,
Call recording _251128_092239,Call recording _251128_092239.wav,25.09,27.959,2.869,SPEAKER_01,SPEAKER_00,,
Call recording _251128_092239,Call recording _251128_092239.wav,31.199,31.57,0.371,SPEAKER_01,SPEAKER_00,,
Call recording _251128_092239,Call recording _251128_092239.wav,31.79,33.106,1.316,SPEAKER_01,SPEAKER_00,,
Call recording _251128_092239,Call recording _251128_092239.wav,34.118,34.152,0.034,SPEAKER_01,SPEAKER_00,,
Call recording _251128_092239,Call recording _251128_092239.wav,34.743,34.76,0.017,SPEAKER_01,SPEAKER_00,,
Call recording _251128_092239,Call recording _251128_092239.wav,34.76,36.953,2.194,SPEAKER_03,SPEAKER_00,,
Call recording _251128_092239,Call recording _251128_092239.wav,37.055,38.894,1.839,SPEAKER_00,SPEAKER_00,,
Call recording _251128_092239,Call recording _251128_092239.wav,39.265,39.738,0.473,SPEAKER_00,SPEAKER_00,,
Call recording _251128_092239,Call recording _251128_092239.wav,39.316,41.206,1.89,SPEAKER_03,SPEAKER_00,,
Call recording _251128_092239,Call recording _251128_092239.wav,41.358,43.096,1.738,SPEAKER_00,SPEAKER_00,,
Call recording _251128_092239,Call recording _251128_092239.wav,43.619,45.526,1.907,SPEAKER_03,SPEAKER_00,,
Call recording _251128_092239,Call recording _251128_092239.wav,45.526,45.543,0.017,SPEAKER_00,SPEAKER_00,,
Call recording _251128_092239,Call recording _251128_092239.wav,45.661,48.243,2.582,SPEAKER_03,SPEAKER_00,,
Call recording _251128_092239,Call recording _251128_092239.wav,48.513,50.133,1.62,SPEAKER_03,SPEAKER_00,,
Call recording _251128_092239,Call recording _251128_092239.wav,50.774,54.419,3.645,SPEAKER_03,SPEAKER_00,,
Call recording _251128_092239,Call recording _251128_092239.wav,54.419,54.672,0.253,SPEAKER_00,SPEAKER_00,,
Call recording _251128_104418,Call recording _251128_104418.wav,0.166,0.233,0.068,SPEAKER_01,SPEAKER_00,,
Call recording _251128_104418,Call recording _251128_104418.wav,0.807,3.642,2.835,SPEAKER_01,SPEAKER_00,,
Call recording _251128_104418,Call recording _251128_104418.wav,3.811,4.216,0.405,SPEAKER_00,SPEAKER_00,,
Call recording _251128_104418,Call recording _251128_104418.wav,4.537,4.655,0.118,SPEAKER_00,SPEAKER_00,,
Call recording _251128_104418,Call recording _251128_104418.wav,4.655,7.152,2.498,SPEAKER_01,SPEAKER_00,,
Call recording _251128_104418,Call recording _251128_104418.wav,8.401,8.587,0.186,SPEAKER_00,SPEAKER_00,,
Call recording _251128_104418,Call recording _251128_104418.wav,8.587,8.671,0.084,SPEAKER_01,SPEAKER_00,,
Call recording _251128_104418,Call recording _251128_104418.wav,8.671,8.688,0.017,SPEAKER_00,SPEAKER_00,,
Call recording _251128_104418,Call recording _251128_104418.wav,9.143,11.303,2.16,SPEAKER_01,SPEAKER_00,,
Call recording _251128_104418,Call recording _251128_104418.wav,11.692,19.454,7.762,SPEAKER_00,SPEAKER_00,,
Call recording _251128_104418,Call recording _251128_104418.wav,19.724,19.741,0.017,SPEAKER_01,SPEAKER_00,,
Call recording _251128_104418,Call recording _251128_104418.wav,19.741,25.327,5.586,SPEAKER_00,SPEAKER_00,,
Call recording _251128_104418,Call recording _251128_104418.wav,25.563,29.562,3.999,SPEAKER_00,SPEAKER_00,,
Call recording _251128_104418,Call recording _251128_104418.wav,29.765,30.355,0.591,SPEAKER_01,SPEAKER_00,,
Call recording _251128_104418,Call recording _251128_104418.wav,29.849,39.569,9.72,SPEAKER_00,SPEAKER_00,,
Call recording _251128_104418,Call recording _251128_104418.wav,39.67,41.51,1.839,SPEAKER_01,SPEAKER_00,,
Call recording _251128_154736,Call recording _251128_154736.wav,2.225,2.596,0.371,SPEAKER_00,SPEAKER_00,,
Call recording _251128_154736,Call recording _251128_154736.wav,4.03,6.19,2.16,SPEAKER_01,SPEAKER_00,,
Call recording _251128_154736,Call recording _251128_154736.wav,4.148,4.368,0.219,SPEAKER_00,SPEAKER_00,,
Call recording _251128_154736,Call recording _251128_154736.wav,6.578,10.055,3.476,SPEAKER_01,SPEAKER_00,,
Call recording _251128_154736,Call recording _251128_154736.wav,10.645,13.565,2.919,SPEAKER_01,SPEAKER_00,,
Call recording _251128_154736,Call recording _251128_154736.wav,12.451,16.298,3.848,SPEAKER_00,SPEAKER_00,,
Call recording _251128_154736,Call recording _251128_154736.wav,16.72,16.855,0.135,SPEAKER_01,SPEAKER_00,,
Call recording _251128_154736,Call recording _251128_154736.wav,16.99,19.268,2.278,SPEAKER_01,SPEAKER_00,,
Call recording _251128_154736,Call recording _251128_154736.wav,19.1,19.977,0.878,SPEAKER_00,SPEAKER_00,,
Call recording _251128_154736,Call recording _251128_154736.wav,19.977,20.028,0.051,SPEAKER_01,SPEAKER_00,,
Call recording _251128_154736,Call recording _251128_154736.wav,20.028,20.213,0.186,SPEAKER_00,SPEAKER_00,,
Call recording _251128_154736,Call recording _251128_154736.wav,20.213,20.315,0.101,SPEAKER_01,SPEAKER_00,,
Call recording _251128_154736,Call recording _251128_154736.wav,20.315,23.977,3.662,SPEAKER_00,SPEAKER_00,,
Call recording _251128_154736,Call recording _251128_154736.wav,24.314,29.562,5.248,SPEAKER_00,SPEAKER_00,,
Call recording _251128_154736,Call recording _251128_154736.wav,24.382,24.82,0.439,SPEAKER_01,SPEAKER_00,,
Call recording _251128_154736,Call recording _251128_154736.wav,30.119,31.317,1.198,SPEAKER_01,SPEAKER_00,,
Call recording _251128_154736,Call recording _251128_154736.wav,30.862,31.165,0.304,SPEAKER_00,SPEAKER_00,,
Call recording _251128_154736,Call recording _251128_154736.wav,31.486,43.383,11.897,SPEAKER_00,SPEAKER_00,,
Call recording _251128_154736,Call recording _251128_154736.wav,37.004,37.544,0.54,SPEAKER_01,SPEAKER_00,,
Call recording _251128_154736,Call recording _251128_154736.wav,43.602,46.96,3.358,SPEAKER_00,SPEAKER_00,,
Call recording _251128_174609,Call recording _251128_174609.wav,0.402,6.157,5.754,SPEAKER_00,SPEAKER_00,,
Call recording _251128_174609,Call recording _251128_174609.wav,5.836,6.038,0.202,SPEAKER_01,SPEAKER_00,,
Call recording _251128_174609,Call recording _251128_174609.wav,6.595,53.761,47.166,SPEAKER_00,SPEAKER_00,,
Call recording _251128_174609,Call recording _251128_174609.wav,12.704,13.075,0.371,SPEAKER_01,SPEAKER_00,,
Call recording _251128_174609,Call recording _251128_174609.wav,29.326,29.663,0.337,SPEAKER_01,SPEAKER_00,,
Call recording _251128_174609,Call recording _251128_174609.wav,53.035,54.014,0.979,SPEAKER_01,SPEAKER_00,,
Call recording _251128_174609,Call recording _251128_174609.wav,54.588,57.693,3.105,SPEAKER_01,SPEAKER_00,,
Call recording _251128_174609,Call recording _251128_174609.wav,54.773,55.178,0.405,SPEAKER_00,SPEAKER_00,,
Call recording _251128_174609,Call recording _251128_174609.wav,58.807,59.093,0.287,SPEAKER_01,SPEAKER_00,,
Call recording _251128_174609,Call recording _251128_174609.wav,59.313,62.283,2.97,SPEAKER_01,SPEAKER_00,,
Call recording _251128_174609,Call recording _251128_174609.wav,62.502,64.308,1.806,SPEAKER_01,SPEAKER_00,,
Call recording _251128_174609,Call recording _251128_174609.wav,64.544,72.863,8.319,SPEAKER_01,SPEAKER_00,,
Call recording _251128_174609,Call recording _251128_174609.wav,64.882,65.287,0.405,SPEAKER_00,SPEAKER_00,,
Call recording _251128_174609,Call recording _251128_174609.wav,69.64,70.366,0.726,SPEAKER_00,SPEAKER_00,,
Call recording _251128_174609,Call recording _251128_174609.wav,73.471,74.77,1.299,SPEAKER_01,SPEAKER_00,,
Call recording _251128_174609,Call recording _251128_174609.wav,75.023,75.968,0.945,SPEAKER_01,SPEAKER_00,,
Call recording _251128_174609,Call recording _251128_174609.wav,75.968,76.019,0.051,SPEAKER_00,SPEAKER_00,,
Call recording _251128_174609,Call recording _251128_174609.wav,76.475,77.588,1.114,SPEAKER_01,SPEAKER_00,,
Call recording _251128_174609,Call recording _251128_174609.wav,76.795,76.846,0.051,SPEAKER_00,SPEAKER_00,,
Call recording _251128_174609,Call recording _251128_174609.wav,77.588,77.74,0.152,SPEAKER_00,SPEAKER_00,,
Call recording _251128_174609,Call recording _251128_174609.wav,78.398,82.263,3.864,SPEAKER_00,SPEAKER_00,,
Call recording _251128_174609,Call recording _251128_174609.wav,82.263,82.735,0.472,SPEAKER_01,SPEAKER_00,,
Call recording _251128_174609,Call recording _251128_174609.wav,82.735,83.461,0.726,SPEAKER_00,SPEAKER_00,,
Call recording _251128_174609,Call recording _251128_174609.wav,83.731,88.574,4.843,SPEAKER_01,SPEAKER_00,,
Call recording _251128_174609,Call recording _251128_174609.wav,86.397,86.836,0.439,SPEAKER_00,SPEAKER_00,,
Call recording _251128_174609,Call recording _251128_174609.wav,88.574,88.642,0.067,SPEAKER_00,SPEAKER_00,,
Call recording _251128_174609,Call recording _251128_174609.wav,88.642,88.726,0.084,SPEAKER_01,SPEAKER_00,,
Call recording _251128_174609,Call recording _251128_174609.wav,88.726,89.671,0.945,SPEAKER_00,SPEAKER_00,,
Call recording _251128_174609,Call recording _251128_174609.wav,88.878,88.962,0.084,SPEAKER_01,SPEAKER_00,,
Call recording _251128_174609,Call recording _251128_174609.wav,89.671,89.806,0.135,SPEAKER_01,SPEAKER_00,,
Call recording _251128_174609,Call recording _251128_174609.wav,89.806,92.86,3.054,SPEAKER_00,SPEAKER_00,,
Call recording _251128_174609,Call recording _251128_174609.wav,89.857,90.346,0.489,SPEAKER_01,SPEAKER_00,,
Call recording _251128_174609,Call recording _251128_174609.wav,92.945,95.189,2.244,SPEAKER_00,SPEAKER_00,,
Call recording _251128_174609,Call recording _251128_174609.wav,95.83,106.782,10.952,SPEAKER_00,SPEAKER_00,,
Call recording _251128_174609,Call recording _251128_174609.wav,98.429,98.783,0.354,SPEAKER_01,SPEAKER_00,,
Call recording _251128_174609,Call recording _251128_174609.wav,101.973,102.395,0.422,SPEAKER_01,SPEAKER_00,,
Call recording _251128_174609,Call recording _251128_174609.wav,104.015,104.42,0.405,SPEAKER_01,SPEAKER_00,,
Call recording _251128_174609,Call recording _251128_174609.wav,105.517,109.178,3.662,SPEAKER_01,SPEAKER_00,,
Call recording _251128_174609,Call recording _251128_174609.wav,109.465,113.279,3.814,SPEAKER_00,SPEAKER_00,,
Call recording _251128_174609,Call recording _251128_174609.wav,112.655,119.354,6.699,SPEAKER_01,SPEAKER_00,,
Call recording _251128_174609,Call recording _251128_174609.wav,119.641,119.675,0.034,SPEAKER_00,SPEAKER_00,,
Call recording _251128_174609,Call recording _251128_174609.wav,119.675,121.75,2.076,SPEAKER_01,SPEAKER_00,,
Call recording _251128_174609,Call recording _251128_174609.wav,119.692,120.029,0.337,SPEAKER_00,SPEAKER_00,,
Call recording _251128_174609,Call recording _251128_174609.wav,121.97,128.095,6.126,SPEAKER_01,SPEAKER_00,,
Call recording _251128_174609,Call recording _251128_174609.wav,122.138,122.358,0.219,SPEAKER_00,SPEAKER_00,,
Call recording _251128_174609,Call recording _251128_174609.wav,128.433,135.773,7.341,SPEAKER_00,SPEAKER_00,,
Call recording _251128_174609,Call recording _251128_174609.wav,129.007,130.07,1.063,SPEAKER_01,SPEAKER_00,,
Call recording _251128_174609,Call recording _251128_174609.wav,130.255,134.963,4.708,SPEAKER_01,SPEAKER_00,,
Call recording _251128_174609,Call recording _251128_174609.wav,135.976,136.702,0.726,SPEAKER_00,SPEAKER_00,,
Call recording _251128_174609,Call recording _251128_174609.wav,136.769,137.444,0.675,SPEAKER_01,SPEAKER_00,,
Call recording _251128_174609,Call recording _251128_174609.wav,138.254,139.317,1.063,SPEAKER_00,SPEAKER_00,,
Call recording _251128_174609,Call recording _251128_174609.wav,139.587,140.195,0.608,SPEAKER_01,SPEAKER_00,,
Call recording _251128_174609,Call recording _251128_174609.wav,139.672,141.41,1.738,SPEAKER_00,SPEAKER_00,,
Call recording _251128_174609,Call recording _251128_174609.wav,141.173,145.291,4.118,SPEAKER_01,SPEAKER_00,,
Call recording _251128_174609,Call recording _251128_174609.wav,145.426,151.332,5.906,SPEAKER_00,SPEAKER_00,,
Call recording _251128_174609,Call recording _251128_174609.wav,147.535,148.615,1.08,SPEAKER_01,SPEAKER_00,,
Call recording _251128_174609,Call recording _251128_174609.wav,150.758,150.877,0.118,SPEAKER_01,SPEAKER_00,,
Call recording _251128_174609,Call recording _251128_174609.wav,151.332,151.636,0.304,SPEAKER_01,SPEAKER_00,,
Call recording _251128_174609,Call recording _251128_174609.wav,151.636,152.834,1.198,SPEAKER_00,SPEAKER_00,,
Call recording _251128_174609,Call recording _251128_174609.wav,153.155,154.538,1.384,SPEAKER_01,SPEAKER_00,,
Call recording _251128_215453,Call recording _251128_215453.wav,0.031,0.908,0.878,SPEAKER_01,SPEAKER_00,,
Call recording _251128_215453,Call recording _251128_215453.wav,1.516,2.545,1.029,SPEAKER_00,SPEAKER_00,,
Call recording _251128_215453,Call recording _251128_215453.wav,2.9,3.237,0.337,SPEAKER_01,SPEAKER_00,,
Call recording _251128_215453,Call recording _251128_215453.wav,3.49,5.583,2.093,SPEAKER_00,SPEAKER_00,,
Call recording _251128_215453,Call recording _251128_215453.wav,6.005,6.41,0.405,SPEAKER_01,SPEAKER_00,,
Call recording _251128_215453,Call recording _251128_215453.wav,7.169,7.912,0.742,SPEAKER_00,SPEAKER_00,,
Call recording _251128_215453,Call recording _251128_215453.wav,8.198,8.789,0.591,SPEAKER_01,SPEAKER_00,,
Call recording _251128_215453,Call recording _251128_215453.wav,9.363,15.303,5.94,SPEAKER_00,SPEAKER_00,,
Call recording _251128_215453,Call recording _251128_215453.wav,15.303,16.13,0.827,SPEAKER_01,SPEAKER_00,,
Call recording _251128_215453,Call recording _251128_215453.wav,16.13,16.349,0.219,SPEAKER_00,SPEAKER_00,,
Call recording _251128_215453,Call recording _251128_215453.wav,16.349,16.366,0.017,SPEAKER_01,SPEAKER_00,,
Call recording _251128_215453,Call recording _251128_215453.wav,17.193,19.252,2.059,SPEAKER_00,SPEAKER_00,,
Call recording _251128_215453,Call recording _251128_215453.wav,19.792,20.416,0.624,SPEAKER_01,SPEAKER_00,,
Call recording _251128_215453,Call recording _251128_215453.wav,20.213,20.585,0.371,SPEAKER_00,SPEAKER_00,,
Call recording _251128_215453,Call recording _251128_215453.wav,21.749,23.251,1.502,SPEAKER_01,SPEAKER_00,,
Call recording _251128_215453,Call recording _251128_215453.wav,24.449,24.905,0.456,SPEAKER_00,SPEAKER_00,,
Call recording _251128_215453,Call recording _251128_215453.wav,25.445,27.031,1.586,SPEAKER_00,SPEAKER_00,,
Call recording _251128_215453,Call recording _251128_215453.wav,25.478,26.052,0.574,SPEAKER_01,SPEAKER_00,,
Call recording _251128_215453,Call recording _251128_215453.wav,27.993,28.718,0.726,SPEAKER_00,SPEAKER_00,,
Call recording _251128_215453,Call recording _251128_215453.wav,29.073,31.857,2.784,SPEAKER_00,SPEAKER_00,,
Call recording _251128_215453,Call recording _251128_215453.wav,31.857,32.347,0.489,SPEAKER_01,SPEAKER_00,,
Call recording _251128_215453,Call recording _251128_215453.wav,33.089,37.645,4.556,SPEAKER_00,SPEAKER_00,,
Call recording _251128_215453,Call recording _251128_215453.wav,34.102,34.287,0.186,SPEAKER_01,SPEAKER_00,,
Call recording _251128_215453,Call recording _251128_215453.wav,38.033,39.35,1.316,SPEAKER_00,SPEAKER_00,,
Call recording _251128_215453,Call recording _251128_215453.wav,39.434,40.582,1.148,SPEAKER_01,SPEAKER_00,,
Call recording _251128_215453,Call recording _251128_215453.wav,41.645,45.61,3.966,SPEAKER_00,SPEAKER_00,,
Call recording _251128_215453,Call recording _251128_215453.wav,45.796,46.218,0.422,SPEAKER_01,SPEAKER_00,,
Call recording _251128_215453,Call recording _251128_215453.wav,47.163,49.593,2.43,SPEAKER_00,SPEAKER_00,,
Call recording _251128_215453,Call recording _251128_215453.wav,50.268,51.314,1.046,SPEAKER_01,SPEAKER_00,,
Call recording _251128_215453,Call recording _251128_215453.wav,52.428,53.592,1.164,SPEAKER_01,SPEAKER_00,,
Call recording _251128_215453,Call recording _251128_215453.wav,54.503,56.275,1.772,SPEAKER_00,SPEAKER_00,,
Call recording _251128_215453,Call recording _251128_215453.wav,56.9,58.047,1.148,SPEAKER_00,SPEAKER_00,,
Call recording _251128_215453,Call recording _251128_215453.wav,58.182,60.005,1.822,SPEAKER_00,SPEAKER_00,,
Call recording _251128_215453,Call recording _251128_215453.wav,60.157,60.865,0.709,SPEAKER_00,SPEAKER_00,,
Call recording _251128_215453,Call recording _251128_215453.wav,60.173,63.498,3.324,SPEAKER_01,SPEAKER_00,,
Call recording _251128_215453,Call recording _251128_215453.wav,64.578,65.86,1.282,SPEAKER_00,SPEAKER_00,,
Call recording _251128_215453,Call recording _251128_215453.wav,67.666,71.513,3.847,SPEAKER_00,SPEAKER_00,,
Call recording _251128_215453,Call recording _251128_215453.wav,71.716,72.914,1.198,SPEAKER_00,SPEAKER_00,,
Call recording _251128_215453,Call recording _251128_215453.wav,74.433,76.053,1.62,SPEAKER_01,SPEAKER_00,,
Call recording _251128_215453,Call recording _251128_215453.wav,76.677,77.082,0.405,SPEAKER_00,SPEAKER_00,,
Call recording _251128_215453,Call recording _251128_215453.wav,78.348,79.107,0.759,SPEAKER_00,SPEAKER_00,,
Call recording _251128_215453,Call recording _251128_215453.wav,79.411,80.643,1.232,SPEAKER_01,SPEAKER_00,,
Call recording _251128_215453,Call recording _251128_215453.wav,80.018,81.622,1.603,SPEAKER_00,SPEAKER_00,,
Call recording _251128_215453,Call recording _251128_215453.wav,84.153,84.592,0.439,SPEAKER_01,SPEAKER_00,,
Call recording _251128_215453,Call recording _251128_215453.wav,85.351,86.701,1.35,SPEAKER_00,SPEAKER_00,,
Call recording _251128_215453,Call recording _251128_215453.wav,85.688,88.017,2.329,SPEAKER_01,SPEAKER_00,,
Call recording _251128_215453,Call recording _251128_215453.wav,89.03,93.417,4.388,SPEAKER_00,SPEAKER_00,,
Call recording _251128_215453,Call recording _251128_215453.wav,93.468,93.923,0.456,SPEAKER_01,SPEAKER_00,,
Call recording _251128_215453,Call recording _251128_215453.wav,94.379,96.556,2.177,SPEAKER_00,SPEAKER_00,,
Call recording _251128_215453,Call recording _251128_215453.wav,96.657,97.113,0.456,SPEAKER_01,SPEAKER_00,,
Call recording _251128_215453,Call recording _251128_215453.wav,97.282,99.847,2.565,SPEAKER_00,SPEAKER_00,,
Call recording _251128_215453,Call recording _251128_215453.wav,102.901,103.306,0.405,SPEAKER_01,SPEAKER_00,,
Call recording _251128_215453,Call recording _251128_215453.wav,102.952,107.018,4.067,SPEAKER_00,SPEAKER_00,,
Call recording _251128_215453,Call recording _251128_215453.wav,107.187,107.592,0.405,SPEAKER_01,SPEAKER_00,,
Call recording _251128_215453,Call recording _251128_215453.wav,108.284,111.119,2.835,SPEAKER_00,SPEAKER_00,,
Call recording _251128_215453,Call recording _251128_215453.wav,111.727,116.89,5.164,SPEAKER_01,SPEAKER_00,,
Call recording _251128_215453,Call recording _251128_215453.wav,117.481,119.81,2.329,SPEAKER_01,SPEAKER_00,,
Call recording _251128_215453,Call recording _251128_215453.wav,117.532,117.903,0.371,SPEAKER_00,SPEAKER_00,,
Call recording _251128_215453,Call recording _251128_215453.wav,120.907,121.447,0.54,SPEAKER_00,SPEAKER_00,,
Call recording _251128_215453,Call recording _251128_215453.wav,121.531,125.952,4.421,SPEAKER_01,SPEAKER_00,,
Call recording _251128_215453,Call recording _251128_215453.wav,126.155,126.644,0.489,SPEAKER_01,SPEAKER_00,,
Call recording _251128_215453,Call recording _251128_215453.wav,127.724,129.563,1.839,SPEAKER_00,SPEAKER_00,,
Call recording _251128_215453,Call recording _251128_215453.wav,130.019,132.972,2.953,SPEAKER_00,SPEAKER_00,,
Call recording _251128_215453,Call recording _251128_215453.wav,133.613,134.845,1.232,SPEAKER_01,SPEAKER_00,,
Call recording _251128_215453,Call recording _251128_215453.wav,135.52,140.735,5.214,SPEAKER_00,SPEAKER_00,,
Call recording _251128_215453,Call recording _251128_215453.wav,141.14,144.008,2.869,SPEAKER_00,SPEAKER_00,,
Call recording _251128_215453,Call recording _251128_215453.wav,142.979,146.658,3.679,SPEAKER_01,SPEAKER_00,,
Call recording _251128_215453,Call recording _251128_215453.wav,148.025,148.7,0.675,SPEAKER_00,SPEAKER_00,,
Call recording _251128_215453,Call recording _251128_215453.wav,148.447,149.307,0.861,SPEAKER_01,SPEAKER_00,,
Call recording _251128_215453,Call recording _251128_215453.wav,149.915,150.775,0.861,SPEAKER_01,SPEAKER_00,,
Call recording _251128_215453,Call recording _251128_215453.wav,150.286,152.868,2.582,SPEAKER_00,SPEAKER_00,,
Call recording _251128_215453,Call recording _251128_215453.wav,151.653,152.885,1.232,SPEAKER_01,SPEAKER_00,,
Call recording _251128_215453,Call recording _251128_215453.wav,153.053,156.479,3.426,SPEAKER_01,SPEAKER_00,,
Call recording _251128_215453,Call recording _251128_215453.wav,155.129,155.483,0.354,SPEAKER_00,SPEAKER_00,,
Call recording _251128_215453,Call recording _251128_215453.wav,155.5,155.618,0.118,SPEAKER_00,SPEAKER_00,,
Call recording _251128_215453,Call recording _251128_215453.wav,157.087,159.567,2.481,SPEAKER_00,SPEAKER_00,,
Call recording _251128_215453,Call recording _251128_215453.wav,157.863,158.723,0.861,SPEAKER_01,SPEAKER_00,,
Call recording _251128_215453,Call recording _251128_215453.wav,158.977,160.04,1.063,SPEAKER_01,SPEAKER_00,,
Call recording _251128_215453,Call recording _251128_215453.wav,161.862,161.963,0.101,SPEAKER_00,SPEAKER_00,,
Call recording _251128_215453,Call recording _251128_215453.wav,161.963,162.689,0.726,SPEAKER_01,SPEAKER_00,,
Call recording _251128_225506,Call recording _251128_225506.wav,0.031,1.111,1.08,SPEAKER_00,SPEAKER_01,,
Call recording _251128_225506,Call recording _251128_225506.wav,1.6,7.304,5.704,SPEAKER_01,SPEAKER_01,,
Call recording _251128_225506,Call recording _251128_225506.wav,4.452,4.942,0.489,SPEAKER_00,SPEAKER_01,,
Call recording _251128_225506,Call recording _251128_225506.wav,7.456,8.08,0.624,SPEAKER_00,SPEAKER_01,,
Call recording _251128_225506,Call recording _251128_225506.wav,7.675,8.519,0.844,SPEAKER_01,SPEAKER_01,,
Call recording _251128_225506,Call recording _251128_225506.wav,9.025,18.053,9.028,SPEAKER_01,SPEAKER_01,,
Call recording _251128_225506,Call recording _251128_225506.wav,18.374,24.027,5.653,SPEAKER_01,SPEAKER_01,,
Call recording _251128_225506,Call recording _251128_225506.wav,24.837,26.238,1.401,SPEAKER_00,SPEAKER_01,,
Call recording _251128_225506,Call recording _251128_225506.wav,26.761,27.385,0.624,SPEAKER_01,SPEAKER_01,,
Call recording _251128_225506,Call recording _251128_225506.wav,27.554,28.685,1.131,SPEAKER_00,SPEAKER_01,,
Call recording _251128_225506,Call recording _251128_225506.wav,29.393,33.848,4.455,SPEAKER_01,SPEAKER_01,,
Call recording _251128_225506,Call recording _251128_225506.wav,34.557,35.384,0.827,SPEAKER_00,SPEAKER_01,,
Call recording _251128_225506,Call recording _251128_225506.wav,35.114,36.413,1.299,SPEAKER_01,SPEAKER_01,,
Call recording _251128_225506,Call recording _251128_225506.wav,36.818,41.155,4.337,SPEAKER_00,SPEAKER_01,,
Call recording _251128_225506,Call recording _251128_225506.wav,41.527,44.21,2.683,SPEAKER_00,SPEAKER_01,,
Call recording _251128_225506,Call recording _251128_225506.wav,41.729,42.303,0.574,SPEAKER_01,SPEAKER_01,,
Call recording _251128_225506,Call recording _251128_225506.wav,44.834,44.851,0.017,SPEAKER_00,SPEAKER_01,,
Call recording _251128_225506,Call recording _251128_225506.wav,44.851,45.323,0.473,SPEAKER_01,SPEAKER_01,,
Call recording _251128_225506,Call recording _251128_225506.wav,44.885,47.652,2.767,SPEAKER_00,SPEAKER_01,,
Call recording _251128_225506,Call recording _251128_225506.wav,48.057,48.935,0.877,SPEAKER_00,SPEAKER_01,,
Call recording _251128_225506,Call recording _251128_225506.wav,49.424,50.757,1.333,SPEAKER_00,SPEAKER_01,,
Call recording _251128_225506,Call recording _251128_225506.wav,49.947,59.38,9.433,SPEAKER_01,SPEAKER_01,,
Call recording _251128_225506,Call recording _251128_225506.wav,52.917,53.322,0.405,SPEAKER_00,SPEAKER_01,,
Call recording _251128_225506,Call recording _251128_225506.wav,59.785,61.608,1.822,SPEAKER_00,SPEAKER_01,,
Call recording _251128_225506,Call recording _251128_225506.wav,62.114,65.523,3.409,SPEAKER_01,SPEAKER_01,,
Call recording _251128_225506,Call recording _251128_225506.wav,64.443,65.506,1.063,SPEAKER_00,SPEAKER_01,,
Call recording _251128_225506,Call recording _251128_225506.wav,65.523,65.54,0.017,SPEAKER_00,SPEAKER_01,,
Call recording _251128_225506,Call recording _251128_225506.wav,65.54,65.557,0.017,SPEAKER_01,SPEAKER_01,,
Call recording _251128_225506,Call recording _251128_225506.wav,65.692,66.653,0.962,SPEAKER_01,SPEAKER_01,,
Call recording _251128_225506,Call recording _251128_225506.wav,66.029,67.598,1.569,SPEAKER_00,SPEAKER_01,,
Call recording _251128_225506,Call recording _251128_225506.wav,68.493,68.965,0.472,SPEAKER_01,SPEAKER_01,,
Call recording _251128_225506,Call recording _251128_225506.wav,69.117,70.619,1.502,SPEAKER_00,SPEAKER_01,,
Call recording _251128_225506,Call recording _251128_225506.wav,71.075,71.986,0.911,SPEAKER_00,SPEAKER_01,,
Call recording _251128_225506,Call recording _251128_225506.wav,71.193,74.247,3.054,SPEAKER_01,SPEAKER_01,,
Call recording _251128_225506,Call recording _251128_225506.wav,74.551,76.897,2.346,SPEAKER_00,SPEAKER_01,,
Call recording _251128_225506,Call recording _251128_225506.wav,77.521,77.926,0.405,SPEAKER_01,SPEAKER_01,,
Call recording _251128_225506,Call recording _251128_225506.wav,78.095,80.558,2.464,SPEAKER_01,SPEAKER_01,,
Call recording _251128_225506,Call recording _251128_225506.wav,81.335,81.841,0.506,SPEAKER_01,SPEAKER_01,,
Call recording _251128_225506,Call recording _251128_225506.wav,81.402,82.651,1.249,SPEAKER_00,SPEAKER_01,,
Call recording _251128_225506,Call recording _251128_225506.wav,81.925,83.09,1.164,SPEAKER_01,SPEAKER_01,,
Call recording _251128_225506,Call recording _251128_225506.wav,83.157,84.288,1.131,SPEAKER_00,SPEAKER_01,,
Call recording _251128_225506,Call recording _251128_225506.wav,83.545,84.237,0.692,SPEAKER_01,SPEAKER_01,,
Call recording _251128_225506,Call recording _251128_225506.wav,85.3,86.988,1.688,SPEAKER_00,SPEAKER_01,,
Call recording _251128_225506,Call recording _251128_225506.wav,87.072,88.422,1.35,SPEAKER_01,SPEAKER_01,,
Call recording _251128_225506,Call recording _251128_225506.wav,90.312,91.831,1.519,SPEAKER_00,SPEAKER_01,,
Call recording _251128_225506,Call recording _251128_225506.wav,92.303,93.586,1.282,SPEAKER_01,SPEAKER_01,,
Call recording _251128_225506,Call recording _251128_225506.wav,93.434,95.695,2.261,SPEAKER_00,SPEAKER_01,,
Call recording _251128_225506,Call recording _251128_225506.wav,95.662,95.678,0.017,SPEAKER_01,SPEAKER_01,,
Call recording _251128_225506,Call recording _251128_225506.wav,95.695,95.864,0.169,SPEAKER_01,SPEAKER_01,,
Call recording _251128_225506,Call recording _251128_225506.wav,95.864,95.881,0.017,SPEAKER_00,SPEAKER_01,,
Call recording _251128_225506,Call recording _251128_225506.wav,95.881,95.898,0.017,SPEAKER_01,SPEAKER_01,,
Call recording _251128_225506,Call recording _251128_225506.wav,95.898,95.915,0.017,SPEAKER_00,SPEAKER_01,,
Call recording _251128_225506,Call recording _251128_225506.wav,95.915,95.932,0.017,SPEAKER_01,SPEAKER_01,,
Call recording _251128_225506,Call recording _251128_225506.wav,95.932,97.113,1.181,SPEAKER_00,SPEAKER_01,,
Call recording _251128_225506,Call recording _251128_225506.wav,95.948,96.168,0.219,SPEAKER_01,SPEAKER_01,,
Call recording _251128_225506,Call recording _251128_225506.wav,97.113,97.433,0.321,SPEAKER_01,SPEAKER_01,,
Call recording _251128_225506,Call recording _251128_225506.wav,97.585,99.543,1.957,SPEAKER_00,SPEAKER_01,,
Call recording _251128_225506,Call recording _251128_225506.wav,97.67,98.935,1.266,SPEAKER_01,SPEAKER_01,,
Call recording _251128_225506,Call recording _251128_225506.wav,99.83,101.197,1.367,SPEAKER_00,SPEAKER_01,,
Call recording _251128_225506,Call recording _251128_225506.wav,100.184,100.724,0.54,SPEAKER_01,SPEAKER_01,,
Call recording _251128_225506,Call recording _251128_225506.wav,101.753,103.812,2.059,SPEAKER_01,SPEAKER_01,,
Call recording _251128_225506,Call recording _251128_225506.wav,102.682,104.453,1.772,SPEAKER_00,SPEAKER_01,,
Call recording _251128_232203,Call recording _251128_232203.wav,1.06,1.381,0.321,SPEAKER_02,SPEAKER_00,,
Call recording _251128_232203,Call recording _251128_232203.wav,1.82,2.326,0.506,SPEAKER_00,SPEAKER_00,,
Call recording _251128_232203,Call recording _251128_232203.wav,2.815,6.207,3.392,SPEAKER_02,SPEAKER_00,,
Call recording _251128_232203,Call recording _251128_232203.wav,6.815,9.582,2.768,SPEAKER_00,SPEAKER_00,,
Call recording _251128_232203,Call recording _251128_232203.wav,10.156,11.185,1.029,SPEAKER_02,SPEAKER_00,,
Call recording _251128_232203,Call recording _251128_232203.wav,11.894,15.657,3.763,SPEAKER_00,SPEAKER_00,,
Call recording _251128_232203,Call recording _251128_232203.wav,17.969,17.986,0.017,SPEAKER_00,SPEAKER_00,,
Call recording _251128_232203,Call recording _251128_232203.wav,19.538,19.572,0.034,SPEAKER_00,SPEAKER_00,,
Call recording _251128_232203,Call recording _251128_232203.wav,19.977,20.095,0.118,SPEAKER_00,SPEAKER_00,,
Call recording _251128_232203,Call recording _251128_232203.wav,21.766,21.901,0.135,SPEAKER_00,SPEAKER_00,,
Call recording _251128_232203,Call recording _251128_232203.wav,21.968,22.778,0.81,SPEAKER_00,SPEAKER_00,,
Call recording _251128_232203,Call recording _251128_232203.wav,24.972,25.023,0.051,SPEAKER_00,SPEAKER_00,,
Call recording _251128_232203,Call recording _251128_232203.wav,33.224,37.493,4.269,SPEAKER_00,SPEAKER_00,,
Call recording _251128_232203,Call recording _251128_232203.wav,37.983,38.725,0.742,SPEAKER_02,SPEAKER_00,,
Call recording _251128_232203,Call recording _251128_232203.wav,38.573,42.708,4.134,SPEAKER_00,SPEAKER_00,,
Call recording _251128_232203,Call recording _251128_232203.wav,43.18,45.172,1.991,SPEAKER_02,SPEAKER_00,,
Call recording _251128_232203,Call recording _251128_232203.wav,45.172,49.643,4.472,SPEAKER_00,SPEAKER_00,,
Call recording _251128_232203,Call recording _251128_232203.wav,49.795,51.078,1.282,SPEAKER_00,SPEAKER_00,,
Call recording _251128_232203,Call recording _251128_232203.wav,51.55,52.985,1.434,SPEAKER_02,SPEAKER_00,,
Call recording _251128_232203,Call recording _251128_232203.wav,53.153,54.875,1.721,SPEAKER_00,SPEAKER_00,,
Call recording _251128_232203,Call recording _251128_232203.wav,55.195,58.148,2.953,SPEAKER_00,SPEAKER_00,,
Call recording _251128_232203,Call recording _251128_232203.wav,58.958,63.143,4.185,SPEAKER_00,SPEAKER_00,,
Call recording _251128_232203,Call recording _251128_232203.wav,59.06,59.633,0.574,SPEAKER_01,SPEAKER_00,,
Call recording _251128_232203,Call recording _251128_232203.wav,63.43,68.003,4.573,SPEAKER_01,SPEAKER_00,,
Call recording _251128_232203,Call recording _251128_232203.wav,67.21,73.943,6.733,SPEAKER_00,SPEAKER_00,,
Call recording _251128_232203,Call recording _251128_232203.wav,74.551,75.158,0.608,SPEAKER_02,SPEAKER_00,,
Call recording _251128_232203,Call recording _251128_232203.wav,75.327,76.103,0.776,SPEAKER_00,SPEAKER_00,,
Call recording _251128_232203,Call recording _251128_232203.wav,76.863,80.103,3.24,SPEAKER_00,SPEAKER_00,,
Call recording _251128_232203,Call recording _251128_232203.wav,76.913,77.167,0.253,SPEAKER_02,SPEAKER_00,,
Call recording _251128_232203,Call recording _251128_232203.wav,80.727,81.52,0.793,SPEAKER_02,SPEAKER_00,,
Call recording _251129_092106,Call recording _251129_092106.wav,0.031,0.925,0.894,SPEAKER_00,SPEAKER_01,,
Call recording _251129_092106,Call recording _251129_092106.wav,1.195,1.786,0.591,SPEAKER_00,SPEAKER_01,,
Call recording _251129_092106,Call recording _251129_092106.wav,1.229,1.516,0.287,SPEAKER_01,SPEAKER_01,,
Call recording _251129_092106,Call recording _251129_092106.wav,2.073,7.287,5.214,SPEAKER_00,SPEAKER_01,,
Call recording _251129_092106,Call recording _251129_092106.wav,7.658,11.928,4.269,SPEAKER_00,SPEAKER_01,,
Call recording _251129_092106,Call recording _251129_092106.wav,12.097,13.177,1.08,SPEAKER_01,SPEAKER_01,,
Call recording _251129_092106,Call recording _251129_092106.wav,13.835,14.999,1.164,SPEAKER_00,SPEAKER_01,,
Call recording _251129_092106,Call recording _251129_092106.wav,16.147,17.648,1.502,SPEAKER_00,SPEAKER_01,,
Call recording _251129_092106,Call recording _251129_092106.wav,18.863,21.26,2.396,SPEAKER_01,SPEAKER_01,,
Call recording _251129_092106,Call recording _251129_092106.wav,21.547,28.128,6.581,SPEAKER_01,SPEAKER_01,,
Call recording _251129_092106,Call recording _251129_092106.wav,25.04,25.327,0.287,SPEAKER_00,SPEAKER_01,,
Call recording _251129_092106,Call recording _251129_092106.wav,28.668,30.018,1.35,SPEAKER_00,SPEAKER_01,,
Call recording _251129_092106,Call recording _251129_092106.wav,29.495,31.351,1.856,SPEAKER_01,SPEAKER_01,,
Call recording _251129_092106,Call recording _251129_092106.wav,31.891,35.131,3.24,SPEAKER_00,SPEAKER_01,,
Call recording _251129_092106,Call recording _251129_092106.wav,33.46,34.777,1.316,SPEAKER_01,SPEAKER_01,,
Call recording _251129_092106,Call recording _251129_092106.wav,35.468,37.021,1.553,SPEAKER_00,SPEAKER_01,,
Call recording _251129_092106,Call recording _251129_092106.wav,37.915,38.945,1.029,SPEAKER_01,SPEAKER_01,,
Call recording _251129_092106,Call recording _251129_092106.wav,40.126,40.632,0.506,SPEAKER_00,SPEAKER_01,,
Call recording _251129_092106,Call recording _251129_092106.wav,40.885,43.433,2.548,SPEAKER_01,SPEAKER_01,,
Call recording _251129_092106,Call recording _251129_092106.wav,44.075,45.745,1.671,SPEAKER_00,SPEAKER_01,,
Call recording _251129_092106,Call recording _251129_092106.wav,45.88,48.209,2.329,SPEAKER_01,SPEAKER_01,,
Call recording _251129_092106,Call recording _251129_092106.wav,48.209,50.335,2.126,SPEAKER_00,SPEAKER_01,,
Call recording _251129_092106,Call recording _251129_092106.wav,48.58,48.732,0.152,SPEAKER_01,SPEAKER_01,,
Call recording _251129_092106,Call recording _251129_092106.wav,50.588,51.635,1.046,SPEAKER_01,SPEAKER_01,,
Call recording _251129_092106,Call recording _251129_092106.wav,50.723,51.044,0.321,SPEAKER_00,SPEAKER_01,,
Call recording _251129_092106,Call recording _251129_092106.wav,52.529,53.609,1.08,SPEAKER_00,SPEAKER_01,,
Call recording _251129_092106,Call recording _251129_092106.wav,53.626,55.955,2.329,SPEAKER_01,SPEAKER_01,,
Call recording _251129_092106,Call recording _251129_092106.wav,56.849,58.267,1.418,SPEAKER_00,SPEAKER_01,,
Call recording _251129_092106,Call recording _251129_092106.wav,58.267,60.477,2.211,SPEAKER_01,SPEAKER_01,,
Call recording _251129_092106,Call recording _251129_092106.wav,58.807,59.279,0.472,SPEAKER_00,SPEAKER_01,,
Call recording _251129_092106,Call recording _251129_092106.wav,60.308,60.393,0.084,SPEAKER_00,SPEAKER_01,,
Call recording _251129_092106,Call recording _251129_092106.wav,60.477,60.511,0.034,SPEAKER_00,SPEAKER_01,,
Call recording _251129_092106,Call recording _251129_092106.wav,60.916,62.502,1.586,SPEAKER_00,SPEAKER_01,,
Call recording _251129_092106,Call recording _251129_092106.wav,61.709,61.962,0.253,SPEAKER_01,SPEAKER_01,,
Call recording _251129_092106,Call recording _251129_092106.wav,62.738,63.11,0.371,SPEAKER_00,SPEAKER_01,,
Call recording _251129_092106,Call recording _251129_092106.wav,63.008,68.864,5.856,SPEAKER_01,SPEAKER_01,,
Call recording _251129_092106,Call recording _251129_092106.wav,65.303,65.472,0.169,SPEAKER_00,SPEAKER_01,,
Call recording _251129_092106,Call recording _251129_092106.wav,70.619,71.311,0.692,SPEAKER_01,SPEAKER_01,,
Call recording _251129_092106,Call recording _251129_092106.wav,70.822,71.193,0.371,SPEAKER_00,SPEAKER_01,,
Call recording _251129_092106,Call recording _251129_092106.wav,71.783,72.442,0.658,SPEAKER_01,SPEAKER_01,,
Call recording _251129_103931,Call recording _251129_103931.wav,0.031,0.368,0.338,SPEAKER_00,SPEAKER_00,,
Call recording _251129_103931,Call recording _251129_103931.wav,0.706,1.043,0.338,SPEAKER_00,SPEAKER_00,,
Call recording _251129_103931,Call recording _251129_103931.wav,2.039,2.478,0.439,SPEAKER_00,SPEAKER_00,,
Call recording _251129_103931,Call recording _251129_103931.wav,2.073,2.444,0.371,SPEAKER_01,SPEAKER_00,,
Call recording _251129_103931,Call recording _251129_103931.wav,2.478,3.018,0.54,SPEAKER_01,SPEAKER_00,,
Call recording _251129_103931,Call recording _251129_103931.wav,3.018,3.676,0.658,SPEAKER_00,SPEAKER_00,,
Call recording _251129_103931,Call recording _251129_103931.wav,3.288,3.895,0.607,SPEAKER_01,SPEAKER_00,,
Call recording _251129_103931,Call recording _251129_103931.wav,4.098,5.296,1.198,SPEAKER_00,SPEAKER_00,,
Call recording _251129_103931,Call recording _251129_103931.wav,4.739,5.262,0.523,SPEAKER_01,SPEAKER_00,,
Call recording _251129_103931,Call recording _251129_103931.wav,5.853,8.182,2.329,SPEAKER_01,SPEAKER_00,,
Call recording _251129_103931,Call recording _251129_103931.wav,8.097,8.688,0.591,SPEAKER_00,SPEAKER_00,,
Call recording _251129_103931,Call recording _251129_103931.wav,8.452,9.582,1.131,SPEAKER_01,SPEAKER_00,,
Call recording _251129_103931,Call recording _251129_103931.wav,9.802,10.257,0.456,SPEAKER_00,SPEAKER_00,,
Call recording _251129_103931,Call recording _251129_103931.wav,9.818,14.138,4.32,SPEAKER_01,SPEAKER_00,,
Call recording _251129_103931,Call recording _251129_103931.wav,12.755,13.48,0.726,SPEAKER_00,SPEAKER_00,,
Call recording _251129_103931,Call recording _251129_103931.wav,14.476,17.8,3.324,SPEAKER_01,SPEAKER_00,,
Call recording _251129_103931,Call recording _251129_103931.wav,16.822,17.395,0.574,SPEAKER_00,SPEAKER_00,,
Call recording _251129_103931,Call recording _251129_103931.wav,18.475,22.897,4.421,SPEAKER_01,SPEAKER_00,,
Call recording _251129_103931,Call recording _251129_103931.wav,19.69,20.129,0.439,SPEAKER_00,SPEAKER_00,,
Call recording _251129_103931,Call recording _251129_103931.wav,23.318,28.263,4.944,SPEAKER_00,SPEAKER_00,,
Call recording _251129_103931,Call recording _251129_103931.wav,29.208,30.068,0.861,SPEAKER_00,SPEAKER_00,,
Call recording _251129_103931,Call recording _251129_103931.wav,30.254,33.578,3.324,SPEAKER_00,SPEAKER_00,,
Call recording _251129_103931,Call recording _251129_103931.wav,32.836,33.41,0.574,SPEAKER_01,SPEAKER_00,,
Call recording _251129_103931,Call recording _251129_103931.wav,33.781,40.328,6.547,SPEAKER_00,SPEAKER_00,,
Call recording _251129_103931,Call recording _251129_103931.wav,40.497,43.67,3.172,SPEAKER_00,SPEAKER_00,,
Call recording _251129_103931,Call recording _251129_103931.wav,43.433,43.653,0.219,SPEAKER_01,SPEAKER_00,,
Call recording _251129_103931,Call recording _251129_103931.wav,43.67,44.699,1.029,SPEAKER_01,SPEAKER_00,,
Call recording _251129_103931,Call recording _251129_103931.wav,44.058,44.632,0.574,SPEAKER_00,SPEAKER_00,,
Call recording _251129_103931,Call recording _251129_103931.wav,45.02,48.158,3.139,SPEAKER_01,SPEAKER_00,,
Call recording _251129_103931,Call recording _251129_103931.wav,46.825,47.298,0.473,SPEAKER_00,SPEAKER_00,,
Call recording _251129_103931,Call recording _251129_103931.wav,48.108,59.988,11.88,SPEAKER_00,SPEAKER_00,,
Call recording _251129_103931,Call recording _251129_103931.wav,49.964,50.386,0.422,SPEAKER_01,SPEAKER_00,,
Call recording _251129_103931,Call recording _251129_103931.wav,60.781,61.135,0.354,SPEAKER_01,SPEAKER_00,,
Call recording _251129_103931,Call recording _251129_103931.wav,61.135,62.401,1.266,SPEAKER_00,SPEAKER_00,,
Call recording _251129_103931,Call recording _251129_103931.wav,61.152,61.743,0.591,SPEAKER_01,SPEAKER_00,,
Call recording _251129_103931,Call recording _251129_103931.wav,61.962,64.105,2.143,SPEAKER_01,SPEAKER_00,,
Call recording _251129_103931,Call recording _251129_103931.wav,65.067,67.97,2.902,SPEAKER_01,SPEAKER_00,,
Call recording _251129_103931,Call recording _251129_103931.wav,68.257,69.235,0.979,SPEAKER_00,SPEAKER_00,,
Call recording _251129_103931,Call recording _251129_103931.wav,68.78,69.64,0.861,SPEAKER_01,SPEAKER_00,,
Call recording _251129_103931,Call recording _251129_103931.wav,70.18,72.813,2.632,SPEAKER_01,SPEAKER_00,,
Call recording _251129_103931,Call recording _251129_103931.wav,71.885,76.323,4.438,SPEAKER_00,SPEAKER_00,,
Call recording _251129_103931,Call recording _251129_103931.wav,75.125,75.412,0.287,SPEAKER_01,SPEAKER_00,,
Call recording _251129_103931,Call recording _251129_103931.wav,76.373,88.22,11.846,SPEAKER_00,SPEAKER_00,,
Call recording _251129_103931,Call recording _251129_103931.wav,88.456,88.962,0.506,SPEAKER_00,SPEAKER_00,,
Call recording _251129_103931,Call recording _251129_103931.wav,89.232,89.755,0.523,SPEAKER_01,SPEAKER_00,,
Call recording _251129_103931,Call recording _251129_103931.wav,89.57,90.717,1.147,SPEAKER_00,SPEAKER_00,,
Call recording _251129_103931,Call recording _251129_103931.wav,91.257,91.274,0.017,SPEAKER_00,SPEAKER_00,,
Call recording _251129_110959,Call recording _251129_110959.wav,0.605,2.427,1.823,SPEAKER_00,SPEAKER_01,,
Call recording _251129_110959,Call recording _251129_110959.wav,2.647,5.482,2.835,SPEAKER_00,SPEAKER_01,,
Call recording _251129_110959,Call recording _251129_110959.wav,5.667,8.114,2.447,SPEAKER_00,SPEAKER_01,,
Call recording _251129_110959,Call recording _251129_110959.wav,8.283,10.443,2.16,SPEAKER_00,SPEAKER_01,,
Call recording _251129_110959,Call recording _251129_110959.wav,10.747,12.805,2.059,SPEAKER_01,SPEAKER_01,,
Call recording _251129_110959,Call recording _251129_110959.wav,12.637,13.058,0.422,SPEAKER_00,SPEAKER_01,,
Call recording _251129_110959,Call recording _251129_110959.wav,13.7,16.045,2.346,SPEAKER_00,SPEAKER_01,,
Call recording _251129_110959,Call recording _251129_110959.wav,13.818,13.97,0.152,SPEAKER_01,SPEAKER_01,,
Call recording _251129_110959,Call recording _251129_110959.wav,16.214,17.682,1.468,SPEAKER_00,SPEAKER_01,,
Call recording _251129_110959,Call recording _251129_110959.wav,16.585,18.239,1.654,SPEAKER_01,SPEAKER_01,,
Call recording _251129_110959,Call recording _251129_110959.wav,18.796,20.399,1.603,SPEAKER_01,SPEAKER_01,,
Call recording _251129_110959,Call recording _251129_110959.wav,19.066,20.163,1.097,SPEAKER_00,SPEAKER_01,,
Call recording _251129_110959,Call recording _251129_110959.wav,20.872,22.205,1.333,SPEAKER_01,SPEAKER_01,,
Call recording _251129_110959,Call recording _251129_110959.wav,21.682,22.222,0.54,SPEAKER_00,SPEAKER_01,,
Call recording _251129_110959,Call recording _251129_110959.wav,23.403,26.052,2.649,SPEAKER_00,SPEAKER_01,,
Call recording _251129_110959,Call recording _251129_110959.wav,26.153,26.187,0.034,SPEAKER_00,SPEAKER_01,,
Call recording _251129_110959,Call recording _251129_110959.wav,26.187,26.356,0.169,SPEAKER_01,SPEAKER_01,,
Call recording _251129_110959,Call recording _251129_110959.wav,26.356,26.373,0.017,SPEAKER_00,SPEAKER_01,,
Call recording _251129_110959,Call recording _251129_110959.wav,26.373,35.452,9.079,SPEAKER_01,SPEAKER_01,,
Call recording _251129_110959,Call recording _251129_110959.wav,27.284,27.689,0.405,SPEAKER_00,SPEAKER_01,,
Call recording _251129_110959,Call recording _251129_110959.wav,35.688,38.152,2.464,SPEAKER_01,SPEAKER_01,,
Call recording _251129_110959,Call recording _251129_110959.wav,38.371,41.695,3.324,SPEAKER_01,SPEAKER_01,,
Call recording _251129_110959,Call recording _251129_110959.wav,42.067,47.45,5.383,SPEAKER_01,SPEAKER_01,,
Call recording _251129_110959,Call recording _251129_110959.wav,47.618,54.284,6.666,SPEAKER_01,SPEAKER_01,,
Call recording _251129_110959,Call recording _251129_110959.wav,48.648,48.968,0.321,SPEAKER_00,SPEAKER_01,,
Call recording _251129_110959,Call recording _251129_110959.wav,54.605,60.882,6.278,SPEAKER_01,SPEAKER_01,,
Call recording _251129_110959,Call recording _251129_110959.wav,54.824,55.297,0.473,SPEAKER_00,SPEAKER_01,,
Call recording _251129_110959,Call recording _251129_110959.wav,61.135,65.523,4.388,SPEAKER_01,SPEAKER_01,,
Call recording _251129_110959,Call recording _251129_110959.wav,66.198,66.704,0.506,SPEAKER_00,SPEAKER_01,,
Call recording _251129_110959,Call recording _251129_110959.wav,66.704,67.598,0.894,SPEAKER_01,SPEAKER_01,,
Call recording _251129_110959,Call recording _251129_110959.wav,68.392,68.408,0.017,SPEAKER_01,SPEAKER_01,,
Call recording _251129_110959,Call recording _251129_110959.wav,68.408,68.476,0.068,SPEAKER_00,SPEAKER_01,,
Call recording _251129_110959,Call recording _251129_110959.wav,68.476,68.577,0.101,SPEAKER_01,SPEAKER_01,,
Call recording _251129_110959,Call recording _251129_110959.wav,68.577,68.594,0.017,SPEAKER_00,SPEAKER_01,,
Call recording _251129_110959,Call recording _251129_110959.wav,68.594,68.628,0.034,SPEAKER_01,SPEAKER_01,,
Call recording _251129_111237,Call recording _251129_111237.wav,0.031,0.385,0.354,SPEAKER_01,SPEAKER_01,,
Call recording _251129_111237,Call recording _251129_111237.wav,0.554,6.123,5.569,SPEAKER_00,SPEAKER_01,,
Call recording _251129_111237,Call recording _251129_111237.wav,5.296,5.735,0.439,SPEAKER_01,SPEAKER_01,,
Call recording _251129_111237,Call recording _251129_111237.wav,6.342,6.359,0.017,SPEAKER_01,SPEAKER_01,,
Call recording _251129_111237,Call recording _251129_111237.wav,6.359,6.376,0.017,SPEAKER_00,SPEAKER_01,,
Call recording _251129_111237,Call recording _251129_111237.wav,6.376,6.747,0.371,SPEAKER_01,SPEAKER_01,,
Call recording _251129_111237,Call recording _251129_111237.wav,6.646,7.338,0.692,SPEAKER_00,SPEAKER_01,,
Call recording _251129_111237,Call recording _251129_111237.wav,7.473,13.109,5.636,SPEAKER_00,SPEAKER_01,,
Call recording _251129_111237,Call recording _251129_111237.wav,13.177,15.016,1.839,SPEAKER_01,SPEAKER_01,,
Call recording _251129_111237,Call recording _251129_111237.wav,13.531,14.003,0.473,SPEAKER_00,SPEAKER_01,,
Call recording _251129_111237,Call recording _251129_111237.wav,16.028,21.614,5.586,SPEAKER_00,SPEAKER_01,,
Call recording _251129_111237,Call recording _251129_111237.wav,21.884,22.525,0.641,SPEAKER_01,SPEAKER_01,,
Call recording _251129_111237,Call recording _251129_111237.wav,23.403,25.327,1.924,SPEAKER_00,SPEAKER_01,,
Call recording _251129_111237,Call recording _251129_111237.wav,25.9,27.824,1.924,SPEAKER_00,SPEAKER_01,,
Call recording _251129_111237,Call recording _251129_111237.wav,28.482,31.807,3.324,SPEAKER_01,SPEAKER_01,,
Call recording _251129_111237,Call recording _251129_111237.wav,31.975,39.08,7.104,SPEAKER_01,SPEAKER_01,,
Call recording _251129_111237,Call recording _251129_111237.wav,39.923,40.025,0.101,SPEAKER_01,SPEAKER_01,,
Call recording _251129_111237,Call recording _251129_111237.wav,40.21,41.662,1.451,SPEAKER_01,SPEAKER_01,,
Call recording _251129_111237,Call recording _251129_111237.wav,46.623,47.028,0.405,SPEAKER_01,SPEAKER_01,,
Call recording _251129_111237,Call recording _251129_111237.wav,47.838,48.513,0.675,SPEAKER_00,SPEAKER_01,,
Call recording _251129_111237,Call recording _251129_111237.wav,48.614,51.162,2.548,SPEAKER_01,SPEAKER_01,,
Call recording _251129_111237,Call recording _251129_111237.wav,51.483,52.495,1.013,SPEAKER_01,SPEAKER_01,,
Call recording _251129_111237,Call recording _251129_111237.wav,54.74,55.212,0.473,SPEAKER_01,SPEAKER_01,,
Call recording _251129_111237,Call recording _251129_111237.wav,56.157,56.427,0.27,SPEAKER_00,SPEAKER_01,,
Call recording _251129_111237,Call recording _251129_111237.wav,56.832,60.848,4.016,SPEAKER_01,SPEAKER_01,,
Call recording _251129_111237,Call recording _251129_111237.wav,62.08,63.177,1.097,SPEAKER_00,SPEAKER_01,,
Call recording _251129_111237,Call recording _251129_111237.wav,63.413,68.594,5.181,SPEAKER_01,SPEAKER_01,,
Call recording _251129_111237,Call recording _251129_111237.wav,70.349,72.458,2.109,SPEAKER_01,SPEAKER_01,,
Call recording _251129_111237,Call recording _251129_111237.wav,73.488,74.197,0.709,SPEAKER_00,SPEAKER_01,,
Call recording _251129_111237,Call recording _251129_111237.wav,74.399,74.669,0.27,SPEAKER_01,SPEAKER_01,,
Call recording _251129_111237,Call recording _251129_111237.wav,77.858,78.365,0.506,SPEAKER_00,SPEAKER_01,,
Call recording _251129_111237,Call recording _251129_111237.wav,78.466,79.327,0.861,SPEAKER_01,SPEAKER_01,,
Call recording _251129_111237,Call recording _251129_111237.wav,78.972,79.343,0.371,SPEAKER_00,SPEAKER_01,,
Call recording _251129_150256,Call recording _251129_150256.wav,1.668,2.225,0.557,SPEAKER_01,SPEAKER_00,,
Call recording _251129_150256,Call recording _251129_150256.wav,2.36,2.815,0.456,SPEAKER_00,SPEAKER_00,,
Call recording _251129_150256,Call recording _251129_150256.wav,3.625,4.199,0.574,SPEAKER_00,SPEAKER_00,,
Call recording _251129_150256,Call recording _251129_150256.wav,3.946,9.953,6.008,SPEAKER_01,SPEAKER_00,,
Call recording _251129_150256,Call recording _251129_150256.wav,4.84,5.971,1.131,SPEAKER_00,SPEAKER_00,,
Call recording _251129_150256,Call recording _251129_150256.wav,9.953,10.358,0.405,SPEAKER_00,SPEAKER_00,,
Call recording _251129_150256,Call recording _251129_150256.wav,11.405,18.897,7.492,SPEAKER_01,SPEAKER_00,,
Call recording _251129_150256,Call recording _251129_150256.wav,18.897,19.387,0.489,SPEAKER_00,SPEAKER_00,,
Call recording _251129_150256,Call recording _251129_150256.wav,19.387,22.694,3.308,SPEAKER_01,SPEAKER_00,,
Call recording _251129_150256,Call recording _251129_150256.wav,22.745,24.095,1.35,SPEAKER_00,SPEAKER_00,,
Call recording _251129_150256,Call recording _251129_150256.wav,23.268,24.432,1.164,SPEAKER_01,SPEAKER_00,,
Call recording _251129_150256,Call recording _251129_150256.wav,24.905,27.959,3.054,SPEAKER_00,SPEAKER_00,,
Call recording _251129_150256,Call recording _251129_150256.wav,28.465,34.135,5.67,SPEAKER_01,SPEAKER_00,,
Call recording _251129_150256,Call recording _251129_150256.wav,31.84,32.161,0.321,SPEAKER_00,SPEAKER_00,,
Call recording _251129_150256,Call recording _251129_150256.wav,34.203,34.54,0.338,SPEAKER_00,SPEAKER_00,,
Call recording _251129_150256,Call recording _251129_150256.wav,34.81,44.243,9.433,SPEAKER_00,SPEAKER_00,,
Call recording _251129_150256,Call recording _251129_150256.wav,35.688,35.772,0.084,SPEAKER_01,SPEAKER_00,,
Call recording _251129_150256,Call recording _251129_150256.wav,36.464,36.886,0.422,SPEAKER_01,SPEAKER_00,,
Call recording _251129_150256,Call recording _251129_150256.wav,44.378,49.39,5.012,SPEAKER_00,SPEAKER_00,,
Call recording _251129_150256,Call recording _251129_150256.wav,44.817,45.374,0.557,SPEAKER_01,SPEAKER_00,,
Call recording _251129_150256,Call recording _251129_150256.wav,49.61,52.951,3.341,SPEAKER_00,SPEAKER_00,,
Call recording _251129_150256,Call recording _251129_150256.wav,53.018,55.094,2.076,SPEAKER_01,SPEAKER_00,,
Call recording _251129_150256,Call recording _251129_150256.wav,53.17,53.626,0.456,SPEAKER_00,SPEAKER_00,,
Call recording _251129_150256,Call recording _251129_150256.wav,53.93,58.722,4.792,SPEAKER_00,SPEAKER_00,,
Call recording _251129_150256,Call recording _251129_150256.wav,58.891,64.055,5.164,SPEAKER_00,SPEAKER_00,,
Call recording _251129_150256,Call recording _251129_150256.wav,59.397,59.87,0.473,SPEAKER_01,SPEAKER_00,,
Call recording _251129_150256,Call recording _251129_150256.wav,64.561,66.248,1.688,SPEAKER_01,SPEAKER_00,,
Call recording _251129_150256,Call recording _251129_150256.wav,65.202,65.54,0.338,SPEAKER_00,SPEAKER_00,,
Call recording _251129_150256,Call recording _251129_150256.wav,66.046,68.088,2.042,SPEAKER_00,SPEAKER_00,,
Call recording _251129_150256,Call recording _251129_150256.wav,68.797,70.012,1.215,SPEAKER_01,SPEAKER_00,,
Call recording _251129_150256,Call recording _251129_150256.wav,70.282,71.513,1.232,SPEAKER_00,SPEAKER_00,,
Call recording _251129_150256,Call recording _251129_150256.wav,72.239,72.998,0.759,SPEAKER_01,SPEAKER_00,,
Call recording _251129_150256,Call recording _251129_150256.wav,72.948,73.741,0.793,SPEAKER_00,SPEAKER_00,,
Call recording _251129_150256,Call recording _251129_150256.wav,73.218,73.859,0.641,SPEAKER_01,SPEAKER_00,,
Call recording _251129_150256,Call recording _251129_150256.wav,74.163,75.462,1.299,SPEAKER_00,SPEAKER_00,,
Call recording _251129_150256,Call recording _251129_150256.wav,76.238,77.521,1.282,SPEAKER_01,SPEAKER_00,,
Call recording _251129_150256,Call recording _251129_150256.wav,77.605,78.719,1.114,SPEAKER_00,SPEAKER_00,,
Call recording _251129_150256,Call recording _251129_150256.wav,80.204,82.6,2.396,SPEAKER_01,SPEAKER_00,,
Call recording _251129_150256,Call recording _251129_150256.wav,82.87,83.933,1.063,SPEAKER_00,SPEAKER_00,,
Call recording _251129_150256,Call recording _251129_150256.wav,84.659,86.161,1.502,SPEAKER_01,SPEAKER_00,,
Call recording _251129_150256,Call recording _251129_150256.wav,85.672,86.043,0.371,SPEAKER_00,SPEAKER_00,,
Call recording _251129_150256,Call recording _251129_150256.wav,86.06,88.642,2.582,SPEAKER_00,SPEAKER_00,,
Call recording _251129_150256,Call recording _251129_150256.wav,87.967,88.507,0.54,SPEAKER_01,SPEAKER_00,,
Call recording _251129_150256,Call recording _251129_150256.wav,89.587,90.785,1.198,SPEAKER_01,SPEAKER_00,,
Call recording _251129_150256,Call recording _251129_150256.wav,91.19,92.557,1.367,SPEAKER_00,SPEAKER_00,,
Call recording _251129_150256,Call recording _251129_150256.wav,93.518,94.936,1.417,SPEAKER_01,SPEAKER_00,,
Call recording _251129_150256,Call recording _251129_150256.wav,95.003,95.898,0.894,SPEAKER_00,SPEAKER_00,,
Call recording _251129_150256,Call recording _251129_150256.wav,96.792,97.653,0.861,SPEAKER_01,SPEAKER_00,,
Call recording _251129_150256,Call recording _251129_150256.wav,97.653,98.395,0.743,SPEAKER_00,SPEAKER_00,,
Call recording _251129_150256,Call recording _251129_150256.wav,99.222,100.758,1.536,SPEAKER_01,SPEAKER_00,,
Call recording _251129_150256,Call recording _251129_150256.wav,100.538,104.622,4.084,SPEAKER_00,SPEAKER_00,,
Call recording _251129_150256,Call recording _251129_150256.wav,105.044,106.04,0.996,SPEAKER_00,SPEAKER_00,,
Call recording _251129_150256,Call recording _251129_150256.wav,105.095,107.575,2.481,SPEAKER_01,SPEAKER_00,,
Call recording _251129_150256,Call recording _251129_150256.wav,107.812,108.605,0.793,SPEAKER_00,SPEAKER_00,,
Call recording _251129_150256,Call recording _251129_150256.wav,108.605,108.925,0.321,SPEAKER_01,SPEAKER_00,,
Call recording _251129_150256,Call recording _251129_150256.wav,109.55,110.663,1.114,SPEAKER_00,SPEAKER_00,,
Call recording _251129_150256,Call recording _251129_150256.wav,110.731,111.592,0.861,SPEAKER_01,SPEAKER_00,,
Call recording _251130_054850,Call recording _251130_054850.wav,2.579,4.334,1.755,SPEAKER_00,SPEAKER_00,,
Call recording _251130_054850,Call recording _251130_054850.wav,2.731,4.199,1.468,SPEAKER_01,SPEAKER_00,,
Call recording _251130_054850,Call recording _251130_054850.wav,4.604,5.077,0.473,SPEAKER_00,SPEAKER_00,,
Call recording _251130_054850,Call recording _251130_054850.wav,5.617,6.241,0.624,SPEAKER_00,SPEAKER_00,,
Call recording _251130_054850,Call recording _251130_054850.wav,6.916,14.628,7.712,SPEAKER_00,SPEAKER_00,,
Call recording _251130_054850,Call recording _251130_054850.wav,9.7,10.342,0.641,SPEAKER_01,SPEAKER_00,,
Call recording _251130_054850,Call recording _251130_054850.wav,14.898,15.387,0.489,SPEAKER_00,SPEAKER_00,,
Call recording _251130_054850,Call recording _251130_054850.wav,15.657,17.092,1.434,SPEAKER_00,SPEAKER_00,,
Call recording _251130_054850,Call recording _251130_054850.wav,17.412,23.133,5.721,SPEAKER_00,SPEAKER_00,,
Call recording _251130_054850,Call recording _251130_054850.wav,23.335,23.993,0.658,SPEAKER_01,SPEAKER_00,,
Call recording _251130_054850,Call recording _251130_054850.wav,24.803,25.782,0.979,SPEAKER_00,SPEAKER_00,,
Call recording _251130_054850,Call recording _251130_054850.wav,26.052,30.001,3.949,SPEAKER_00,SPEAKER_00,,
Call recording _251130_054850,Call recording _251130_054850.wav,30.153,30.575,0.422,SPEAKER_01,SPEAKER_00,,
Call recording _251130_054850,Call recording _251130_054850.wav,30.71,34.034,3.324,SPEAKER_01,SPEAKER_00,,
Call recording _251130_054850,Call recording _251130_054850.wav,35.485,37.19,1.704,SPEAKER_00,SPEAKER_00,,
Call recording _251130_054850,Call recording _251130_054850.wav,37.207,37.628,0.422,SPEAKER_01,SPEAKER_00,,
Call recording _251130_054850,Call recording _251130_054850.wav,37.628,37.645,0.017,SPEAKER_00,SPEAKER_00,,
Call recording _251130_054850,Call recording _251130_054850.wav,37.882,38.354,0.473,SPEAKER_00,SPEAKER_00,,
Call recording _251130_054850,Call recording _251130_054850.wav,38.692,39.248,0.557,SPEAKER_00,SPEAKER_00,,
Call recording _251130_054850,Call recording _251130_054850.wav,39.502,44.024,4.523,SPEAKER_00,SPEAKER_00,,
Call recording _251130_054850,Call recording _251130_054850.wav,44.294,45.205,0.911,SPEAKER_00,SPEAKER_00,,
Call recording _251130_054850,Call recording _251130_054850.wav,45.796,47.028,1.232,SPEAKER_00,SPEAKER_00,,
Call recording _251130_054850,Call recording _251130_054850.wav,47.197,49.525,2.329,SPEAKER_00,SPEAKER_00,,
Call recording _251130_054850,Call recording _251130_054850.wav,49.897,50.993,1.097,SPEAKER_00,SPEAKER_00,,
Call recording _251130_054850,Call recording _251130_054850.wav,51.179,51.5,0.321,SPEAKER_01,SPEAKER_00,,
Call recording _251130_054850,Call recording _251130_054850.wav,51.5,51.517,0.017,SPEAKER_00,SPEAKER_00,,
Call recording _251130_054850,Call recording _251130_054850.wav,51.989,52.343,0.354,SPEAKER_00,SPEAKER_00,,
Call recording _251130_054850,Call recording _251130_054850.wav,52.597,54.098,1.502,SPEAKER_00,SPEAKER_00,,
Call recording _251130_054850,Call recording _251130_054850.wav,53.862,55.313,1.451,SPEAKER_01,SPEAKER_00,,
Call recording _251130_054850,Call recording _251130_054850.wav,55.094,55.904,0.81,SPEAKER_00,SPEAKER_00,,
Call recording _251130_054850,Call recording _251130_054850.wav,57.119,58.638,1.519,SPEAKER_01,SPEAKER_00,,
Call recording _251130_054850,Call recording _251130_054850.wav,60.005,62.35,2.346,SPEAKER_00,SPEAKER_00,,
Call recording _251130_054850,Call recording _251130_054850.wav,62.35,63.633,1.283,SPEAKER_01,SPEAKER_00,,
Call recording _251130_054850,Call recording _251130_054850.wav,64.983,65.843,0.861,SPEAKER_01,SPEAKER_00,,
Call recording _251130_054850,Call recording _251130_054850.wav,65.607,66.485,0.877,SPEAKER_00,SPEAKER_00,,
Call recording _251130_054850,Call recording _251130_054850.wav,66.62,70.045,3.426,SPEAKER_01,SPEAKER_00,,
Call recording _251130_054850,Call recording _251130_054850.wav,70.163,76.525,6.362,SPEAKER_01,SPEAKER_00,,
Call recording _251130_075849,Call recording _251130_075849.wav,0.571,2.427,1.856,SPEAKER_01,SPEAKER_01,,
Call recording _251130_075849,Call recording _251130_075849.wav,3.17,5.566,2.396,SPEAKER_01,SPEAKER_01,,
Call recording _251130_075849,Call recording _251130_075849.wav,6.224,8.384,2.16,SPEAKER_01,SPEAKER_01,,
Call recording _251130_075849,Call recording _251130_075849.wav,8.958,9.278,0.321,SPEAKER_01,SPEAKER_01,,
Call recording _251130_075849,Call recording _251130_075849.wav,9.768,11.877,2.109,SPEAKER_01,SPEAKER_01,,
Call recording _251130_075849,Call recording _251130_075849.wav,9.937,10.291,0.354,SPEAKER_00,SPEAKER_01,,
Call recording _251130_075849,Call recording _251130_075849.wav,13.312,14.746,1.434,SPEAKER_01,SPEAKER_01,,
Call recording _251130_075849,Call recording _251130_075849.wav,14.898,17.277,2.379,SPEAKER_01,SPEAKER_01,,
Call recording _251130_075849,Call recording _251130_075849.wav,17.463,18.07,0.607,SPEAKER_01,SPEAKER_01,,
Call recording _251130_075849,Call recording _251130_075849.wav,18.138,19.184,1.046,SPEAKER_01,SPEAKER_01,,
Call recording _251130_075849,Call recording _251130_075849.wav,19.943,20.483,0.54,SPEAKER_01,SPEAKER_01,,
Call recording _251130_075849,Call recording _251130_075849.wav,20.973,22.643,1.671,SPEAKER_01,SPEAKER_01,,
Call recording _251130_075849,Call recording _251130_075849.wav,23.909,24.213,0.304,SPEAKER_01,SPEAKER_01,,
Call recording _251130_075849,Call recording _251130_075849.wav,25.09,25.343,0.253,SPEAKER_01,SPEAKER_01,,
Call recording _251130_075849,Call recording _251130_075849.wav,25.343,25.36,0.017,SPEAKER_00,SPEAKER_01,,
Call recording _251130_075849,Call recording _251130_075849.wav,26.069,26.17,0.101,SPEAKER_01,SPEAKER_01,,
Call recording _251130_075849,Call recording _251130_075849.wav,26.17,27.352,1.181,SPEAKER_00,SPEAKER_01,,
Call recording _251130_075849,Call recording _251130_075849.wav,29.107,29.866,0.759,SPEAKER_00,SPEAKER_01,,
Call recording _251130_075849,Call recording _251130_075849.wav,30.322,31.79,1.468,SPEAKER_00,SPEAKER_01,,
Call recording _251130_075849,Call recording _251130_075849.wav,32.043,32.482,0.439,SPEAKER_00,SPEAKER_01,,
Call recording _251130_075849,Call recording _251130_075849.wav,32.836,34.355,1.519,SPEAKER_00,SPEAKER_01,,
Call recording _251130_075849,Call recording _251130_075849.wav,35.03,35.131,0.101,SPEAKER_00,SPEAKER_01,,
Call recording _251130_075849,Call recording _251130_075849.wav,35.131,35.637,0.506,SPEAKER_01,SPEAKER_01,,
Call recording _251130_075849,Call recording _251130_075849.wav,35.637,35.789,0.152,SPEAKER_00,SPEAKER_01,,
Call recording _251130_075849,Call recording _251130_075849.wav,35.789,35.857,0.068,SPEAKER_01,SPEAKER_01,,
Call recording _251130_075849,Call recording _251130_075849.wav,35.857,36.025,0.169,SPEAKER_00,SPEAKER_01,,
Call recording _251130_075849,Call recording _251130_075849.wav,38.489,38.624,0.135,SPEAKER_01,SPEAKER_01,,
Call recording _251130_075849,Call recording _251130_075849.wav,38.641,38.658,0.017,SPEAKER_01,SPEAKER_01,,
Call recording _251130_075849,Call recording _251130_075849.wav,38.675,38.776,0.101,SPEAKER_01,SPEAKER_01,,
Call recording _251130_075849,Call recording _251130_075849.wav,40.514,44.378,3.864,SPEAKER_01,SPEAKER_01,,
Call recording _251130_075849,Call recording _251130_075849.wav,44.969,47.804,2.835,SPEAKER_01,SPEAKER_01,,
Call recording _251130_075849,Call recording _251130_075849.wav,46.724,47.112,0.388,SPEAKER_00,SPEAKER_01,,
Call recording _251130_075849,Call recording _251130_075849.wav,48.226,54.453,6.227,SPEAKER_01,SPEAKER_01,,
Call recording _251130_075849,Call recording _251130_075849.wav,49.373,49.525,0.152,SPEAKER_00,SPEAKER_01,,
Call recording _251130_075849,Call recording _251130_075849.wav,54.79,55.803,1.012,SPEAKER_01,SPEAKER_01,,
Call recording _251130_075849,Call recording _251130_075849.wav,57.271,57.625,0.354,SPEAKER_01,SPEAKER_01,,
Call recording _251130_075849,Call recording _251130_075849.wav,57.946,58.621,0.675,SPEAKER_01,SPEAKER_01,,
Call recording _251130_075849,Call recording _251130_075849.wav,59.043,60.494,1.451,SPEAKER_01,SPEAKER_01,,
Call recording _251130_075849,Call recording _251130_075849.wav,61.49,64.763,3.274,SPEAKER_01,SPEAKER_01,,
Call recording _251130_075849,Call recording _251130_075849.wav,65.067,66.907,1.839,SPEAKER_01,SPEAKER_01,,
Call recording _251130_075849,Call recording _251130_075849.wav,67.497,71.092,3.594,SPEAKER_01,SPEAKER_01,,
Call recording _251130_075849,Call recording _251130_075849.wav,71.851,74.551,2.7,SPEAKER_01,SPEAKER_01,,
Call recording _251130_075849,Call recording _251130_075849.wav,74.669,76.373,1.704,SPEAKER_01,SPEAKER_01,,
Call recording _251130_075849,Call recording _251130_075849.wav,74.804,74.838,0.034,SPEAKER_00,SPEAKER_01,,
Call recording _251130_075849,Call recording _251130_075849.wav,75.125,75.158,0.034,SPEAKER_00,SPEAKER_01,,
Call recording _251130_075849,Call recording _251130_075849.wav,75.209,75.26,0.051,SPEAKER_00,SPEAKER_01,,
Call recording _251130_075849,Call recording _251130_075849.wav,76.795,78.297,1.502,SPEAKER_01,SPEAKER_01,,
Call recording _251130_075849,Call recording _251130_075849.wav,79.225,79.563,0.337,SPEAKER_01,SPEAKER_01,,
Call recording _251130_075849,Call recording _251130_075849.wav,79.748,80.035,0.287,SPEAKER_01,SPEAKER_01,,
Call recording _251130_075849,Call recording _251130_075849.wav,80.052,80.103,0.051,SPEAKER_01,SPEAKER_01,,
Call recording _251130_075849,Call recording _251130_075849.wav,80.238,81.233,0.996,SPEAKER_01,SPEAKER_01,,
Call recording _251130_075849,Call recording _251130_075849.wav,81.419,82.6,1.181,SPEAKER_01,SPEAKER_01,,
Call recording _251130_075849,Call recording _251130_075849.wav,85.992,89.198,3.206,SPEAKER_01,SPEAKER_01,,
Call recording _251130_075849,Call recording _251130_075849.wav,89.873,95.24,5.366,SPEAKER_01,SPEAKER_01,,
Call recording _251130_075849,Call recording _251130_075849.wav,95.729,97.248,1.519,SPEAKER_01,SPEAKER_01,,
Call recording _251130_075849,Call recording _251130_075849.wav,98.075,98.564,0.489,SPEAKER_01,SPEAKER_01,,
Call recording _251130_075849,Call recording _251130_075849.wav,99.425,99.745,0.321,SPEAKER_01,SPEAKER_01,,
Call recording _251130_075849,Call recording _251130_075849.wav,99.762,101.888,2.126,SPEAKER_01,SPEAKER_01,,
Call recording _251130_075849,Call recording _251130_075849.wav,101.99,102.023,0.034,SPEAKER_01,SPEAKER_01,,
Call recording _251130_075849,Call recording _251130_075849.wav,102.057,102.85,0.793,SPEAKER_01,SPEAKER_01,,
Call recording _251130_075849,Call recording _251130_075849.wav,103.913,110.242,6.328,SPEAKER_01,SPEAKER_01,,
Call recording _251130_075849,Call recording _251130_075849.wav,104.048,105.398,1.35,SPEAKER_00,SPEAKER_01,,
Call recording _251130_075849,Call recording _251130_075849.wav,110.714,111.98,1.266,SPEAKER_01,SPEAKER_01,,
Call recording _251130_075849,Call recording _251130_075849.wav,110.798,111.541,0.742,SPEAKER_00,SPEAKER_01,,
Call recording _251130_075849,Call recording _251130_075849.wav,112.469,112.722,0.253,SPEAKER_01,SPEAKER_01,,
Call recording _251130_075849,Call recording _251130_075849.wav,114.207,114.275,0.067,SPEAKER_01,SPEAKER_01,,
Call recording _251130_075849,Call recording _251130_075849.wav,114.275,114.494,0.219,SPEAKER_00,SPEAKER_01,,
Call recording _251130_075849,Call recording _251130_075849.wav,114.494,114.882,0.388,SPEAKER_01,SPEAKER_01,,
Call recording _251130_075849,Call recording _251130_075849.wav,114.882,114.899,0.017,SPEAKER_00,SPEAKER_01,,
Call recording _251130_075849,Call recording _251130_075849.wav,115.355,115.895,0.54,SPEAKER_01,SPEAKER_01,,
Call recording _251130_075849,Call recording _251130_075849.wav,115.912,128.095,12.184,SPEAKER_01,SPEAKER_01,,
Call recording _251130_075849,Call recording _251130_075849.wav,116.097,116.3,0.203,SPEAKER_00,SPEAKER_01,,
Call recording _251130_075849,Call recording _251130_075849.wav,119.202,119.422,0.219,SPEAKER_00,SPEAKER_01,,
Call recording _251130_075849,Call recording _251130_075849.wav,124.99,126.037,1.046,SPEAKER_00,SPEAKER_01,,
Call recording _251130_075849,Call recording _251130_075849.wav,127.252,135.368,8.117,SPEAKER_00,SPEAKER_01,,
Call recording _251130_075849,Call recording _251130_075849.wav,130.947,131.251,0.304,SPEAKER_01,SPEAKER_01,,
Call recording _251130_075849,Call recording _251130_075849.wav,135.622,137.377,1.755,SPEAKER_00,SPEAKER_01,,
Call recording _251130_075849,Call recording _251130_075849.wav,135.672,136.027,0.354,SPEAKER_01,SPEAKER_01,,
Call recording _251130_075849,Call recording _251130_075849.wav,137.444,138.018,0.574,SPEAKER_01,SPEAKER_01,,
Call recording _251130_075849,Call recording _251130_075849.wav,137.917,140.043,2.126,SPEAKER_00,SPEAKER_01,,
Call recording _251130_075849,Call recording _251130_075849.wav,140.212,140.245,0.034,SPEAKER_01,SPEAKER_01,,
Call recording _251130_075849,Call recording _251130_075849.wav,140.245,141.68,1.434,SPEAKER_00,SPEAKER_01,,
Call recording _251130_075849,Call recording _251130_075849.wav,140.262,140.566,0.304,SPEAKER_01,SPEAKER_01,,
Call recording _251130_075849,Call recording _251130_075849.wav,141.916,144.127,2.211,SPEAKER_00,SPEAKER_01,,
Call recording _251130_075849,Call recording _251130_075849.wav,144.194,145.966,1.772,SPEAKER_00,SPEAKER_01,,
Call recording _251130_075849,Call recording _251130_075849.wav,146.287,150.083,3.797,SPEAKER_00,SPEAKER_01,,
Call recording _251130_075849,Call recording _251130_075849.wav,150.286,150.59,0.304,SPEAKER_00,SPEAKER_01,,
Call recording _251130_075849,Call recording _251130_075849.wav,150.809,154.184,3.375,SPEAKER_00,SPEAKER_01,,
Call recording _251130_075849,Call recording _251130_075849.wav,153.813,154.1,0.287,SPEAKER_01,SPEAKER_01,,
Call recording _251130_075849,Call recording _251130_075849.wav,154.252,156.547,2.295,SPEAKER_00,SPEAKER_01,,
Call recording _251130_075849,Call recording _251130_075849.wav,156.698,159.787,3.088,SPEAKER_00,SPEAKER_01,,
Call recording _251130_075849,Call recording _251130_075849.wav,157.508,157.981,0.472,SPEAKER_01,SPEAKER_01,,
Call recording _251130_075849,Call recording _251130_075849.wav,160.411,161.069,0.658,SPEAKER_01,SPEAKER_01,,
Call recording _251130_075849,Call recording _251130_075849.wav,161.137,162.858,1.721,SPEAKER_00,SPEAKER_01,,
Call recording _251130_075849,Call recording _251130_075849.wav,163.145,164.14,0.996,SPEAKER_00,SPEAKER_01,,
Call recording _251130_075849,Call recording _251130_075849.wav,164.174,166.807,2.633,SPEAKER_00,SPEAKER_01,,
Call recording _251130_075849,Call recording _251130_075849.wav,167.144,168.443,1.299,SPEAKER_01,SPEAKER_01,,
Call recording _251130_075849,Call recording _251130_075849.wav,168.443,173.152,4.708,SPEAKER_00,SPEAKER_01,,
Call recording _251130_075849,Call recording _251130_075849.wav,173.185,174.822,1.637,SPEAKER_00,SPEAKER_01,,
Call recording _251130_075849,Call recording _251130_075849.wav,174.012,177.387,3.375,SPEAKER_01,SPEAKER_01,,
Call recording _251130_075849,Call recording _251130_075849.wav,177.758,178.501,0.742,SPEAKER_01,SPEAKER_01,,
Call recording _251130_075849,Call recording _251130_075849.wav,178.822,179.648,0.827,SPEAKER_00,SPEAKER_01,,
Call recording _251130_075849,Call recording _251130_075849.wav,178.838,180.138,1.299,SPEAKER_01,SPEAKER_01,,
Call recording _251130_075849,Call recording _251130_075849.wav,180.239,181.927,1.688,SPEAKER_01,SPEAKER_01,,
Call recording _251130_075849,Call recording _251130_075849.wav,181.859,184.289,2.43,SPEAKER_00,SPEAKER_01,,
Call recording _251130_075849,Call recording _251130_075849.wav,182.163,182.956,0.793,SPEAKER_01,SPEAKER_01,,
Call recording _251130_075849,Call recording _251130_075849.wav,184.508,186.871,2.362,SPEAKER_00,SPEAKER_01,,
Call recording _251130_075849,Call recording _251130_075849.wav,187.31,187.867,0.557,SPEAKER_00,SPEAKER_01,,
Call recording _251130_075849,Call recording _251130_075849.wav,188.086,190.803,2.717,SPEAKER_00,SPEAKER_01,,
Call recording _251130_075849,Call recording _251130_075849.wav,190.837,192.22,1.384,SPEAKER_00,SPEAKER_01,,
Call recording _251130_075849,Call recording _251130_075849.wav,191.005,191.174,0.169,SPEAKER_01,SPEAKER_01,,
Call recording _251130_075849,Call recording _251130_075849.wav,193.57,203.273,9.703,SPEAKER_00,SPEAKER_01,,
Call recording _251130_075849,Call recording _251130_075849.wav,203.628,205.366,1.738,SPEAKER_00,SPEAKER_01,,
Call recording _251130_075849,Call recording _251130_075849.wav,205.4,205.433,0.034,SPEAKER_00,SPEAKER_01,,
Call recording _251130_075849,Call recording _251130_075849.wav,205.433,206.227,0.793,SPEAKER_01,SPEAKER_01,,
Call recording _251130_075849,Call recording _251130_075849.wav,206.227,206.277,0.051,SPEAKER_00,SPEAKER_01,,
Call recording _251130_075849,Call recording _251130_075849.wav,206.277,206.345,0.068,SPEAKER_01,SPEAKER_01,,
Call recording _251130_075849,Call recording _251130_075849.wav,206.345,206.429,0.084,SPEAKER_00,SPEAKER_01,,
Call recording _251130_075849,Call recording _251130_075849.wav,206.429,206.48,0.051,SPEAKER_01,SPEAKER_01,,
Call recording _251130_075849,Call recording _251130_075849.wav,206.648,209.737,3.088,SPEAKER_00,SPEAKER_01,,
Call recording _251130_075849,Call recording _251130_075849.wav,209.973,211.576,1.603,SPEAKER_00,SPEAKER_01,,
Call recording _251130_075849,Call recording _251130_075849.wav,211.981,212.318,0.338,SPEAKER_00,SPEAKER_01,,
Call recording _251130_075849,Call recording _251130_075849.wav,212.352,218.832,6.48,SPEAKER_00,SPEAKER_01,,
Call recording _251130_075849,Call recording _251130_075849.wav,219.001,220.402,1.401,SPEAKER_00,SPEAKER_01,,
Call recording _251130_075849,Call recording _251130_075849.wav,220.553,223.574,3.021,SPEAKER_00,SPEAKER_01,,
Call recording _251130_075849,Call recording _251130_075849.wav,221.11,221.498,0.388,SPEAKER_01,SPEAKER_01,,
Call recording _251130_075849,Call recording _251130_075849.wav,223.591,223.608,0.017,SPEAKER_00,SPEAKER_01,,
Call recording _251130_075849,Call recording _251130_075849.wav,223.625,226.257,2.632,SPEAKER_01,SPEAKER_01,,
Call recording _251130_075849,Call recording _251130_075849.wav,224.047,224.62,0.574,SPEAKER_00,SPEAKER_01,,
Call recording _251130_075849,Call recording _251130_075849.wav,224.924,227.86,2.936,SPEAKER_00,SPEAKER_01,,
Call recording _251130_075849,Call recording _251130_075849.wav,227.135,227.287,0.152,SPEAKER_01,SPEAKER_01,,
Call recording _251130_075849,Call recording _251130_075849.wav,229.025,229.328,0.304,SPEAKER_01,SPEAKER_01,,
Call recording _251130_125506,Call recording _251130_125506.wav,0.031,0.588,0.557,SPEAKER_00,SPEAKER_00,,
Call recording _251130_125506,Call recording _251130_125506.wav,1.33,3.946,2.616,SPEAKER_00,SPEAKER_00,,
Call recording _251130_125506,Call recording _251130_125506.wav,4.03,5.465,1.434,SPEAKER_00,SPEAKER_00,,
Call recording _251130_125506,Call recording _251130_125506.wav,5.768,7.861,2.092,SPEAKER_00,SPEAKER_00,,
Call recording _251130_125506,Call recording _251130_125506.wav,7.642,7.912,0.27,SPEAKER_02,SPEAKER_00,,
Call recording _251130_125506,Call recording _251130_125506.wav,8.941,11.489,2.548,SPEAKER_00,SPEAKER_00,,
Call recording _251130_125506,Call recording _251130_125506.wav,12.147,18.222,6.075,SPEAKER_02,SPEAKER_00,,
Call recording _251130_125506,Call recording _251130_125506.wav,18.222,18.239,0.017,SPEAKER_00,SPEAKER_00,,
Call recording _251130_125506,Call recording _251130_125506.wav,18.323,23.369,5.046,SPEAKER_02,SPEAKER_00,,
Call recording _251130_125506,Call recording _251130_125506.wav,23.369,24.213,0.844,SPEAKER_00,SPEAKER_00,,
Call recording _251130_125506,Call recording _251130_125506.wav,23.943,24.736,0.793,SPEAKER_02,SPEAKER_00,,
Call recording _251130_125506,Call recording _251130_125506.wav,25.698,26.018,0.321,SPEAKER_00,SPEAKER_00,,
Call recording _251130_125506,Call recording _251130_125506.wav,26.17,26.795,0.624,SPEAKER_00,SPEAKER_00,,
Call recording _251130_125506,Call recording _251130_125506.wav,27.115,28.364,1.249,SPEAKER_00,SPEAKER_00,,
Call recording _251130_125506,Call recording _251130_125506.wav,28.752,29.579,0.827,SPEAKER_00,SPEAKER_00,,
Call recording _251130_125506,Call recording _251130_125506.wav,30.17,31.958,1.789,SPEAKER_00,SPEAKER_00,,
Call recording _251130_125506,Call recording _251130_125506.wav,32.11,32.903,0.793,SPEAKER_00,SPEAKER_00,,
Call recording _251130_125506,Call recording _251130_125506.wav,32.903,32.971,0.068,SPEAKER_01,SPEAKER_00,,
Call recording _251130_125506,Call recording _251130_125506.wav,32.971,32.988,0.017,SPEAKER_00,SPEAKER_00,,
Call recording _251130_125506,Call recording _251130_125506.wav,32.988,33.022,0.034,SPEAKER_01,SPEAKER_00,,
Call recording _251130_125506,Call recording _251130_125506.wav,33.022,35.114,2.093,SPEAKER_00,SPEAKER_00,,
Call recording _251130_125506,Call recording _251130_125506.wav,33.376,34.102,0.726,SPEAKER_01,SPEAKER_00,,
Call recording _251130_125506,Call recording _251130_125506.wav,35.654,36.548,0.894,SPEAKER_01,SPEAKER_00,,
Call recording _251130_125506,Call recording _251130_125506.wav,37.426,38.573,1.148,SPEAKER_00,SPEAKER_00,,
Call recording _251130_125506,Call recording _251130_125506.wav,37.949,38.624,0.675,SPEAKER_01,SPEAKER_00,,
Call recording _251130_125506,Call recording _251130_125506.wav,38.59,43.248,4.657,SPEAKER_00,SPEAKER_00,,
Call recording _251130_125506,Call recording _251130_125506.wav,38.945,39.299,0.354,SPEAKER_01,SPEAKER_00,,
Call recording _251130_125506,Call recording _251130_125506.wav,40.21,40.97,0.759,SPEAKER_01,SPEAKER_00,,
Call recording _251130_125506,Call recording _251130_125506.wav,43.788,45.155,1.367,SPEAKER_00,SPEAKER_00,,
Call recording _251130_125506,Call recording _251130_125506.wav,45.408,46.454,1.046,SPEAKER_01,SPEAKER_00,,
Call recording _251130_125506,Call recording _251130_125506.wav,46.96,47.585,0.624,SPEAKER_01,SPEAKER_00,,
Call recording _251130_125506,Call recording _251130_125506.wav,47.99,48.462,0.473,SPEAKER_01,SPEAKER_00,,
Call recording _251130_125506,Call recording _251130_125506.wav,48.8,49.12,0.321,SPEAKER_00,SPEAKER_00,,
Call recording _251130_125506,Call recording _251130_125506.wav,50.774,52.968,2.194,SPEAKER_00,SPEAKER_00,,
Call recording _251130_125506,Call recording _251130_125506.wav,52.107,52.495,0.388,SPEAKER_01,SPEAKER_00,,
Call recording _251130_125506,Call recording _251130_125506.wav,52.934,53.93,0.996,SPEAKER_01,SPEAKER_00,,
Call recording _251130_125506,Call recording _251130_125506.wav,54.335,54.503,0.169,SPEAKER_01,SPEAKER_00,,
Call recording _251130_125506,Call recording _251130_125506.wav,54.503,55.432,0.928,SPEAKER_00,SPEAKER_00,,
Call recording _251130_125506,Call recording _251130_125506.wav,54.52,54.841,0.321,SPEAKER_01,SPEAKER_00,,
Call recording _251130_125506,Call recording _251130_125506.wav,55.634,56.208,0.574,SPEAKER_01,SPEAKER_00,,
Call recording _251130_125506,Call recording _251130_125506.wav,56.782,57.659,0.877,SPEAKER_00,SPEAKER_00,,
Call recording _251130_125506,Call recording _251130_125506.wav,57.862,58.655,0.793,SPEAKER_01,SPEAKER_00,,
Call recording _251130_125506,Call recording _251130_125506.wav,59.043,60.038,0.996,SPEAKER_00,SPEAKER_00,,
Call recording _251130_125506,Call recording _251130_125506.wav,60.393,63.515,3.122,SPEAKER_01,SPEAKER_00,,
Call recording _251130_125506,Call recording _251130_125506.wav,61.743,62.148,0.405,SPEAKER_00,SPEAKER_00,,
Call recording _251130_125506,Call recording _251130_125506.wav,63.785,69.05,5.265,SPEAKER_00,SPEAKER_00,,
Call recording _251130_125506,Call recording _251130_125506.wav,69.438,70.535,1.097,SPEAKER_01,SPEAKER_00,,
Call recording _251130_125506,Call recording _251130_125506.wav,70.079,71.125,1.046,SPEAKER_00,SPEAKER_00,,
Call recording _251130_125506,Call recording _251130_125506.wav,71.75,72.695,0.945,SPEAKER_01,SPEAKER_00,,
Call recording _251130_125506,Call recording _251130_125506.wav,72.863,73.133,0.27,SPEAKER_01,SPEAKER_00,,
Call recording _251130_125506,Call recording _251130_125506.wav,73.133,73.252,0.118,SPEAKER_00,SPEAKER_00,,
Call recording _251130_125506,Call recording _251130_125506.wav,73.252,73.285,0.034,SPEAKER_01,SPEAKER_00,,
Call recording _251130_125506,Call recording _251130_125506.wav,73.285,73.319,0.034,SPEAKER_00,SPEAKER_00,,
Call recording _251130_125506,Call recording _251130_125506.wav,73.319,73.471,0.152,SPEAKER_01,SPEAKER_00,,
Call recording _251130_125506,Call recording _251130_125506.wav,73.471,73.488,0.017,SPEAKER_00,SPEAKER_00,,
Call recording _251130_125506,Call recording _251130_125506.wav,73.488,73.673,0.186,SPEAKER_01,SPEAKER_00,,
Call recording _251130_125506,Call recording _251130_125506.wav,73.91,75.209,1.299,SPEAKER_01,SPEAKER_00,,
Call recording _251130_125506,Call recording _251130_125506.wav,74.618,81.858,7.239,SPEAKER_00,SPEAKER_00,,
Call recording _251130_125506,Call recording _251130_125506.wav,79.36,80.373,1.013,SPEAKER_01,SPEAKER_00,,
Call recording _251130_125506,Call recording _251130_125506.wav,82.01,83.174,1.164,SPEAKER_01,SPEAKER_00,,
Call recording _251130_125506,Call recording _251130_125506.wav,83.596,83.917,0.321,SPEAKER_00,SPEAKER_00,,
Call recording _251130_125506,Call recording _251130_125506.wav,84.389,84.71,0.321,SPEAKER_00,SPEAKER_00,,
Call recording _251130_150637,Call recording _251130_150637.wav,0.031,0.318,0.287,SPEAKER_00,SPEAKER_00,,
Call recording _251130_150637,Call recording _251130_150637.wav,0.622,6.528,5.906,SPEAKER_00,SPEAKER_00,,
Call recording _251130_150637,Call recording _251130_150637.wav,6.595,7.625,1.029,SPEAKER_01,SPEAKER_00,,
Call recording _251130_150637,Call recording _251130_150637.wav,7.642,10.679,3.037,SPEAKER_00,SPEAKER_00,,
Call recording _251130_150637,Call recording _251130_150637.wav,10.865,13.109,2.244,SPEAKER_01,SPEAKER_00,,
Call recording _251130_150637,Call recording _251130_150637.wav,11.405,12.67,1.266,SPEAKER_00,SPEAKER_00,,
Call recording _251130_150637,Call recording _251130_150637.wav,13.531,13.565,0.034,SPEAKER_00,SPEAKER_00,,
Call recording _251130_150637,Call recording _251130_150637.wav,13.565,13.582,0.017,SPEAKER_02,SPEAKER_00,,
Call recording _251130_150637,Call recording _251130_150637.wav,13.582,13.666,0.084,SPEAKER_01,SPEAKER_00,,
Call recording _251130_150637,Call recording _251130_150637.wav,13.666,15.05,1.384,SPEAKER_02,SPEAKER_00,,
Call recording _251130_150637,Call recording _251130_150637.wav,15.235,16.315,1.08,SPEAKER_02,SPEAKER_00,,
Call recording _251130_150637,Call recording _251130_150637.wav,16.973,17.362,0.388,SPEAKER_02,SPEAKER_00,,
Call recording _251130_192058,Call recording _251130_192058.wav,0.115,1.718,1.603,SPEAKER_01,SPEAKER_00,,
Call recording _251130_192058,Call recording _251130_192058.wav,0.149,0.706,0.557,SPEAKER_00,SPEAKER_00,,
Call recording _251130_192058,Call recording _251130_192058.wav,2.14,6.73,4.59,SPEAKER_01,SPEAKER_00,,
Call recording _251130_192058,Call recording _251130_192058.wav,7.118,7.608,0.489,SPEAKER_00,SPEAKER_00,,
Call recording _251130_192058,Call recording _251130_192058.wav,7.118,9.835,2.717,SPEAKER_01,SPEAKER_00,,
Call recording _251130_192058,Call recording _251130_192058.wav,8.823,9.278,0.456,SPEAKER_00,SPEAKER_00,,
Call recording _251130_192058,Call recording _251130_192058.wav,10.105,17.041,6.936,SPEAKER_00,SPEAKER_00,,
Call recording _251130_192058,Call recording _251130_192058.wav,13.902,14.172,0.27,SPEAKER_01,SPEAKER_00,,
Call recording _251130_192058,Call recording _251130_192058.wav,17.986,28.465,10.479,SPEAKER_00,SPEAKER_00,,
Call recording _251130_192058,Call recording _251130_192058.wav,18.121,18.678,0.557,SPEAKER_01,SPEAKER_00,,
Call recording _251130_192058,Call recording _251130_192058.wav,28.685,30.659,1.974,SPEAKER_00,SPEAKER_00,,
Call recording _251130_192058,Call recording _251130_192058.wav,31.722,36.025,4.303,SPEAKER_01,SPEAKER_00,,
Call recording _251130_192058,Call recording _251130_192058.wav,36.194,36.785,0.591,SPEAKER_00,SPEAKER_00,,
Call recording _251130_192058,Call recording _251130_192058.wav,36.683,39.08,2.396,SPEAKER_01,SPEAKER_00,,
Call recording _251130_192058,Call recording _251130_192058.wav,37.358,37.865,0.506,SPEAKER_00,SPEAKER_00,,
Call recording _251130_192058,Call recording _251130_192058.wav,38.624,40.497,1.873,SPEAKER_00,SPEAKER_00,,
Call recording _251130_192058,Call recording _251130_192058.wav,41.071,41.797,0.726,SPEAKER_00,SPEAKER_00,,
Call recording _251130_192058,Call recording _251130_192058.wav,41.206,42.185,0.979,SPEAKER_01,SPEAKER_00,,
Call recording _251130_192058,Call recording _251130_192058.wav,42.59,45.965,3.375,SPEAKER_00,SPEAKER_00,,
Call recording _251130_192058,Call recording _251130_192058.wav,46.336,53.542,7.206,SPEAKER_00,SPEAKER_00,,
Call recording _251130_192058,Call recording _251130_192058.wav,53.677,55.803,2.126,SPEAKER_00,SPEAKER_00,,
Call recording _251130_192058,Call recording _251130_192058.wav,56.613,58.267,1.654,SPEAKER_00,SPEAKER_00,,
Call recording _251130_192058,Call recording _251130_192058.wav,56.647,56.849,0.203,SPEAKER_01,SPEAKER_00,,
Call recording _251130_192058,Call recording _251130_192058.wav,57.17,59.195,2.025,SPEAKER_01,SPEAKER_00,,
Call recording _251130_192058,Call recording _251130_192058.wav,59.228,63.008,3.78,SPEAKER_00,SPEAKER_00,,
Call recording _251130_192058,Call recording _251130_192058.wav,59.296,59.6,0.304,SPEAKER_01,SPEAKER_00,,
Call recording _251130_192058,Call recording _251130_192058.wav,59.954,60.038,0.084,SPEAKER_01,SPEAKER_00,,
Call recording _251130_192058,Call recording _251130_192058.wav,63.194,65.185,1.991,SPEAKER_00,SPEAKER_00,,
Call recording _251130_192058,Call recording _251130_192058.wav,65.843,67.598,1.755,SPEAKER_01,SPEAKER_00,,
Call recording _251130_192058,Call recording _251130_192058.wav,66.35,66.755,0.405,SPEAKER_00,SPEAKER_00,,
Call recording tamil,Call recording tamil.wav,0.723,3.946,3.223,SPEAKER_00,SPEAKER_01,,
Call recording tamil,Call recording tamil.wav,0.824,1.263,0.439,SPEAKER_01,SPEAKER_01,,
Call recording tamil,Call recording tamil.wav,1.955,2.039,0.084,SPEAKER_01,SPEAKER_01,,
Call recording tamil,Call recording tamil.wav,3.76,27.487,23.726,SPEAKER_01,SPEAKER_01,,
Call recording_251128_213632,Call recording_251128_213632.wav,0.031,0.908,0.878,SPEAKER_01,SPEAKER_02,,
Call recording_251128_213632,Call recording_251128_213632.wav,0.908,1.06,0.152,SPEAKER_00,SPEAKER_02,,
Call recording_251128_213632,Call recording_251128_213632.wav,1.516,8.03,6.514,SPEAKER_01,SPEAKER_02,,
Call recording_251128_213632,Call recording_251128_213632.wav,1.583,2.09,0.506,SPEAKER_00,SPEAKER_02,,
Call recording_251128_213632,Call recording_251128_213632.wav,7.102,10.358,3.257,SPEAKER_00,SPEAKER_02,,
Call recording_251128_213632,Call recording_251128_213632.wav,8.84,9.498,0.658,SPEAKER_01,SPEAKER_02,,
Call recording_251128_213632,Call recording_251128_213632.wav,10.274,11.067,0.793,SPEAKER_01,SPEAKER_02,,
Call recording_251128_213632,Call recording_251128_213632.wav,11.067,11.185,0.118,SPEAKER_00,SPEAKER_02,,
Call recording_251128_213632,Call recording_251128_213632.wav,11.438,16.737,5.299,SPEAKER_00,SPEAKER_02,,
Call recording_251128_213632,Call recording_251128_213632.wav,17.024,17.446,0.422,SPEAKER_01,SPEAKER_02,,
Call recording_251128_213632,Call recording_251128_213632.wav,18.374,25.58,7.206,SPEAKER_01,SPEAKER_02,,
Call recording_251128_213632,Call recording_251128_213632.wav,25.782,36.7,10.918,SPEAKER_02,SPEAKER_02,,
Call recording_251128_213632,Call recording_251128_213632.wav,37.274,38.219,0.945,SPEAKER_01,SPEAKER_02,,
Call recording_251128_213632,Call recording_251128_213632.wav,37.527,38.337,0.81,SPEAKER_02,SPEAKER_02,,
Call recording_251128_213632,Call recording_251128_213632.wav,38.337,38.523,0.186,SPEAKER_01,SPEAKER_02,,
Call recording_251128_213632,Call recording_251128_213632.wav,38.523,44.648,6.126,SPEAKER_02,SPEAKER_02,,
Call recording_251128_213632,Call recording_251128_213632.wav,38.945,39.603,0.658,SPEAKER_01,SPEAKER_02,,
Call recording_251128_213632,Call recording_251128_213632.wav,45.391,48.496,3.105,SPEAKER_01,SPEAKER_02,,
Call recording_251128_213632,Call recording_251128_213632.wav,46.825,47.247,0.422,SPEAKER_02,SPEAKER_02,,
Call recording_251128_213632,Call recording_251128_213632.wav,47.652,54.436,6.784,SPEAKER_02,SPEAKER_02,,
Call recording_251128_213632,Call recording_251128_213632.wav,54.757,61.777,7.02,SPEAKER_02,SPEAKER_02,,
Call recording_251128_213632,Call recording_251128_213632.wav,55.094,55.55,0.456,SPEAKER_01,SPEAKER_02,,
Call recording_251128_213632,Call recording_251128_213632.wav,56.258,56.343,0.084,SPEAKER_00,SPEAKER_02,,
Call recording_251128_213632,Call recording_251128_213632.wav,62.553,64.375,1.822,SPEAKER_01,SPEAKER_02,,
Call recording_251128_213632,Call recording_251128_213632.wav,64.375,64.392,0.017,SPEAKER_02,SPEAKER_02,,
Call recording_251128_213632,Call recording_251128_213632.wav,64.392,64.713,0.321,SPEAKER_01,SPEAKER_02,,
Call recording_251128_213632,Call recording_251128_213632.wav,64.409,65.067,0.658,SPEAKER_02,SPEAKER_02,,
Call recording_251128_213632,Call recording_251128_213632.wav,65.067,65.101,0.034,SPEAKER_01,SPEAKER_02,,
Call recording_251128_213632,Call recording_251128_213632.wav,65.54,65.978,0.439,SPEAKER_02,SPEAKER_02,,
Call recording_251128_213632,Call recording_251128_213632.wav,65.675,67.987,2.312,SPEAKER_01,SPEAKER_02,,
Call recording_251128_213632,Call recording_251128_213632.wav,66.468,67.177,0.709,SPEAKER_02,SPEAKER_02,,
Call recording_251128_213632,Call recording_251128_213632.wav,68.847,72.88,4.033,SPEAKER_01,SPEAKER_02,,
Call recording_251128_213632,Call recording_251128_213632.wav,71.733,77.437,5.704,SPEAKER_02,SPEAKER_02,,
Call recording_251128_213632,Call recording_251128_213632.wav,77.572,80.086,2.514,SPEAKER_02,SPEAKER_02,,
Call recording_251128_213632,Call recording_251128_213632.wav,80.373,84.237,3.864,SPEAKER_02,SPEAKER_02,,
Call recording_251128_213632,Call recording_251128_213632.wav,83.157,84.17,1.013,SPEAKER_00,SPEAKER_02,,
Call recording_251128_213632,Call recording_251128_213632.wav,85.064,85.553,0.489,SPEAKER_02,SPEAKER_02,,
890001000492658,890001000492658.wav,2.191,4.334,2.143,SPEAKER_01,SPEAKER_00,,
890001000492658,890001000492658.wav,3.035,4.267,1.232,SPEAKER_00,SPEAKER_00,,
890001000492658,890001000492658.wav,5.026,9.582,4.556,SPEAKER_00,SPEAKER_00,,
890001000492658,890001000492658.wav,6.342,6.477,0.135,SPEAKER_01,SPEAKER_00,,
890001000492658,890001000492658.wav,9.953,9.987,0.034,SPEAKER_00,SPEAKER_00,,
890001000492658,890001000492658.wav,9.987,10.021,0.034,SPEAKER_01,SPEAKER_00,,
890001000492658,890001000492658.wav,10.021,11.945,1.924,SPEAKER_00,SPEAKER_00,,
890001000492658,890001000492658.wav,10.055,10.898,0.844,SPEAKER_01,SPEAKER_00,,
890001000492658,890001000492658.wav,12.316,15.033,2.717,SPEAKER_00,SPEAKER_00,,
890001000492658,890001000492658.wav,15.404,16.754,1.35,SPEAKER_00,SPEAKER_00,,
890001000492658,890001000492658.wav,15.505,15.961,0.456,SPEAKER_01,SPEAKER_00,,
890001000492658,890001000492658.wav,19.15,20.298,1.148,SPEAKER_01,SPEAKER_00,,
890001000492658,890001000492658.wav,21.715,23.065,1.35,SPEAKER_00,SPEAKER_00,,
890001000492658,890001000492658.wav,23.605,23.977,0.371,SPEAKER_00,SPEAKER_00,,
890001000492658,890001000492658.wav,23.977,24.01,0.034,SPEAKER_01,SPEAKER_00,,
890001000492658,890001000492658.wav,24.01,24.027,0.017,SPEAKER_00,SPEAKER_00,,
890001000492658,890001000492658.wav,24.027,24.095,0.068,SPEAKER_01,SPEAKER_00,,
890001000492658,890001000492658.wav,24.095,24.5,0.405,SPEAKER_00,SPEAKER_00,,
890001000492658,890001000492658.wav,25.158,28.229,3.071,SPEAKER_00,SPEAKER_00,,
890001000492658,890001000492658.wav,25.934,26.761,0.827,SPEAKER_01,SPEAKER_00,,
890001000492658,890001000492658.wav,28.769,30.001,1.232,SPEAKER_00,SPEAKER_00,,
890001000492658,890001000492658.wav,28.786,30.203,1.418,SPEAKER_01,SPEAKER_00,,
890001000492658,890001000492658.wav,30.642,30.743,0.101,SPEAKER_01,SPEAKER_00,,
890001000492658,890001000492658.wav,31.013,33.41,2.396,SPEAKER_01,SPEAKER_00,,
890001000492658,890001000492658.wav,34.456,34.827,0.371,SPEAKER_01,SPEAKER_00,,
890001000492658,890001000492658.wav,35.317,36.228,0.911,SPEAKER_01,SPEAKER_00,,
890001000492658,890001000492658.wav,53.542,59.549,6.008,SPEAKER_01,SPEAKER_00,,
890001000492658,890001000492658.wav,54.942,54.959,0.017,SPEAKER_00,SPEAKER_00,,
890001000492658,890001000492658.wav,59.701,59.937,0.236,SPEAKER_00,SPEAKER_00,,
890001000492658,890001000492658.wav,59.937,61.186,1.249,SPEAKER_01,SPEAKER_00,,
890001000492658,890001000492658.wav,62.907,62.941,0.034,SPEAKER_01,SPEAKER_00,,
890001000492658,890001000492658.wav,62.941,63.38,0.439,SPEAKER_00,SPEAKER_00,,
890001000492658,890001000492658.wav,63.785,63.818,0.034,SPEAKER_01,SPEAKER_00,,
890001000492658,890001000492658.wav,63.818,64.105,0.287,SPEAKER_00,SPEAKER_00,,
890001000492658,890001000492658.wav,64.78,64.797,0.017,SPEAKER_01,SPEAKER_00,,
890001000492658,890001000492658.wav,64.797,64.831,0.034,SPEAKER_00,SPEAKER_00,,
890001000492658,890001000492658.wav,64.831,64.898,0.067,SPEAKER_01,SPEAKER_00,,
890001000492658,890001000492658.wav,64.898,65.759,0.861,SPEAKER_00,SPEAKER_00,,
890001000492658,890001000492658.wav,64.983,65.438,0.456,SPEAKER_01,SPEAKER_00,,
890001000492658,890001000492658.wav,65.759,66.502,0.742,SPEAKER_01,SPEAKER_00,,
890001000492658,890001000492658.wav,66.502,66.518,0.017,SPEAKER_00,SPEAKER_00,,
890001000492658,890001000492658.wav,67.143,69.826,2.683,SPEAKER_00,SPEAKER_00,,
890001000492658,890001000492658.wav,73.505,77.622,4.117,SPEAKER_01,SPEAKER_00,,
890001000492658,890001000492658.wav,80.035,80.052,0.017,SPEAKER_01,SPEAKER_00,,
890001000492658,890001000492658.wav,80.052,80.947,0.894,SPEAKER_00,SPEAKER_00,,
890001000492659,890001000492659.wav,0.723,1.178,0.456,SPEAKER_00,SPEAKER_01,,
890001000492659,890001000492659.wav,2.883,4.03,1.147,SPEAKER_00,SPEAKER_01,,
890001000492659,890001000492659.wav,4.03,5.043,1.013,SPEAKER_01,SPEAKER_01,,
890001000492659,890001000492659.wav,6.562,9.295,2.734,SPEAKER_01,SPEAKER_01,,
890001000492659,890001000492659.wav,9.734,10.679,0.945,SPEAKER_00,SPEAKER_01,,
890001000492659,890001000492659.wav,11.32,15.64,4.32,SPEAKER_01,SPEAKER_01,,
890001000492659,890001000492659.wav,16.231,16.72,0.489,SPEAKER_00,SPEAKER_01,,
890001000492659,890001000492659.wav,17.243,23.555,6.311,SPEAKER_01,SPEAKER_01,,
890001000492659,890001000492659.wav,24.263,24.82,0.557,SPEAKER_00,SPEAKER_01,,
890001000492659,890001000492659.wav,25.343,26.727,1.384,SPEAKER_00,SPEAKER_01,,
890001000492659,890001000492659.wav,26.018,31.604,5.586,SPEAKER_01,SPEAKER_01,,
890001000492659,890001000492659.wav,32.92,33.072,0.152,SPEAKER_01,SPEAKER_01,,
890001000492659,890001000492659.wav,33.072,33.359,0.287,SPEAKER_00,SPEAKER_01,,
890001000492659,890001000492659.wav,33.359,33.393,0.034,SPEAKER_01,SPEAKER_01,,
890001000492659,890001000492659.wav,34.372,34.388,0.017,SPEAKER_01,SPEAKER_01,,
890001000492659,890001000492659.wav,34.388,35.452,1.063,SPEAKER_00,SPEAKER_01,,
890001000492659,890001000492659.wav,34.692,37.73,3.038,SPEAKER_01,SPEAKER_01,,
890001000492659,890001000492659.wav,38.827,41.746,2.919,SPEAKER_00,SPEAKER_01,,
890001000492659,890001000492659.wav,42.1,47.618,5.518,SPEAKER_00,SPEAKER_01,,
890001000492659,890001000492659.wav,43.028,43.366,0.337,SPEAKER_01,SPEAKER_01,,
890001000492659,890001000492659.wav,48.277,51.483,3.206,SPEAKER_00,SPEAKER_01,,
890001000492659,890001000492659.wav,51.719,54.52,2.801,SPEAKER_00,SPEAKER_01,,
890001000492659,890001000492659.wav,55.735,56.545,0.81,SPEAKER_01,SPEAKER_01,,
890001000492659,890001000492659.wav,56.545,56.596,0.051,SPEAKER_00,SPEAKER_01,,
890001000492659,890001000492659.wav,57.001,58.486,1.485,SPEAKER_00,SPEAKER_01,,
890001000492659,890001000492659.wav,59.262,60.443,1.181,SPEAKER_00,SPEAKER_01,,
890001000492661,890001000492661.wav,0.52,1.027,0.506,SPEAKER_02,SPEAKER_02,,
890001000492661,890001000492661.wav,1.027,2.039,1.012,SPEAKER_01,SPEAKER_02,,
890001000492661,890001000492661.wav,2.039,2.9,0.861,SPEAKER_02,SPEAKER_02,,
890001000492661,890001000492661.wav,4.773,6.663,1.89,SPEAKER_00,SPEAKER_02,,
890001000492661,890001000492661.wav,7.152,11.354,4.202,SPEAKER_01,SPEAKER_02,,
890001000492661,890001000492661.wav,12.518,13.295,0.776,SPEAKER_02,SPEAKER_02,,
890001000492661,890001000492661.wav,13.953,14.797,0.844,SPEAKER_02,SPEAKER_02,,
890001000492661,890001000492661.wav,15.235,18.172,2.936,SPEAKER_02,SPEAKER_02,,
890001000492661,890001000492661.wav,18.745,19.454,0.709,SPEAKER_02,SPEAKER_02,,
890001000492661,890001000492661.wav,18.965,20.095,1.131,SPEAKER_00,SPEAKER_02,,
890001000492661,890001000492661.wav,20.483,21.833,1.35,SPEAKER_02,SPEAKER_02,,
890001000492661,890001000492661.wav,23.015,23.943,0.928,SPEAKER_00,SPEAKER_02,,
890001000492661,890001000492661.wav,24.449,28.145,3.696,SPEAKER_00,SPEAKER_02,,
890001000492661,890001000492661.wav,28.246,32.633,4.387,SPEAKER_02,SPEAKER_02,,
890001000492661,890001000492661.wav,33.055,36.346,3.291,SPEAKER_02,SPEAKER_02,,
890001000492661,890001000492661.wav,36.498,41.037,4.539,SPEAKER_02,SPEAKER_02,,
890001000492661,890001000492661.wav,42.235,45.037,2.801,SPEAKER_00,SPEAKER_02,,
890001000492661,890001000492661.wav,42.725,43.298,0.574,SPEAKER_02,SPEAKER_02,,
890001000492661,890001000492661.wav,43.535,43.973,0.439,SPEAKER_02,SPEAKER_02,,
890001000492661,890001000492661.wav,45.307,46.454,1.148,SPEAKER_02,SPEAKER_02,,
890001000492661,890001000492661.wav,47.281,48.007,0.726,SPEAKER_00,SPEAKER_02,,
890001000492661,890001000492661.wav,48.766,49.103,0.337,SPEAKER_02,SPEAKER_02,,
890001000492661,890001000492661.wav,51.432,52.327,0.894,SPEAKER_01,SPEAKER_02,,
890001000492661,890001000492661.wav,52.327,53.643,1.316,SPEAKER_00,SPEAKER_02,,
890001000492661,890001000492661.wav,52.343,52.9,0.557,SPEAKER_01,SPEAKER_02,,
890001000492661,890001000492661.wav,54.048,55.229,1.181,SPEAKER_02,SPEAKER_02,,
890001000492661,890001000492661.wav,56.174,56.225,0.051,SPEAKER_00,SPEAKER_02,,
890001000492661,890001000492661.wav,56.225,56.36,0.135,SPEAKER_02,SPEAKER_02,,
890001000492661,890001000492661.wav,56.36,56.832,0.472,SPEAKER_01,SPEAKER_02,,
890001000492661,890001000492661.wav,56.41,58.823,2.413,SPEAKER_00,SPEAKER_02,,
890001000492661,890001000492661.wav,57.862,57.878,0.017,SPEAKER_01,SPEAKER_02,,
890001000492661,890001000492661.wav,57.878,58.03,0.152,SPEAKER_02,SPEAKER_02,,
890001000492661,890001000492661.wav,58.03,58.233,0.203,SPEAKER_01,SPEAKER_02,,
890001000492661,890001000492661.wav,59.532,59.549,0.017,SPEAKER_02,SPEAKER_02,,
890001000492661,890001000492661.wav,59.549,59.735,0.186,SPEAKER_01,SPEAKER_02,,
890001000492661,890001000492661.wav,59.735,61.878,2.143,SPEAKER_02,SPEAKER_02,,
890001000492661,890001000492661.wav,63.059,63.211,0.152,SPEAKER_00,SPEAKER_02,,
890001000492661,890001000492661.wav,63.211,63.329,0.118,SPEAKER_01,SPEAKER_02,,
890001000492661,890001000492661.wav,63.329,64.055,0.726,SPEAKER_00,SPEAKER_02,,
890001000492661,890001000492661.wav,63.667,65.388,1.721,SPEAKER_01,SPEAKER_02,,
890001000492661,890001000492661.wav,65.742,65.894,0.152,SPEAKER_00,SPEAKER_02,,
890001000492661,890001000492661.wav,65.894,66.991,1.097,SPEAKER_01,SPEAKER_02,,
890001000492661,890001000492661.wav,65.978,66.232,0.253,SPEAKER_00,SPEAKER_02,,
890001000492661,890001000492661.wav,66.232,66.248,0.017,SPEAKER_02,SPEAKER_02,,
890001000492661,890001000492661.wav,67.143,67.193,0.051,SPEAKER_00,SPEAKER_02,,
890001000492661,890001000492661.wav,67.193,67.919,0.726,SPEAKER_02,SPEAKER_02,,
890001000492661,890001000492661.wav,67.919,67.97,0.051,SPEAKER_00,SPEAKER_02,,
890001000492661,890001000492661.wav,68.375,69.421,1.046,SPEAKER_02,SPEAKER_02,,
890001000492661,890001000492661.wav,70.366,71.362,0.996,SPEAKER_01,SPEAKER_02,,
890001000492661,890001000492661.wav,71.682,74.433,2.751,SPEAKER_02,SPEAKER_02,,
890001000492661,890001000492661.wav,75.884,77.183,1.299,SPEAKER_00,SPEAKER_02,,
890001000492661,890001000492661.wav,77.622,78.145,0.523,SPEAKER_00,SPEAKER_02,,
890001000492661,890001000492661.wav,78.247,78.787,0.54,SPEAKER_00,SPEAKER_02,,
890001000492661,890001000492661.wav,78.854,79.31,0.456,SPEAKER_00,SPEAKER_02,,
890001000492661,890001000492661.wav,79.934,80.12,0.186,SPEAKER_00,SPEAKER_02,,
890001000492661,890001000492661.wav,80.727,82.465,1.738,SPEAKER_00,SPEAKER_02,,
890001000492661,890001000492661.wav,82.803,83.393,0.591,SPEAKER_00,SPEAKER_02,,
890001000492661,890001000492661.wav,83.393,83.917,0.523,SPEAKER_02,SPEAKER_02,,
890001000492661,890001000492661.wav,85.351,85.368,0.017,SPEAKER_02,SPEAKER_02,,
890001000492661,890001000492661.wav,85.368,85.975,0.608,SPEAKER_00,SPEAKER_02,,
890001000492661,890001000492661.wav,85.975,86.971,0.996,SPEAKER_02,SPEAKER_02,,
890001000492661,890001000492661.wav,86.684,87.815,1.131,SPEAKER_00,SPEAKER_02,,
890001000492661,890001000492661.wav,88.152,88.658,0.506,SPEAKER_02,SPEAKER_02,,
890001000492661,890001000492661.wav,89.705,89.772,0.067,SPEAKER_01,SPEAKER_02,,
890001000492661,890001000492661.wav,89.772,89.975,0.203,SPEAKER_02,SPEAKER_02,,
890001000492661,890001000492661.wav,89.975,91.173,1.198,SPEAKER_01,SPEAKER_02,,
890001000492665,890001000492665.wav,0.638,2.562,1.924,SPEAKER_01,SPEAKER_01,,
890001000492665,890001000492665.wav,3.473,3.862,0.388,SPEAKER_00,SPEAKER_01,,
890001000492665,890001000492665.wav,4.402,9.177,4.776,SPEAKER_00,SPEAKER_01,,
890001000492665,890001000492665.wav,9.7,10.51,0.81,SPEAKER_00,SPEAKER_01,,
890001000492665,890001000492665.wav,12.653,13.463,0.81,SPEAKER_00,SPEAKER_01,,
890001000492665,890001000492665.wav,14.847,16.973,2.126,SPEAKER_01,SPEAKER_01,,
890001000492665,890001000492665.wav,17.665,18.02,0.354,SPEAKER_01,SPEAKER_01,,
890001000492665,890001000492665.wav,18.256,19.589,1.333,SPEAKER_01,SPEAKER_01,,
890001000492665,890001000492665.wav,20.635,20.922,0.287,SPEAKER_00,SPEAKER_01,,
890001000492665,890001000492665.wav,21.58,22.981,1.401,SPEAKER_01,SPEAKER_01,,
890001000492665,890001000492665.wav,23.335,23.605,0.27,SPEAKER_00,SPEAKER_01,,
890001000492665,890001000492665.wav,25.529,25.968,0.439,SPEAKER_00,SPEAKER_01,,
890001000492665,890001000492665.wav,26.288,27.858,1.569,SPEAKER_01,SPEAKER_01,,
890001000492665,890001000492665.wav,28.921,31.368,2.447,SPEAKER_00,SPEAKER_01,,
890001000492665,890001000492665.wav,32.161,34.372,2.211,SPEAKER_01,SPEAKER_01,,
890001000492665,890001000492665.wav,32.414,33.342,0.928,SPEAKER_00,SPEAKER_01,,
890001000492665,890001000492665.wav,35.485,39.637,4.151,SPEAKER_00,SPEAKER_01,,
890001000492665,890001000492665.wav,40.278,44.176,3.898,SPEAKER_01,SPEAKER_01,,
890001000492665,890001000492665.wav,40.767,41.307,0.54,SPEAKER_00,SPEAKER_01,,
890001000492665,890001000492665.wav,44.547,45.965,1.418,SPEAKER_01,SPEAKER_01,,
890001000492665,890001000492665.wav,46.353,49.829,3.476,SPEAKER_01,SPEAKER_01,,
890001000492665,890001000492665.wav,50.352,51.331,0.979,SPEAKER_01,SPEAKER_01,,
890001000492665,890001000492665.wav,52.478,55.043,2.565,SPEAKER_01,SPEAKER_01,,
890001000492665,890001000492665.wav,55.094,55.448,0.354,SPEAKER_01,SPEAKER_01,,
890001000492665,890001000492665.wav,56.107,57.575,1.468,SPEAKER_01,SPEAKER_01,,
890001000492665,890001000492665.wav,58.739,60.292,1.553,SPEAKER_00,SPEAKER_01,,
890001000492665,890001000492665.wav,60.292,65.827,5.535,SPEAKER_01,SPEAKER_01,,
890001000492665,890001000492665.wav,66.974,71.024,4.05,SPEAKER_00,SPEAKER_01,,
890001000492665,890001000492665.wav,71.817,72.661,0.844,SPEAKER_00,SPEAKER_01,,
890001000492665,890001000492665.wav,74.416,78.01,3.594,SPEAKER_01,SPEAKER_01,,
890001000492665,890001000492665.wav,74.838,76.728,1.89,SPEAKER_00,SPEAKER_01,,
890001000492665,890001000492665.wav,78.803,84.727,5.923,SPEAKER_01,SPEAKER_01,,
890001000492665,890001000492665.wav,79.023,79.259,0.236,SPEAKER_00,SPEAKER_01,,
890001000492665,890001000492665.wav,85.486,86.38,0.894,SPEAKER_01,SPEAKER_01,,
890001000492665,890001000492665.wav,86.38,86.397,0.017,SPEAKER_00,SPEAKER_01,,
890001000492665,890001000492665.wav,86.836,88.051,1.215,SPEAKER_01,SPEAKER_01,,
890001000492665,890001000492665.wav,88.878,90.16,1.282,SPEAKER_00,SPEAKER_01,,
890001000492665,890001000492665.wav,90.346,91.24,0.894,SPEAKER_01,SPEAKER_01,,
890001000492665,890001000492665.wav,92.253,93.164,0.911,SPEAKER_00,SPEAKER_01,,
890001000492665,890001000492665.wav,93.4,93.974,0.574,SPEAKER_01,SPEAKER_01,,
890001000492665,890001000492665.wav,93.873,94.885,1.013,SPEAKER_00,SPEAKER_01,,
890001000492665,890001000492665.wav,94.767,94.868,0.101,SPEAKER_01,SPEAKER_01,,
890001000492665,890001000492665.wav,94.885,95.442,0.557,SPEAKER_01,SPEAKER_01,,
890001000492665,890001000492665.wav,95.493,98.193,2.7,SPEAKER_00,SPEAKER_01,,
890001000492665,890001000492665.wav,99.745,99.779,0.034,SPEAKER_00,SPEAKER_01,,
890001000492665,890001000492665.wav,99.779,99.83,0.051,SPEAKER_01,SPEAKER_01,,
890001000492665,890001000492665.wav,99.83,99.897,0.067,SPEAKER_00,SPEAKER_01,,
890001000492665,890001000492665.wav,99.897,99.931,0.034,SPEAKER_01,SPEAKER_01,,
890001000492665,890001000492665.wav,99.931,100.285,0.354,SPEAKER_00,SPEAKER_01,,
890001000492665,890001000492665.wav,99.965,103.508,3.544,SPEAKER_01,SPEAKER_01,,
890001000492665,890001000492665.wav,104.2,105.365,1.164,SPEAKER_00,SPEAKER_01,,
890001000492665,890001000492665.wav,105.719,105.905,0.186,SPEAKER_00,SPEAKER_01,,
890001000492665,890001000492665.wav,105.905,106.158,0.253,SPEAKER_01,SPEAKER_01,,
890001000492675,890001000492675.wav,0.031,1.027,0.996,SPEAKER_01,SPEAKER_01,,
890001000492675,890001000492675.wav,1.027,1.145,0.118,SPEAKER_00,SPEAKER_01,,
890001000492675,890001000492675.wav,1.145,1.718,0.574,SPEAKER_01,SPEAKER_01,,
890001000492675,890001000492675.wav,2.782,5.077,2.295,SPEAKER_00,SPEAKER_01,,
890001000492675,890001000492675.wav,5.701,7.777,2.076,SPEAKER_00,SPEAKER_01,,
890001000492675,890001000492675.wav,6.494,7.574,1.08,SPEAKER_01,SPEAKER_01,,
890001000492675,890001000492675.wav,8.485,12.333,3.848,SPEAKER_00,SPEAKER_01,,
890001000492675,890001000492675.wav,12.468,13.97,1.502,SPEAKER_00,SPEAKER_01,,
890001000492675,890001000492675.wav,14.206,15.978,1.772,SPEAKER_00,SPEAKER_01,,
890001000492675,890001000492675.wav,15.978,17.142,1.164,SPEAKER_01,SPEAKER_01,,
890001000492675,890001000492675.wav,18.104,18.712,0.608,SPEAKER_01,SPEAKER_01,,
890001000492675,890001000492675.wav,19.808,20.298,0.489,SPEAKER_01,SPEAKER_01,,
890001000492675,890001000492675.wav,20.77,22.424,1.654,SPEAKER_01,SPEAKER_01,,
890001000492675,890001000492675.wav,22.762,23.707,0.945,SPEAKER_01,SPEAKER_01,,
890001000492675,890001000492675.wav,23.707,23.723,0.017,SPEAKER_00,SPEAKER_01,,
890001000492675,890001000492675.wav,24.365,24.398,0.034,SPEAKER_01,SPEAKER_01,,
890001000492675,890001000492675.wav,24.398,25.293,0.894,SPEAKER_00,SPEAKER_01,,
890001000492675,890001000492675.wav,25.377,26.39,1.012,SPEAKER_00,SPEAKER_01,,
890001000492675,890001000492675.wav,26.39,26.542,0.152,SPEAKER_01,SPEAKER_01,,
890001000492675,890001000492675.wav,26.542,26.558,0.017,SPEAKER_00,SPEAKER_01,,
890001000492675,890001000492675.wav,26.913,28.347,1.434,SPEAKER_00,SPEAKER_01,,
890001000492675,890001000492675.wav,29.663,30.085,0.422,SPEAKER_01,SPEAKER_01,,
890001000492675,890001000492675.wav,30.085,31.638,1.553,SPEAKER_00,SPEAKER_01,,
890001000492675,890001000492675.wav,30.355,34.118,3.763,SPEAKER_01,SPEAKER_01,,
890001000492675,890001000492675.wav,35.249,35.418,0.169,SPEAKER_01,SPEAKER_01,,
890001000492675,890001000492675.wav,35.418,35.671,0.253,SPEAKER_00,SPEAKER_01,,
890001000492675,890001000492675.wav,35.671,35.722,0.051,SPEAKER_01,SPEAKER_01,,
890001000492675,890001000492675.wav,36.008,36.582,0.574,SPEAKER_01,SPEAKER_01,,
890001000492675,890001000492675.wav,36.582,36.599,0.017,SPEAKER_00,SPEAKER_01,,
890001000492675,890001000492675.wav,37.358,40.936,3.578,SPEAKER_00,SPEAKER_01,,
890001000492675,890001000492675.wav,42.573,43.99,1.417,SPEAKER_00,SPEAKER_01,,
890001000492675,890001000492675.wav,44.48,44.564,0.084,SPEAKER_00,SPEAKER_01,,
890001000492675,890001000492675.wav,44.564,45.627,1.063,SPEAKER_01,SPEAKER_01,,
890001000492675,890001000492675.wav,46.066,51.55,5.484,SPEAKER_01,SPEAKER_01,,
890001000492675,890001000492675.wav,52.09,53.002,0.911,SPEAKER_01,SPEAKER_01,,
890001000492675,890001000492675.wav,53.002,53.17,0.169,SPEAKER_00,SPEAKER_01,,
890001000492675,890001000492675.wav,53.558,58.047,4.489,SPEAKER_01,SPEAKER_01,,
890001000492675,890001000492675.wav,53.66,54.132,0.472,SPEAKER_00,SPEAKER_01,,
890001000492675,890001000492675.wav,57.625,58.638,1.012,SPEAKER_00,SPEAKER_01,,
890001000492675,890001000492675.wav,59.026,61.287,2.261,SPEAKER_00,SPEAKER_01,,
890001000492675,890001000492675.wav,64.544,64.763,0.219,SPEAKER_01,SPEAKER_01,,
890001000492675,890001000492675.wav,64.763,64.78,0.017,SPEAKER_00,SPEAKER_01,,
890001000492675,890001000492675.wav,65.489,66.451,0.962,SPEAKER_01,SPEAKER_01,,
890001000492675,890001000492675.wav,67.379,68.206,0.827,SPEAKER_00,SPEAKER_01,,
890001000492675,890001000492675.wav,69.961,71.564,1.603,SPEAKER_01,SPEAKER_01,,
890001000492675,890001000492675.wav,72.965,73.572,0.608,SPEAKER_00,SPEAKER_01,,
890001000492675,890001000492675.wav,73.943,74.872,0.928,SPEAKER_01,SPEAKER_01,,
890001000492675,890001000492675.wav,74.348,74.787,0.439,SPEAKER_00,SPEAKER_01,,
890001000492675,890001000492675.wav,75.58,76.306,0.726,SPEAKER_01,SPEAKER_01,,
890001000492675,890001000492675.wav,76.829,77.825,0.996,SPEAKER_01,SPEAKER_01,,
890001000492675,890001000492675.wav,79.208,81.233,2.025,SPEAKER_00,SPEAKER_01,,
890001000492675,890001000492675.wav,81.487,85.115,3.628,SPEAKER_01,SPEAKER_01,,
890001000492675,890001000492675.wav,84.49,86.684,2.194,SPEAKER_00,SPEAKER_01,,
890001000492675,890001000492675.wav,86.971,87.68,0.709,SPEAKER_01,SPEAKER_01,,
890001000492675,890001000492675.wav,88.507,94.733,6.227,SPEAKER_01,SPEAKER_01,,
890001000492675,890001000492675.wav,88.557,88.962,0.405,SPEAKER_00,SPEAKER_01,,
890001000492675,890001000492675.wav,91.207,91.628,0.422,SPEAKER_00,SPEAKER_01,,
890001000492675,890001000492675.wav,93.029,93.417,0.388,SPEAKER_00,SPEAKER_01,,
890001000492675,890001000492675.wav,95.493,98.716,3.223,SPEAKER_01,SPEAKER_01,,
890001000492675,890001000492675.wav,95.527,95.898,0.371,SPEAKER_00,SPEAKER_01,,
890001000492675,890001000492675.wav,99.357,100.252,0.894,SPEAKER_01,SPEAKER_01,,
890001000492675,890001000492675.wav,99.56,99.982,0.422,SPEAKER_00,SPEAKER_01,,
890001000492675,890001000492675.wav,100.623,101.669,1.046,SPEAKER_01,SPEAKER_01,,
890001000492675,890001000492675.wav,100.657,101.635,0.979,SPEAKER_00,SPEAKER_01,,
890001000492722,890001000492722.wav,0.672,2.613,1.941,SPEAKER_01,SPEAKER_01,,
890001000492722,890001000492722.wav,0.875,1.668,0.793,SPEAKER_02,SPEAKER_01,,
890001000492722,890001000492722.wav,4.199,5.077,0.878,SPEAKER_02,SPEAKER_01,,
890001000492722,890001000492722.wav,4.874,5.009,0.135,SPEAKER_01,SPEAKER_01,,
890001000492722,890001000492722.wav,5.077,5.38,0.304,SPEAKER_01,SPEAKER_01,,
890001000492722,890001000492722.wav,5.38,5.431,0.051,SPEAKER_02,SPEAKER_01,,
890001000492722,890001000492722.wav,5.701,9.464,3.763,SPEAKER_02,SPEAKER_01,,
890001000492722,890001000492722.wav,9.008,9.481,0.473,SPEAKER_00,SPEAKER_01,,
890001000492722,890001000492722.wav,9.481,9.498,0.017,SPEAKER_02,SPEAKER_01,,
890001000492722,890001000492722.wav,9.886,10.578,0.692,SPEAKER_02,SPEAKER_01,,
890001000492722,890001000492722.wav,9.903,9.92,0.017,SPEAKER_01,SPEAKER_01,,
890001000492722,890001000492722.wav,9.92,10.51,0.591,SPEAKER_00,SPEAKER_01,,
890001000492722,890001000492722.wav,10.578,10.628,0.051,SPEAKER_00,SPEAKER_01,,
890001000492722,890001000492722.wav,10.628,10.696,0.068,SPEAKER_02,SPEAKER_01,,
890001000492722,890001000492722.wav,11.911,12.434,0.523,SPEAKER_02,SPEAKER_01,,
890001000492722,890001000492722.wav,12.839,12.856,0.017,SPEAKER_02,SPEAKER_01,,
890001000492722,890001000492722.wav,12.856,14.847,1.991,SPEAKER_00,SPEAKER_01,,
890001000492722,890001000492722.wav,16.923,17.581,0.658,SPEAKER_00,SPEAKER_01,,
890001000492722,890001000492722.wav,19.117,22.677,3.561,SPEAKER_01,SPEAKER_01,,
890001000492722,890001000492722.wav,19.184,19.37,0.186,SPEAKER_00,SPEAKER_01,,
890001000492722,890001000492722.wav,23.69,23.707,0.017,SPEAKER_00,SPEAKER_01,,
890001000492722,890001000492722.wav,23.707,25.09,1.384,SPEAKER_01,SPEAKER_01,,
890001000492722,890001000492722.wav,23.825,23.875,0.051,SPEAKER_00,SPEAKER_01,,
890001000492722,890001000492722.wav,23.875,24.297,0.422,SPEAKER_02,SPEAKER_01,,
890001000492722,890001000492722.wav,25.63,29.528,3.898,SPEAKER_01,SPEAKER_01,,
890001000492722,890001000492722.wav,29.984,30.642,0.658,SPEAKER_01,SPEAKER_01,,
890001000492722,890001000492722.wav,30.423,30.845,0.422,SPEAKER_02,SPEAKER_01,,
890001000492722,890001000492722.wav,30.845,30.862,0.017,SPEAKER_01,SPEAKER_01,,
890001000492722,890001000492722.wav,31.132,35.148,4.016,SPEAKER_01,SPEAKER_01,,
890001000492722,890001000492722.wav,36.127,37.73,1.603,SPEAKER_02,SPEAKER_01,,
890001000492722,890001000492722.wav,37.426,37.696,0.27,SPEAKER_01,SPEAKER_01,,
890001000492722,890001000492722.wav,37.73,37.78,0.051,SPEAKER_01,SPEAKER_01,,
890001000492722,890001000492722.wav,37.983,38.27,0.287,SPEAKER_01,SPEAKER_01,,
890001000492722,890001000492722.wav,39.788,39.822,0.034,SPEAKER_02,SPEAKER_01,,
890001000492722,890001000492722.wav,39.822,39.974,0.152,SPEAKER_01,SPEAKER_01,,
890001000492722,890001000492722.wav,39.974,40.548,0.574,SPEAKER_02,SPEAKER_01,,
890001000492722,890001000492722.wav,40.818,41.29,0.473,SPEAKER_02,SPEAKER_01,,
890001000492722,890001000492722.wav,40.835,41.695,0.861,SPEAKER_01,SPEAKER_01,,
890001000492722,890001000492722.wav,42.151,42.927,0.776,SPEAKER_01,SPEAKER_01,,
890001000492722,890001000492722.wav,42.961,42.978,0.017,SPEAKER_01,SPEAKER_01,,
890001000492735,890001000492735.wav,0.402,0.605,0.202,SPEAKER_01,SPEAKER_00,,
890001000492735,890001000492735.wav,0.875,2.849,1.974,SPEAKER_01,SPEAKER_00,,
890001000492735,890001000492735.wav,3.862,5.313,1.451,SPEAKER_00,SPEAKER_00,,
890001000492735,890001000492735.wav,5.954,7.49,1.536,SPEAKER_00,SPEAKER_00,,
890001000492735,890001000492735.wav,7.743,10.578,2.835,SPEAKER_00,SPEAKER_00,,
890001000492735,890001000492735.wav,11.067,11.573,0.506,SPEAKER_01,SPEAKER_00,,
890001000492735,890001000492735.wav,12.4,16.788,4.387,SPEAKER_00,SPEAKER_00,,
890001000492735,890001000492735.wav,17.328,17.783,0.456,SPEAKER_01,SPEAKER_00,,
890001000492735,890001000492735.wav,18.712,20.045,1.333,SPEAKER_00,SPEAKER_00,,
890001000492735,890001000492735.wav,19.302,19.825,0.523,SPEAKER_01,SPEAKER_00,,
890001000492735,890001000492735.wav,20.652,23.723,3.071,SPEAKER_00,SPEAKER_00,,
890001000492735,890001000492735.wav,23.909,25.023,1.114,SPEAKER_00,SPEAKER_00,,
890001000492735,890001000492735.wav,24.28,24.466,0.186,SPEAKER_01,SPEAKER_00,,
890001000492735,890001000492735.wav,25.985,26.508,0.523,SPEAKER_00,SPEAKER_00,,
890001000492735,890001000492735.wav,28.229,28.6,0.371,SPEAKER_00,SPEAKER_00,,
890001000492735,890001000492735.wav,29.225,29.697,0.473,SPEAKER_00,SPEAKER_00,,
890001000492735,890001000492735.wav,29.9,33.933,4.033,SPEAKER_00,SPEAKER_00,,
890001000492735,890001000492735.wav,34.625,36.953,2.329,SPEAKER_00,SPEAKER_00,,
890001000492735,890001000492735.wav,40.987,43.18,2.194,SPEAKER_01,SPEAKER_00,,
890001000492735,890001000492735.wav,41.088,41.425,0.337,SPEAKER_00,SPEAKER_00,,
890001000492735,890001000492735.wav,41.712,41.797,0.084,SPEAKER_00,SPEAKER_00,,
890001000492735,890001000492735.wav,44.277,48.715,4.438,SPEAKER_00,SPEAKER_00,,
890001000492735,890001000492735.wav,49.424,51.415,1.991,SPEAKER_00,SPEAKER_00,,
890001000492735,890001000492735.wav,51.972,55.972,3.999,SPEAKER_01,SPEAKER_00,,
890001000492735,890001000492735.wav,56.647,56.967,0.321,SPEAKER_00,SPEAKER_00,,
890001000492735,890001000492735.wav,56.967,57.052,0.084,SPEAKER_01,SPEAKER_00,,
890001000492735,890001000492735.wav,57.271,61.928,4.657,SPEAKER_01,SPEAKER_00,,
890001000492735,890001000492735.wav,62.165,64.139,1.974,SPEAKER_01,SPEAKER_00,,
890001000492735,890001000492735.wav,62.738,63.127,0.388,SPEAKER_00,SPEAKER_00,,
890001000492735,890001000492735.wav,64.325,67.835,3.51,SPEAKER_01,SPEAKER_00,,
890001000492735,890001000492735.wav,64.679,65.219,0.54,SPEAKER_00,SPEAKER_00,,
890001000492735,890001000492735.wav,68.088,71.53,3.442,SPEAKER_01,SPEAKER_00,,
890001000492735,890001000492735.wav,72.34,72.357,0.017,SPEAKER_01,SPEAKER_00,,
890001000492735,890001000492735.wav,72.357,72.678,0.321,SPEAKER_00,SPEAKER_00,,
890001000492735,890001000492735.wav,72.678,72.712,0.034,SPEAKER_01,SPEAKER_00,,
890001000492735,890001000492735.wav,72.88,75.85,2.97,SPEAKER_01,SPEAKER_00,,
890001000492735,890001000492735.wav,76.07,77.774,1.704,SPEAKER_01,SPEAKER_00,,
890001000492735,890001000492735.wav,78.533,79.343,0.81,SPEAKER_00,SPEAKER_00,,
890001000492735,890001000492735.wav,79.495,82.448,2.953,SPEAKER_01,SPEAKER_00,,
890001000492735,890001000492735.wav,83.393,84.102,0.709,SPEAKER_00,SPEAKER_00,,
890001000492735,890001000492735.wav,84.035,84.963,0.928,SPEAKER_01,SPEAKER_00,,
890001000492744,890001000492744.wav,1.33,2.039,0.709,SPEAKER_00,SPEAKER_00,,
890001000492744,890001000492744.wav,2.039,2.9,0.861,SPEAKER_01,SPEAKER_00,,
890001000492744,890001000492744.wav,4.081,5.077,0.996,SPEAKER_01,SPEAKER_00,,
890001000492744,890001000492744.wav,5.482,8.873,3.392,SPEAKER_01,SPEAKER_00,,
890001000492744,890001000492744.wav,9.059,9.886,0.827,SPEAKER_00,SPEAKER_00,,
890001000492744,890001000492744.wav,11.084,15.893,4.809,SPEAKER_01,SPEAKER_00,,
890001000492744,890001000492744.wav,16.366,18.779,2.413,SPEAKER_00,SPEAKER_00,,
890001000492744,890001000492744.wav,16.737,17.227,0.489,SPEAKER_01,SPEAKER_00,,
890001000492744,890001000492744.wav,19.133,20.669,1.536,SPEAKER_01,SPEAKER_00,,
890001000492744,890001000492744.wav,21.428,22.88,1.451,SPEAKER_00,SPEAKER_00,,
890001000492744,890001000492744.wav,23.977,26.98,3.004,SPEAKER_00,SPEAKER_00,,
890001000492744,890001000492744.wav,27.385,28.516,1.131,SPEAKER_01,SPEAKER_00,,
890001000492744,890001000492744.wav,27.908,28.786,0.878,SPEAKER_00,SPEAKER_00,,
890001000492744,890001000492744.wav,29.191,32.195,3.004,SPEAKER_01,SPEAKER_00,,
890001000492744,890001000492744.wav,29.326,30.035,0.709,SPEAKER_00,SPEAKER_00,,
890001000492744,890001000492744.wav,32.482,33.308,0.827,SPEAKER_00,SPEAKER_00,,
890001000492744,890001000492744.wav,33.95,35.603,1.654,SPEAKER_01,SPEAKER_00,,
890001000492744,890001000492744.wav,36.042,36.869,0.827,SPEAKER_00,SPEAKER_00,,
890001000492744,890001000492744.wav,36.97,37.24,0.27,SPEAKER_00,SPEAKER_00,,
890001000492744,890001000492744.wav,38.135,40.109,1.974,SPEAKER_00,SPEAKER_00,,
890001000492744,890001000492744.wav,40.109,40.447,0.338,SPEAKER_01,SPEAKER_00,,
890001000492744,890001000492744.wav,40.919,43.822,2.903,SPEAKER_00,SPEAKER_00,,
890001000492744,890001000492744.wav,41.932,43.197,1.266,SPEAKER_01,SPEAKER_00,,
890001000492744,890001000492744.wav,44.041,45.34,1.299,SPEAKER_01,SPEAKER_00,,
890001000492744,890001000492744.wav,45.695,46.42,0.726,SPEAKER_01,SPEAKER_00,,
890001000492744,890001000492744.wav,45.914,46.808,0.894,SPEAKER_00,SPEAKER_00,,
890001000492744,890001000492744.wav,46.977,49.846,2.869,SPEAKER_00,SPEAKER_00,,
890001000492744,890001000492744.wav,50.858,51.955,1.097,SPEAKER_01,SPEAKER_00,,
890001000492744,890001000492744.wav,52.681,55.887,3.206,SPEAKER_01,SPEAKER_00,,
890001000492744,890001000492744.wav,56.326,56.528,0.203,SPEAKER_00,SPEAKER_00,,
890001000492744,890001000492744.wav,57.203,58.013,0.81,SPEAKER_01,SPEAKER_00,,
890001000492744,890001000492744.wav,58.402,63.447,5.046,SPEAKER_01,SPEAKER_00,,
890001000492744,890001000492744.wav,60.275,60.427,0.152,SPEAKER_00,SPEAKER_00,,
890001000492744,890001000492744.wav,64.24,67.531,3.291,SPEAKER_00,SPEAKER_00,,
890001000492744,890001000492744.wav,68.324,72.138,3.814,SPEAKER_00,SPEAKER_00,,
890001000492744,890001000492744.wav,72.712,73.218,0.506,SPEAKER_00,SPEAKER_00,,
890001000492744,890001000492744.wav,73.876,75.85,1.974,SPEAKER_00,SPEAKER_00,,
890001000492744,890001000492744.wav,76.272,78.938,2.666,SPEAKER_00,SPEAKER_00,,
890001000492744,890001000492744.wav,77.082,77.403,0.321,SPEAKER_01,SPEAKER_00,,
890001000492744,890001000492744.wav,79.293,79.985,0.692,SPEAKER_00,SPEAKER_00,,
890001000492744,890001000492744.wav,80.491,82.769,2.278,SPEAKER_00,SPEAKER_00,,
890001000492744,890001000492744.wav,83.225,84.727,1.502,SPEAKER_00,SPEAKER_00,,
890001000492744,890001000492744.wav,85.57,90.667,5.096,SPEAKER_01,SPEAKER_00,,
890001000492744,890001000492744.wav,89.367,90.616,1.249,SPEAKER_00,SPEAKER_00,,
890001000492744,890001000492744.wav,90.903,93.063,2.16,SPEAKER_00,SPEAKER_00,,
890001000492744,890001000492744.wav,91.46,91.932,0.472,SPEAKER_01,SPEAKER_00,,
890001000492744,890001000492744.wav,92.0,93.13,1.131,SPEAKER_01,SPEAKER_00,,
890001000492744,890001000492744.wav,93.755,96.539,2.784,SPEAKER_01,SPEAKER_00,,
890001000492744,890001000492744.wav,93.856,96.269,2.413,SPEAKER_00,SPEAKER_00,,
890001000492744,890001000492744.wav,96.978,102.31,5.332,SPEAKER_00,SPEAKER_00,,
890001000492744,890001000492744.wav,101.602,102.445,0.844,SPEAKER_01,SPEAKER_00,,
890001000492744,890001000492744.wav,103.12,104.673,1.553,SPEAKER_01,SPEAKER_00,,
890001000492744,890001000492744.wav,103.238,103.677,0.439,SPEAKER_00,SPEAKER_00,,
