filename,urgency_label,language,mfcc_1_mean,mfcc_1_std,mfcc_2_mean,mfcc_2_std,mfcc_3_mean,mfcc_3_std,mfcc_4_mean,mfcc_4_std,mfcc_5_mean,mfcc_5_std,mfcc_6_mean,mfcc_6_std,mfcc_7_mean,mfcc_7_std,mfcc_8_mean,mfcc_8_std,mfcc_9_mean,mfcc_9_std,mfcc_10_mean,mfcc_10_std,mfcc_11_mean,mfcc_11_std,mfcc_12_mean,mfcc_12_std,mfcc_13_mean,mfcc_13_std,mfcc_14_mean,mfcc_14_std,mfcc_15_mean,mfcc_15_std,mfcc_16_mean,mfcc_16_std,mfcc_17_mean,mfcc_17_std,mfcc_18_mean,mfcc_18_std,mfcc_19_mean,mfcc_19_std,mfcc_20_mean,mfcc_20_std,mfcc_21_mean,mfcc_21_std,mfcc_22_mean,mfcc_22_std,mfcc_23_mean,mfcc_23_std,mfcc_24_mean,mfcc_24_std,mfcc_25_mean,mfcc_25_std,mfcc_26_mean,mfcc_26_std,mfcc_27_mean,mfcc_27_std,mfcc_28_mean,mfcc_28_std,mfcc_29_mean,mfcc_29_std,mfcc_30_mean,mfcc_30_std,mfcc_31_mean,mfcc_31_std,mfcc_32_mean,mfcc_32_std,mfcc_33_mean,mfcc_33_std,mfcc_34_mean,mfcc_34_std,mfcc_35_mean,mfcc_35_std,mfcc_36_mean,mfcc_36_std,mfcc_37_mean,mfcc_37_std,mfcc_38_mean,mfcc_38_std,mfcc_39_mean,mfcc_39_std,mfcc_40_mean,mfcc_40_std,pitch_mean,pitch_std,rms_mean,rms_std,zcr_mean,spec_centroid_mean,speaking_rate,jitter,rms_slope,rms_gradient,speaking_rate_change,asr_quality,keyword_count,word_count,repetition_rate,sentiment_polarity,transcript
call5.ogg,Medium,sinhala,-486.49456787109375,79.72047424316406,52.685543060302734,42.53053283691406,0.239020437002182,35.64430618286133,1.361294150352478,37.8380126953125,-15.957135200500488,24.17487144470215,-19.541393280029297,26.144819259643555,-25.40176010131836,23.04625129699707,-16.807140350341797,21.00779151916504,-9.09133529663086,22.253009796142578,-6.550572872161865,14.2987699508667,-7.055736064910889,13.157999038696289,-0.3229328989982605,13.654186248779297,-4.469812870025635,12.757598876953125,-6.61754035949707,11.188590049743652,-3.3231053352355957,9.189584732055664,-5.123479843139648,8.997159004211426,-5.271259307861328,8.016916275024414,-4.572113037109375,7.783061981201172,-5.797140121459961,7.905355453491211,-5.467440605163574,8.349282264709473,-4.132237434387207,8.054218292236328,-5.156650066375732,8.79951286315918,-2.7843167781829834,10.780723571777344,1.0381872653961182,12.78134822845459,3.757655620574951,14.511034965515137,9.633797645568848,14.529476165771484,12.679348945617676,13.762311935424805,15.33521556854248,13.807022094726562,13.136796951293945,14.41091251373291,7.976879119873047,14.285816192626953,3.2237939834594727,12.024345397949219,-0.1263476312160492,9.49763298034668,-0.9327269196510315,7.592650413513184,-1.8671931028366089,6.837046146392822,-1.5679337978363037,6.333851337432861,-2.106260061264038,6.283990383148193,-1.7861937284469604,5.542862415313721,-2.044264554977417,5.82395076751709,-2.2087783813476562,5.800949573516846,-2.4997739791870117,5.758205890655518,233.05823630208988,24.616058629895633,0.0119086978957057,0.01867074891924858,0.1246186822101707,1453.4214245214773,0.9031339031339032,6.537526147930269,-0.008971894159913063,-2.649157628063894e-05,0.04558404558404561,1.0,0.0,49.0,0.2647058823529412,0.0,  ˈgeu wala mahtura ʻaavila tīni. ˈtavadi kaki mape ʻa ʻaʻa ˈgewala tīni. ˈaʻa ˈa ˈtur ʻa ˈa ˈtur ʻa ˈa gvā ˈtā ˈtā ˈtā ˈtī ˈnī. ˈa ˈcūtā ˈcātī ˈgewala ˈtā ˈdā ˈlā ˈdā ˈlā ˈmā. ˈa ˈmā. nasid vetain traan da gama ni strangeh wartuan hall so
call6.ogg,High,sinhala,-448.4757995605469,100.96073150634766,77.6553955078125,56.534690856933594,-11.032483100891113,65.89836883544922,7.156712055206299,57.106319427490234,-21.17217445373535,27.631290435791016,-31.466691970825195,31.006364822387695,-25.523576736450195,27.645095825195312,-18.172861099243164,24.490739822387695,-10.58768081665039,27.419530868530273,-14.070379257202148,19.475902557373047,-6.331676959991455,21.000595092773438,-10.714807510375977,17.342411041259766,-5.031692981719971,13.948966979980469,-13.011907577514648,14.833662033081055,-7.186148166656494,14.525670051574707,-8.728497505187988,12.435473442077637,-17.91093635559082,13.836703300476074,-6.569011688232422,14.83162784576416,-10.382349967956543,17.747217178344727,-1.07924485206604,19.908367156982422,9.10104751586914,20.4267520904541,14.437037467956543,19.941253662109375,14.326982498168945,19.474849700927734,15.62282657623291,20.257465362548828,8.142671585083008,19.70696258544922,3.8875322341918945,15.810907363891602,2.5597448348999023,12.769787788391113,0.37790223956108093,12.91196346282959,0.5924174785614014,10.475066184997559,-3.843672275543213,10.260611534118652,-2.9247076511383057,11.593672752380371,-3.033501625061035,9.226381301879883,-3.0610382556915283,9.224665641784668,-2.9134867191314697,7.922699451446533,-6.318315505981445,8.08167552947998,-4.6541972160339355,7.690384387969971,-3.7544970512390137,8.183642387390137,-2.153470993041992,9.287537574768066,-3.051373243331909,11.678860664367676,-3.1498634815216064,9.569389343261719,276.4063972722126,27.96284186332264,0.027237718924880028,0.02110738307237625,0.08918668016975309,1374.025265008814,0.9937888198757764,7.053372987773775,0.0005566272884607315,-1.0427684533218975e-05,0.024844720496894346,0.92,0.0,9.200000000000001,0.0,0.0, and söyства estaba ताूक eternalVAine sadha po naak ma beenita
call7.ogg,High,sinhala,-448.4337463378906,121.16605377197266,74.17178344726562,59.86611557006836,-23.742053985595703,69.73355865478516,27.818561553955078,66.03189086914062,-26.784921646118164,38.42927932739258,-34.26724624633789,43.3494873046875,-25.04029655456543,29.05955696105957,-22.494754791259766,26.835880279541016,0.3772205412387848,25.413963317871094,-19.428119659423828,18.125761032104492,-17.971572875976562,21.479101181030273,-11.590129852294922,19.458303451538086,-12.865287780761719,17.803255081176758,-17.62190818786621,17.510709762573242,-11.916359901428223,17.058923721313477,-7.658611297607422,14.836875915527344,-10.540107727050781,18.185909271240234,2.2557897567749023,18.19695281982422,2.6004340648651123,18.482643127441406,5.342626571655273,16.81887435913086,11.398603439331055,20.350671768188477,9.17294692993164,16.258703231811523,6.9133734703063965,16.681140899658203,7.8853583335876465,12.841707229614258,3.723740816116333,17.158231735229492,-0.18899628520011902,13.858832359313965,2.9427196979522705,11.907922744750977,0.36797353625297546,12.576489448547363,1.3651901483535767,10.244598388671875,-1.369198203086853,9.508831024169922,-5.5947723388671875,9.344026565551758,-2.631824016571045,7.8217339515686035,-3.2119598388671875,7.564111232757568,-4.297471046447754,7.8939971923828125,-2.1272428035736084,7.674010753631592,-2.14837384223938,8.386336326599121,-1.5421775579452515,9.001688957214355,-1.553389549255371,10.056952476501465,0.27882930636405945,8.982457160949707,0.13033369183540344,6.955623626708984,295.4016905381539,42.157697302355594,0.027595877647399902,0.020613081753253937,0.1290437940140845,1616.2205742959873,0.8962264150943396,14.761147332855245,0.005132386460900307,-1.6544135898763657e-05,-0.13207547169811318,1.0,2.0,12.0,0.0,0.0, siardan ki Isuna kaedaraộcaprwateruratur nan kapin na kayagal r wea antibodyankan biya
call8.ogg,High,sinhala,-450.28497314453125,99.0661392211914,85.38037872314453,59.23182678222656,-20.154407501220703,63.77793502807617,20.716270446777344,60.25820541381836,-21.799518585205078,35.30947494506836,-28.602535247802734,31.290042877197266,-27.30400848388672,25.83412742614746,-31.764360427856445,25.137893676757812,-12.597172737121582,22.480051040649414,-12.282866477966309,16.839468002319336,-11.781387329101562,15.485797882080078,-6.2994489669799805,15.916016578674316,-7.849764823913574,15.153182983398438,-22.43903923034668,14.71329402923584,-12.186500549316406,13.182220458984375,-11.425917625427246,14.339348793029785,-12.29005241394043,13.20173454284668,-8.449039459228516,15.282516479492188,-4.231225490570068,18.714109420776367,5.605956554412842,17.70909309387207,11.969670295715332,19.758281707763672,11.646307945251465,19.13205337524414,12.486271858215332,15.981583595275879,11.506945610046387,16.53701400756836,5.011044025421143,16.721887588500977,4.919400215148926,16.01317024230957,1.1764823198318481,12.531047821044922,2.035078525543213,13.913939476013184,-0.5822246670722961,11.031825065612793,-3.5944552421569824,12.436656951904297,-2.8392670154571533,12.319347381591797,-2.4326932430267334,11.13705062866211,-2.573075771331787,9.183280944824219,-4.855020046234131,8.067781448364258,-5.225903034210205,7.746295928955078,-1.7409348487854004,7.7193145751953125,-0.7699246406555176,7.025959491729736,-2.0045127868652344,10.293641090393066,-2.264590263366699,9.118330001831055,-0.6306711435317993,6.674266338348389,278.8398412860882,34.4012178484598,0.025088179856538773,0.019199661910533905,0.1114219008692053,1378.07619195799,0.9933333333333333,7.518130734759555,-0.008478768169879913,-9.457495278357799e-05,-0.013333333333333308,1.0,0.0,1.0,0.0,0.0, Center
call9.ogg,High,english,-471.3055114746094,129.11227416992188,63.645084381103516,66.45738983154297,-5.791347980499268,78.12850189208984,15.505857467651367,60.87932205200195,-17.807538986206055,36.728424072265625,-24.668912887573242,35.384098052978516,-19.012775421142578,24.65898895263672,-23.269367218017578,27.43498992919922,-11.272397994995117,23.3834228515625,-13.680609703063965,14.612652778625488,-9.421769142150879,15.720195770263672,-8.156393051147461,13.886541366577148,-8.275161743164062,14.458056449890137,-14.356901168823242,14.45512866973877,-11.974114418029785,12.394121170043945,-6.315706729888916,12.133806228637695,-10.787824630737305,12.169926643371582,-6.174932479858398,12.845207214355469,-7.199526309967041,13.186564445495605,-0.2555713951587677,13.047857284545898,6.399651527404785,16.18912124633789,6.221538066864014,17.457054138183594,13.327061653137207,14.557798385620117,12.031820297241211,18.04043197631836,8.587587356567383,14.879288673400879,5.6100006103515625,15.4757719039917,4.215569496154785,14.786393165588379,-0.15942808985710144,13.72252082824707,-2.084805965423584,9.992191314697266,-2.5794389247894287,8.780595779418945,-2.5063319206237793,8.448781967163086,-2.8800501823425293,8.19586181640625,-1.6219558715820312,8.987896919250488,-3.993532657623291,7.939252853393555,-3.535693645477295,7.437277793884277,-4.021820545196533,7.245870113372803,-1.8028295040130615,7.45361852645874,-1.1562913656234741,7.565926551818848,-4.049092769622803,8.192853927612305,-1.0648424625396729,8.004593849182129,274.2110060939181,34.280791145604645,0.023771068081259727,0.021280571818351746,0.18851177509014422,1977.1893988921859,0.8260869565217391,10.133586411020714,0.009341444820165634,6.946673385968247e-05,0.28019323671497576,1.0,5.0,23.0,0.1,0.043478260869565216, is come quickly. There is a fine inside our house and it started near the gas cooker and my grandmother is still inside.
call10.ogg,High,english,-477.9384460449219,112.64571380615234,76.80474090576172,66.0810317993164,-10.661003112792969,72.59038543701172,14.112430572509766,52.12409210205078,-4.9102935791015625,30.972795486450195,-34.85679244995117,35.8228645324707,-20.53864097595215,26.72005271911621,-23.202428817749023,32.36689758300781,-11.729696273803711,22.996980667114258,-11.675667762756348,16.040590286254883,-11.166182518005371,16.16147804260254,-7.639678001403809,16.351903915405273,-10.998123168945312,13.262971878051758,-12.195695877075195,11.726003646850586,-10.694916725158691,11.70340633392334,-7.943483352661133,12.545929908752441,-7.87001371383667,11.672239303588867,-6.633790969848633,12.041202545166016,-6.2460222244262695,11.19534969329834,-5.557773590087891,15.360422134399414,3.917785167694092,14.136561393737793,9.194130897521973,16.126262664794922,6.13883638381958,15.472269058227539,11.440089225769043,17.73804473876953,8.991740226745605,15.368109703063965,1.6066995859146118,15.921706199645996,3.452857732772827,14.754910469055176,1.3386174440383911,14.114662170410156,0.7506590485572815,9.952356338500977,-1.3919246196746826,10.720418930053711,-2.865137815475464,11.560773849487305,-0.3549390137195587,8.569910049438477,-0.5575506091117859,6.873868465423584,-0.5922424793243408,6.860675811767578,-3.6087090969085693,6.748363494873047,-4.8485107421875,8.139286994934082,-1.7190372943878174,6.791524887084961,-2.4522361755371094,6.234051704406738,-5.3217244148254395,7.0407395362854,-2.6430563926696777,7.101223468780518,270.57942695963357,39.85113796244331,0.023799274116754532,0.019974997267127037,0.15745220762310605,1687.7476553500685,0.8859315589353612,9.357486097133982,0.006625816226005554,4.724364121954501e-05,0.0684410646387833,1.0,3.0,25.0,0.08695652173913043,-0.08, I am reporting a fire at warehouse in Kuru Nankal. The fire is inside the back storage area and there may be three workers inside.
call11.ogg,Low,sinhala,-440.8252868652344,126.89073944091797,63.01219177246094,59.709136962890625,-24.611467361450195,79.44188690185547,14.731636047363281,53.96263885498047,-33.94118118286133,42.93415832519531,-23.360267639160156,40.31171798706055,-24.8247127532959,26.569210052490234,-19.751609802246094,27.829030990600586,-14.20598316192627,24.15696144104004,-19.175682067871094,23.435134887695312,-9.045345306396484,23.620466232299805,-16.2097225189209,17.901737213134766,-9.42982292175293,14.853752136230469,-13.188040733337402,17.432851791381836,-9.18120288848877,16.392696380615234,-4.724958896636963,15.81938362121582,-1.3302807807922363,16.14362144470215,3.475710153579712,22.283525466918945,7.481410503387451,23.235139846801758,5.244762420654297,20.794174194335938,7.6086554527282715,19.287887573242188,2.7385613918304443,16.50237274169922,0.9059447050094604,18.207963943481445,1.4413868188858032,14.631017684936523,-0.5101456642150879,14.934284210205078,0.9080608487129211,13.180845260620117,-2.056593418121338,13.408806800842285,-1.2452950477600098,14.401480674743652,-0.15630000829696655,13.665407180786133,0.2241969108581543,11.187576293945312,-1.041316270828247,12.312705039978027,-4.431140422821045,11.921974182128906,-2.100339651107788,9.574633598327637,-2.1456096172332764,8.779048919677734,-1.8098719120025635,8.283151626586914,-0.5385961532592773,9.386488914489746,-0.08242689073085785,11.342348098754883,-0.07451056689023972,11.031044006347656,-1.5503838062286377,7.3284783363342285,-0.2912321388721466,6.72214412689209,288.17034131141753,55.18798269776587,0.026989148929715157,0.020252050831913948,0.13629340277777777,1769.5828942807975,0.9285714285714286,11.235463313210165,0.00841226801276207,5.40553474489022e-05,-0.017857142857142905,0.989010989010989,0.0,20.76923076923077,0.05205320994794679,0.0, NAI financia aiheit karangaiya xiddha na ts fault dhe na ito daninaЬ voyktur ek theta na mak ihit mod hai mbaya
call13.ogg,High,sinhala,-462.5972900390625,86.1790542602539,88.66153717041016,65.92503356933594,18.150798797607422,48.22922897338867,6.193881988525391,57.48395538330078,-48.03207015991211,42.144718170166016,-9.753169059753418,35.77614974975586,-17.319141387939453,25.81352424621582,-23.238168716430664,21.066862106323242,-4.5273542404174805,21.636558532714844,-18.618968963623047,18.861949920654297,-23.420330047607422,16.856813430786133,-13.439640045166016,15.723204612731934,-15.46953010559082,13.702983856201172,-15.395360946655273,10.327171325683594,-7.211515426635742,11.460043907165527,-11.075176239013672,10.087021827697754,-6.398015975952148,10.462809562683105,-8.672218322753906,11.121554374694824,-5.991763114929199,12.297698974609375,-0.22295626997947693,14.678574562072754,5.211291313171387,16.470121383666992,9.598360061645508,15.869834899902344,16.827898025512695,15.78271198272705,13.730382919311523,15.168784141540527,11.713685989379883,15.1992826461792,10.248498916625977,15.284385681152344,4.824151515960693,13.243919372558594,2.3031604290008545,11.296524047851562,-0.40296897292137146,8.72830867767334,-2.988983392715454,7.6865668296813965,-1.9981971979141235,7.855707168579102,-3.6318306922912598,6.565065383911133,-5.326116561889648,6.695680618286133,-5.256291389465332,6.2460784912109375,-7.637209892272949,5.831010341644287,-5.217299938201904,5.685920715332031,-5.866499900817871,5.123739242553711,-4.049935340881348,5.230395317077637,-1.8762699365615845,6.320342540740967,-1.477751612663269,7.032135009765625,272.71171511204216,25.83327011467481,0.029718579724431038,0.022678133100271225,0.10695456288343558,1348.2665386327315,0.9697899683513954,8.597658584982593,-0.016351455822587013,-0.00015013752639890423,-0.04910328953677956,0.625,0.0,1.25,0.0,0.0, eh angрез
call14.ogg,High,sinhala,-462.8826904296875,93.8999252319336,58.136695861816406,57.72848892211914,6.427809238433838,45.851234436035156,21.75507354736328,47.16301727294922,-18.54233169555664,35.97355651855469,-15.273428916931152,29.317110061645508,-26.474111557006836,27.877838134765625,-22.171430587768555,29.700210571289062,-14.295659065246582,22.15205955505371,-14.940201759338379,18.739477157592773,-13.398709297180176,14.068207740783691,-7.905666828155518,15.503752708435059,-18.1651554107666,16.75889778137207,-13.403438568115234,13.924223899841309,-9.726144790649414,11.274579048156738,-13.608980178833008,10.947360038757324,-7.581650733947754,11.309637069702148,-5.931480884552002,11.62195110321045,-7.061398983001709,12.955134391784668,1.5918543338775635,13.690816879272461,3.5753891468048096,16.381982803344727,7.516757488250732,13.727940559387207,14.758865356445312,13.687528610229492,11.7626953125,13.098898887634277,13.968267440795898,14.199593544006348,10.280906677246094,11.89572811126709,3.822660446166992,10.1363525390625,2.921743631362915,9.618560791015625,0.7385579943656921,8.640594482421875,-0.43205493688583374,6.93808126449585,0.25067031383514404,6.944793224334717,-0.7434678077697754,5.987223148345947,-3.6385648250579834,7.218915939331055,-2.763490676879883,5.750201225280762,-3.6007750034332275,6.251985549926758,-2.0878827571868896,5.117014408111572,-5.207328796386719,6.717739105224609,-5.898956775665283,6.3745245933532715,-2.9429585933685303,6.576527118682861,-3.117950201034546,6.054229736328125,275.4121041981905,34.22361659233722,0.022364579141139984,0.018807588145136833,0.12312079805776892,1593.7568071283013,0.956,8.014094705480975,-0.003522491082549095,-4.300897025869668e-05,0.008000000000000007,0.9868421052631579,0.0,37.5,0.2114661654135338,0.0,"though she shared sit hements there that we had visited, we ask her a few questions about speed and speed, and if we believe that once we where the speed of speed of speed Це is a nothingness"
call17.ogg,Medium,singlish,-480.1754455566406,118.60974884033203,86.95236206054688,75.4732894897461,3.849907636642456,50.54835891723633,12.626029014587402,54.564388275146484,-20.354576110839844,26.516883850097656,-21.431724548339844,33.734867095947266,-14.877795219421387,24.450410842895508,-24.510251998901367,24.019460678100586,-20.807762145996094,18.93272590637207,-23.61623191833496,17.380062103271484,-23.596033096313477,15.561180114746094,-18.761526107788086,16.338319778442383,-13.134808540344238,14.607154846191406,-14.231332778930664,12.869734764099121,-4.9239912033081055,12.746593475341797,-5.512904167175293,12.776208877563477,-10.462876319885254,19.326377868652344,2.980391025543213,15.722403526306152,-0.4242177903652191,17.10223388671875,2.593454599380493,20.356157302856445,7.793648719787598,17.958419799804688,6.981720924377441,17.735206604003906,7.623326778411865,16.089763641357422,8.08241081237793,16.487545013427734,0.32257145643234253,16.127653121948242,5.283761024475098,12.770828247070312,2.240309238433838,11.888931274414062,-1.539252519607544,11.128474235534668,-1.7650749683380127,9.613335609436035,2.659952402114868,7.958837509155273,-1.2116339206695557,10.666892051696777,1.465125322341919,9.167254447937012,1.4005836248397827,7.213834762573242,-1.2629616260528564,7.521700859069824,-0.9976868629455566,6.435909271240234,-1.626845359802246,5.79198694229126,-2.650485038757324,7.870733737945557,0.86570143699646,7.809573173522949,-1.2494217157363892,7.120506286621094,-1.9864202737808228,6.124793529510498,287.84492184434015,52.61162240494458,0.025359539315104485,0.014756581746041775,0.10403481012658228,1301.4317795785707,0.9299363057324841,11.207164284573228,0.006106862798333168,4.9322230209704e-05,-0.10191082802547768,0.0,0.0,0.0,0.0,0.0, نیوٹی گینتی نا با مهیتانی کچھنگی دومی نا حبہ حاید مشوور نا
call18.ogg,Medium,singlish,-474.1762390136719,110.99248504638672,69.51145935058594,90.28466033935547,13.444458961486816,44.70744323730469,7.636073589324951,55.09211730957031,-14.135369300842285,26.79332160949707,-12.875304222106934,34.087406158447266,-11.492473602294922,25.35482406616211,-21.725444793701172,24.311464309692383,-19.68553352355957,23.570785522460938,-20.220020294189453,19.664657592773438,-20.12313461303711,17.600631713867188,-16.66807746887207,15.035688400268555,-10.65994930267334,14.300443649291992,-7.574575424194336,12.102679252624512,-1.8590514659881592,12.882129669189453,-6.310914516448975,13.792352676391602,-11.015945434570312,16.9100399017334,0.35964861512184143,16.336435317993164,-4.144529342651367,14.043707847595215,-1.786641240119934,11.981738090515137,-0.47597798705101013,14.724635124206543,2.6733460426330566,15.448640823364258,3.0535547733306885,12.8317232131958,4.578588962554932,13.63302993774414,0.9656779766082764,15.140158653259277,3.11720871925354,11.975918769836426,6.106257915496826,12.253589630126953,3.390693426132202,13.567991256713867,0.8249467611312866,12.077777862548828,1.5141559839248657,9.707540512084961,1.7372769117355347,9.658285140991211,3.1239583492279053,9.039440155029297,2.8238885402679443,8.753179550170898,0.2270975112915039,8.669656753540039,-0.3600243330001831,7.531630039215088,-0.6888417601585388,7.596673488616943,-2.205594062805176,6.201006889343262,-3.0096795558929443,6.494576930999756,-2.860935688018799,5.616201877593994,-1.1905030012130737,6.321090221405029,274.449586189625,59.79433333938257,0.024968916550278664,0.017834244295954704,0.11424394087357954,1413.6793647177483,0.7485714285714286,12.228970798006603,0.006164165213704109,1.3824455753861686e-05,-0.2857142857142857,1.0,0.0,27.0,0.125,0.0," what are you talking about there now. I didn't know I was gonna make you miss all the stuff, except this was a very cool awkwardness 다들."
call19.ogg,Medium,singlish,-444.42376708984375,96.85435485839844,90.32825469970703,92.30480194091797,-0.296294242143631,48.06084060668945,8.283600807189941,59.515071868896484,-18.6705379486084,24.889829635620117,-28.559736251831055,41.88960647583008,-22.61553955078125,29.096004486083984,-32.435096740722656,28.10797882080078,-15.734106063842773,25.176063537597656,-19.630388259887695,19.290348052978516,-22.717214584350586,20.273101806640625,-16.587398529052734,16.312314987182617,-14.006551742553711,15.81849479675293,-8.130983352661133,13.64281940460205,-6.730173587799072,12.970816612243652,-7.286877155303955,12.041582107543945,-15.24042797088623,14.363245010375977,-0.42200958728790283,15.827319145202637,-4.950265407562256,15.218480110168457,6.5336432456970215,18.98582649230957,2.08099365234375,17.44673728942871,12.401300430297852,18.947978973388672,7.990795135498047,15.882685661315918,13.449970245361328,16.410991668701172,5.464454174041748,17.058380126953125,3.4468915462493896,12.652417182922363,4.608497619628906,11.338839530944824,1.507015347480774,11.302506446838379,-2.3437561988830566,9.945761680603027,0.5828066468238831,6.631768703460693,-0.4050242006778717,8.18628978729248,-1.4692579507827759,7.480853080749512,-1.0449084043502808,5.7620954513549805,-3.8358798027038574,6.332625389099121,-0.07260871678590775,7.482553958892822,-0.9972184896469116,7.550065517425537,-1.8455787897109985,6.2588982582092285,-2.256972551345825,7.600205898284912,-2.1084816455841064,7.816699504852295,-1.5544888973236084,7.058599472045898,283.08155710956237,37.4726051624294,0.027240481227636337,0.013110978528857231,0.12308830492424243,1498.5777528351657,0.8475609756097561,15.117882703185618,5.6158751249313354e-06,7.50277821670708e-06,-0.13414634146341464,1.0,0.0,2.0,0.0,0.0, nede une...
call21.ogg,High,tamil,-420.5682067871094,105.12693786621094,53.944122314453125,54.42951202392578,21.218957901000977,47.902523040771484,56.443721771240234,68.4806137084961,-41.81407928466797,45.708038330078125,-24.230133056640625,34.53841781616211,-23.347593307495117,31.23780059814453,-16.86237335205078,30.93104362487793,-22.622089385986328,25.41805648803711,-4.636203765869141,16.909902572631836,-5.300419807434082,20.379093170166016,-7.676058292388916,18.48891830444336,-0.8927670121192932,18.320693969726562,-14.298587799072266,16.23166275024414,-1.4162825345993042,14.046854972839355,-9.120318412780762,14.576685905456543,-14.040902137756348,13.092698097229004,-1.689096450805664,15.29421329498291,-8.653380393981934,14.5582275390625,-2.2601535320281982,18.71324920654297,6.172666072845459,17.73675537109375,4.933435916900635,18.326505661010742,8.7897310256958,16.531532287597656,12.777641296386719,15.818081855773926,7.922138214111328,15.804852485656738,8.46747875213623,17.617664337158203,5.007625579833984,16.03366470336914,0.6359036564826965,13.734640121459961,-1.946362018585205,10.50147533416748,-2.6946418285369873,11.719019889831543,-4.3816046714782715,10.217229843139648,-4.791876316070557,9.4765043258667,-3.5231049060821533,8.860934257507324,-7.534599304199219,8.45246410369873,-3.8277249336242676,7.723044395446777,-5.393568992614746,8.976719856262207,-3.704698085784912,8.536901473999023,-3.085287570953369,9.723966598510742,-4.5930495262146,9.161093711853027,-1.8028000593185425,8.598134994506836,271.1197790311894,35.33289509128411,0.031422682106494904,0.019762631505727768,0.1260699103860294,1838.1477335380232,0.9548565715604092,8.213350784978335,-0.003143642097711563,-2.712408826454149e-05,-0.07875105744828115,1.0,3.0,16.0,0.0,0.0," இில் கிரது, குகை நிரிய வரகிரது, முக்க வரு சரியாக தெரிய வில்லை பேருந்த நிலையம் அருகை, போல வரகிிில் கிரது"
call22.ogg,Low,tamil,-434.1506652832031,127.38780975341797,54.05199432373047,51.93022918701172,14.84963607788086,54.858909606933594,31.22197914123535,64.2890396118164,-35.96186447143555,51.97752380371094,-19.82757568359375,34.3469123840332,-23.381126403808594,25.606775283813477,-20.971595764160156,23.35164451599121,-14.873559951782227,28.697669982910156,-4.639925479888916,15.894775390625,-5.913635730743408,20.229026794433594,-4.620178699493408,17.256580352783203,-1.6834012269973755,15.508817672729492,-11.19950008392334,14.994521141052246,-4.680875301361084,13.78884220123291,-7.6544671058654785,11.583152770996094,-10.780820846557617,11.423832893371582,-3.021352767944336,11.553201675415039,-8.359081268310547,12.207632064819336,-2.370455265045166,13.083892822265625,4.071955680847168,15.277910232543945,6.749973773956299,18.28776741027832,9.755541801452637,18.94409942626953,13.622166633605957,18.419479370117188,5.371870517730713,15.455512046813965,8.405445098876953,17.929868698120117,3.4380087852478027,16.17055320739746,0.48559966683387756,11.516753196716309,0.021561069414019585,10.70687484741211,-2.9399800300598145,11.441469192504883,-2.5749411582946777,9.716893196105957,-3.0686957836151123,7.719913005828857,-3.3149635791778564,6.706801891326904,-5.127964019775391,7.653233051300049,-3.7012832164764404,6.881112575531006,-4.2203192710876465,7.326505661010742,-4.453362941741943,7.230883598327637,-2.977961778640747,7.653708457946777,-3.8694489002227783,6.662116527557373,-2.9844970703125,8.215137481689453,265.8861615733688,26.329749560622396,0.033755142241716385,0.02673039771616459,0.12448299632352941,1761.973775285534,0.7880424046882202,7.756329720292836,-0.010881025344133377,-6.13168632295413e-05,-0.2275630473431225,0.0,0.0,0.0,0.0,0.0,
call23.ogg,High,tamil,-399.0291442871094,108.30419158935547,29.832406997680664,48.7115364074707,19.371623992919922,39.479366302490234,32.969573974609375,50.392120361328125,-52.423553466796875,38.7081184387207,-29.254819869995117,34.03448486328125,-24.66728973388672,25.326072692871094,-16.18442153930664,25.56844139099121,-23.041858673095703,23.12013053894043,-6.907069206237793,20.99294090270996,-10.583061218261719,13.756759643554688,-10.615180969238281,16.871662139892578,-4.41483211517334,16.225542068481445,-15.698670387268066,18.300966262817383,-5.631013870239258,14.394914627075195,-5.213315486907959,13.725930213928223,-10.058341979980469,19.257198333740234,-1.6196554899215698,19.597795486450195,0.8848612904548645,18.738391876220703,3.118887424468994,20.580280303955078,5.1597089767456055,17.372629165649414,6.946193218231201,16.33920669555664,7.241988658905029,18.26132583618164,7.888925552368164,15.343758583068848,3.3190362453460693,16.00855255126953,4.711742877960205,13.662040710449219,2.719667434692383,13.173318862915039,-1.8496246337890625,12.668217658996582,1.4105993509292603,10.69245433807373,-0.5943872332572937,10.377107620239258,-0.0001408386160619557,9.432089805603027,-3.844320058822632,9.560063362121582,-1.7966430187225342,9.096522331237793,-2.918091058731079,7.212790012359619,-2.3875441551208496,7.738539218902588,-1.830735206604004,7.321329593658447,-3.074434280395508,10.288663864135742,-0.2882620692253113,7.689445972442627,-2.300309896469116,7.576958656311035,-0.8019284009933472,7.14412784576416,283.51835839450325,45.4011842413773,0.03202095627784729,0.03276318311691284,0.1598388671875,2165.2604046631195,0.9346733668341709,9.555948922022235,-0.011164426803588867,-0.0001110875771102802,0.0,1.0,3.0,11.0,0.0,0.0, ஓ்தவி செய்யுங்கள் வெள்ளனிர் விட்டுக்குள் வந்து விட்டது இரண்டு குளந்தைகளுடன் நாங்கள் உள்ளே சிறிக்கிறிக்கிறோம்.
call24.ogg,High,tamil,-381.30126953125,92.15308380126953,33.30913543701172,53.47703170776367,11.187007904052734,39.08302307128906,28.42790412902832,49.40046691894531,-34.06300354003906,37.92681884765625,-20.897096633911133,30.770496368408203,-24.045459747314453,22.533061981201172,-20.958740234375,21.46202278137207,-23.673702239990234,24.282508850097656,-6.271985054016113,16.58144187927246,-10.112687110900879,15.223006248474121,-10.23841667175293,16.106884002685547,2.124500036239624,15.22482681274414,-12.796704292297363,17.115219116210938,-3.309155225753784,11.82762336730957,-5.108152866363525,11.92570686340332,-11.177525520324707,10.97067642211914,-3.025892972946167,15.029606819152832,-4.363350868225098,11.845060348510742,-1.3820505142211914,17.833263397216797,7.160727024078369,16.2455997467041,5.5742058753967285,16.51784896850586,6.804673194885254,15.37369155883789,9.92796802520752,16.757503509521484,4.929140567779541,16.368661880493164,7.05706262588501,15.437790870666504,4.381287574768066,13.186517715454102,4.184976577758789,12.62629222869873,2.7780048847198486,13.231463432312012,2.4277987480163574,14.915888786315918,-0.18538640439510345,11.52077579498291,-1.7297282218933105,9.587430000305176,-1.646962285041809,8.886890411376953,-5.711497783660889,7.916346549987793,-1.1303021907806396,8.120137214660645,-2.9489786624908447,6.27049446105957,-4.132817268371582,8.098566055297852,-2.5842509269714355,7.597424030303955,-2.7959182262420654,7.3195366859436035,-1.028643012046814,7.743532180786133,261.5067884021065,38.014380537665936,0.036000676453113556,0.03895539417862892,0.1644733048892989,2091.501562013725,0.9666666666666667,9.496989589080208,-0.012873627245426178,-8.348178369750123e-05,-0.007407407407407418,0.7272727272727273,0.7272727272727273,12.363636363636363,0.0,0.0, دھائے میں سے یہ سیکிரம் வாருங்கள் ان்கல் வீட்டில் தீட்டு விட்டது சமையாலாரையை לருந்து தீ்பரவே گுருது உள்ளை மூவர் இடிக்கிராது.
call25.ogg,High,tamil,-377.24554443359375,88.52713012695312,27.047977447509766,46.89603042602539,5.597116470336914,29.502838134765625,18.99246597290039,49.89035415649414,-44.24769592285156,37.905914306640625,-22.65502166748047,31.573108673095703,-21.2673397064209,21.4844913482666,-14.130184173583984,20.865602493286133,-14.140856742858887,22.424406051635742,-5.852064609527588,17.39246940612793,-4.38508415222168,15.41156005859375,-5.557498455047607,17.849470138549805,-4.2084059715271,15.50440502166748,-13.158001899719238,14.753852844238281,-5.718364715576172,12.791831016540527,-6.192879676818848,10.624909400939941,-12.246180534362793,15.070259094238281,1.4428799152374268,15.882511138916016,0.6516174674034119,16.49678611755371,6.3011393547058105,20.23652458190918,9.24691104888916,14.769303321838379,9.766287803649902,17.404531478881836,12.263933181762695,17.630361557006836,8.013389587402344,15.115816116333008,3.5567498207092285,16.187028884887695,4.933687686920166,14.727690696716309,1.225589632987976,14.655147552490234,-0.8803531527519226,12.666788101196289,-1.4172545671463013,8.616427421569824,-2.535909652709961,9.406755447387695,-1.0458836555480957,7.8449835777282715,-2.9151644706726074,8.014351844787598,-3.4594178199768066,7.7453765869140625,-4.538996696472168,7.706318378448486,-1.5108922719955444,6.717320442199707,-3.529829502105713,7.759353160858154,-2.963794231414795,7.958005905151367,-0.38127538561820984,8.319785118103027,-0.6188815832138062,8.03959846496582,-0.43590494990348816,7.476857662200928,284.41913391987646,34.12546249569153,0.0367581844329834,0.04066086187958717,0.15750319332224336,2002.6121522230078,0.9961832061068703,9.062994360986313,-0.015400614589452744,-9.573822397288299e-05,0.007633587786259555,1.0,1.0,17.0,0.0625,0.0, நான் ஒரு தீ விபத்தைப் பட்சி தகுவல் தருகிறேன் இதையால் பானத்தில் ஒரு சிரியைக் கடையிலேட் பட்டுவிட்டுவிட்டது. ஒருவன் இன்னும் ஒள்ளே இருக்கலாம்
call26.ogg,High,sinhala,-455.1854248046875,115.12361145019531,114.92789459228516,65.66707611083984,38.31269836425781,34.29732894897461,10.700920104980469,54.66903305053711,-16.038562774658203,45.82497024536133,-3.949313163757324,28.656299591064453,-23.871957778930664,40.30173873901367,-6.177201271057129,23.32413673400879,-22.389514923095703,20.683748245239258,-9.262581825256348,23.318466186523438,-7.947612762451172,16.6241512298584,-12.45804214477539,16.695398330688477,-2.6067795753479004,15.439369201660156,-6.979310989379883,11.012874603271484,-9.277066230773926,9.183837890625,-6.51632833480835,9.258060455322266,-6.113214492797852,11.192886352539062,-7.184025764465332,12.036874771118164,-6.011952877044678,11.382848739624023,-9.634947776794434,10.651463508605957,-8.278121948242188,7.397331237792969,-5.64128303527832,8.017728805541992,-5.183878421783447,7.1087212562561035,-3.3139259815216064,7.450639247894287,-6.25588321685791,7.174025058746338,-2.4153859615325928,7.407995223999023,-5.007263660430908,6.384912490844727,-2.540140151977539,5.93632173538208,-4.431777477264404,5.725887775421143,-3.255854845046997,5.80259895324707,-3.6543080806732178,5.447089672088623,-4.0593719482421875,4.724403381347656,-1.375806212425232,4.928116798400879,-4.510382652282715,5.645365238189697,-4.024600505828857,4.081593990325928,-4.405226707458496,4.862663269042969,-4.253559589385986,4.487912654876709,-4.320992946624756,4.190699100494385,-4.392435550689697,4.917062282562256,-3.139469623565674,4.135546684265137,124.7488431101325,12.621235662334115,0.023123806342482567,0.021201662719249725,0.08392602692610063,1253.6633791724182,0.9367088607594937,5.305123923053566,-0.00484892912209034,-5.181331564493207e-06,0.07594936708860756,0.8947368421052632,0.0,4.473684210526316,0.0,0.0,атuru d könnten r track
call28.ogg,Low,sinhala,-518.6962280273438,136.18905639648438,102.11575317382812,79.16011810302734,19.972148895263672,37.6806526184082,23.61663055419922,43.053375244140625,1.8657220602035522,39.20696258544922,-9.179204940795898,28.217512130737305,-6.93947172164917,31.568864822387695,-7.6365532875061035,25.18182373046875,-8.169938087463379,21.856197357177734,-8.514867782592773,23.00984764099121,-6.798125267028809,16.370738983154297,-8.116844177246094,14.465934753417969,-0.8778824806213379,11.600762367248535,-6.480213165283203,11.775959968566895,-5.222801685333252,9.505804061889648,-3.2060656547546387,8.652972221374512,-7.3966522216796875,10.098732948303223,-4.967495441436768,9.38597297668457,-5.192624568939209,8.248613357543945,-6.745572566986084,8.136330604553223,-5.597816467285156,6.596224308013916,-4.699648380279541,6.670555591583252,-4.679771423339844,6.127219200134277,-5.340599060058594,5.673764705657959,-3.551236391067505,5.095834255218506,-2.394369125366211,5.627643585205078,-5.260806560516357,5.64890718460083,-2.1850342750549316,5.032008647918701,-2.7128913402557373,4.946321487426758,-3.02327561378479,5.4911017417907715,-1.646816372871399,3.465564489364624,-2.42270827293396,4.655218601226807,-2.329927444458008,4.429616928100586,-3.653144598007202,4.453039169311523,-3.008883476257324,4.116760730743408,-2.8403987884521484,3.7796387672424316,-4.384930610656738,4.634387969970703,-2.765249013900757,3.138965129852295,-3.84543514251709,3.92197585105896,-2.8596413135528564,3.193650484085083,110.14095001915778,10.845592169341622,0.017353888601064682,0.018185516819357872,0.05985493875628141,997.7582981679144,0.5808080808080808,3.3677778852332025,0.003547344356775284,1.3686595607599135e-05,-0.19191919191919193,0.9876543209876543,0.0,20.74074074074074,0.0,0.0, ano jothe bi Lastag putat ko ida. Paa al haami ka ng matur huyт na mandi まo Numat あda埋 kaadnika pibhen?
call29.ogg,High,singlish,-471.7044982910156,127.10263061523438,91.41120910644531,82.75204467773438,14.248332023620605,41.48239517211914,19.52908706665039,56.49857711791992,-5.043867111206055,40.44612503051758,-8.277694702148438,21.34000015258789,-17.208847045898438,33.85916519165039,-14.626166343688965,23.29972267150879,-15.04475212097168,21.768733978271484,-6.027766704559326,24.37761116027832,-7.85658073425293,15.506722450256348,-5.1536736488342285,11.596869468688965,-3.4736289978027344,11.367096900939941,-4.30498743057251,11.413677215576172,-3.515977621078491,10.033010482788086,-7.452696800231934,10.418021202087402,-4.473451614379883,9.252676963806152,-8.431107521057129,9.299186706542969,-7.250975608825684,8.365756034851074,-4.573365211486816,8.84837818145752,-6.994870185852051,7.486307621002197,-3.3636016845703125,6.317502021789551,-4.663475513458252,7.588233470916748,-3.482767343521118,5.791327476501465,-3.1106810569763184,5.345164775848389,-2.710775136947632,5.9294281005859375,-2.8588035106658936,4.812543869018555,-2.1613545417785645,4.72385311126709,-3.2563416957855225,4.513530254364014,-2.0589194297790527,4.599902629852295,-2.2983767986297607,4.165128707885742,-2.693115711212158,4.5722832679748535,-1.7579002380371094,3.6864852905273438,-2.974669933319092,4.848474025726318,-2.4006659984588623,4.76020622253418,-2.1607630252838135,3.947693109512329,-3.181907892227173,3.9111998081207275,-2.9905457496643066,4.4781670570373535,-3.65917706489563,4.04851770401001,-3.3530328273773193,4.146731853485107,115.38385126202043,16.02060420232862,0.02130858413875103,0.021818675100803375,0.11886393229166667,1276.7928123354118,0.5947955390334573,4.931682059193259,-0.01197127066552639,-6.500550303522604e-05,-0.2973977695167286,0.9807692307692307,0.0,15.692307692307692,0.0,0.0," ṭarmandoja ожaragaboda anse gouine-katilati, ihn tokadau  Prix keharm habenat bariy secti kihi katedia, ikeaik tam cikaolli..."
call32.ogg,High,singlish,-443.43402099609375,142.53494262695312,57.53126907348633,57.89397430419922,-2.187314748764038,44.6531982421875,15.289079666137695,61.79411697387695,-18.383602142333984,39.23430633544922,5.852244853973389,33.741336822509766,-18.0297794342041,25.64026641845703,-25.496902465820312,27.588817596435547,-11.518865585327148,24.303409576416016,-11.815583229064941,16.563661575317383,-9.911558151245117,16.519189834594727,-4.955275535583496,13.940292358398438,-1.9439542293548584,11.750418663024902,-7.699153423309326,9.601386070251465,-5.334589004516602,9.402174949645996,-7.010735511779785,12.211885452270508,-6.464264869689941,9.529871940612793,-5.048642635345459,7.143585205078125,-6.549654483795166,8.525609970092773,-3.033256769180298,7.388513565063477,-3.6419081687927246,7.199419975280762,-6.3292975425720215,7.363373279571533,-3.9472873210906982,6.62430477142334,-5.119391918182373,6.682247638702393,-7.478176116943359,7.568679332733154,-2.3600575923919678,6.171206951141357,-4.195434093475342,6.328217029571533,-3.836202621459961,7.736231803894043,-0.8290926814079285,8.697530746459961,-0.22396889328956604,9.083553314208984,1.0654879808425903,11.296561241149902,4.775941848754883,12.467329025268555,7.911209583282471,13.871979713439941,9.192797660827637,14.100482940673828,11.361861228942871,15.619332313537598,7.206332683563232,13.107767105102539,4.225373268127441,11.96916675567627,2.889561653137207,10.869909286499023,-0.33928123116493225,7.81775426864624,1.4007896184921265,6.191080093383789,188.06089331830924,17.1781100169956,0.024467578157782555,0.024187123402953148,0.14238597728587962,1954.5204895817317,0.6558139534883721,6.8356901706860125,-0.009335275739431381,-7.987759313234744e-05,-0.046511627906976716,0.975,0.0,10.725,0.0,0.0, گாங்குத் துரிசா பாராவால பேகத்திருக்கும் மான் உன்று ஓர் பிள்ளை வேண்டும் கத்தில் இன்ன?
call33.ogg,High,singlish,-372.5526428222656,118.91525268554688,54.330997467041016,62.60444641113281,-13.17768669128418,55.002891540527344,10.175475120544434,57.97806167602539,-25.143186569213867,40.2715950012207,0.6643799543380737,29.807785034179688,-32.670413970947266,27.183629989624023,-20.461816787719727,22.66437530517578,-11.494488716125488,26.445844650268555,-16.0460262298584,18.22055435180664,-18.311185836791992,20.912199020385742,-6.436186790466309,14.70402717590332,-5.362606048583984,14.042634010314941,-13.303746223449707,11.725997924804688,-6.840581893920898,10.77839183807373,-8.095291137695312,12.399775505065918,-5.8481245040893555,13.922050476074219,-4.624117851257324,13.833314895629883,-1.8646308183670044,18.39654541015625,2.2867064476013184,18.164894104003906,3.323002338409424,16.71129608154297,0.9063224196434021,15.410850524902344,3.1647415161132812,13.509958267211914,5.678365707397461,15.868114471435547,2.4506983757019043,15.480162620544434,7.254482269287109,15.802934646606445,3.060647487640381,15.164273262023926,4.194045066833496,15.802994728088379,4.199710845947266,13.326918601989746,2.0863630771636963,11.503798484802246,1.4175375699996948,9.488944053649902,-1.8118152618408203,10.792279243469238,-1.5641961097717285,9.557888984680176,-1.0309299230575562,8.709843635559082,-1.022074818611145,7.058631420135498,-3.38525390625,7.368697643280029,0.7465746402740479,8.98102855682373,-0.4557614326477051,7.030982494354248,-0.5923140048980713,7.3491716384887695,-0.6560696959495544,6.425540924072266,271.9836545578732,45.41132753472837,0.035868700593709946,0.02818913385272026,0.1267648335375817,1862.707482660669,0.7697368421052632,8.765678065777367,0.0022470392286777496,7.30045574769532e-07,-0.11842105263157898,0.875,0.0,10.5,0.21875,0.0, ... وانے견� naar YouTeen喳 .... ... Naomi Lingga .... .... .... team
call35.ogg,High,sinhala,-394.7665100097656,97.77735137939453,45.76005172729492,56.478309631347656,-6.485036373138428,49.7966194152832,24.35036849975586,77.17440795898438,-35.00192642211914,43.2125358581543,0.4299560487270355,30.6855525970459,-29.0351619720459,31.665760040283203,-32.46443557739258,27.355667114257812,-18.446584701538086,26.401174545288086,-15.164878845214844,20.688018798828125,-19.337770462036133,22.409032821655273,-9.027503967285156,19.18574333190918,-4.21088171005249,16.14405632019043,-12.638200759887695,15.274789810180664,-4.025096416473389,13.549193382263184,-7.228480815887451,15.09656047821045,-5.904458045959473,16.465576171875,-3.0109918117523193,13.484793663024902,-5.437524795532227,16.68929672241211,4.014165878295898,17.61817741394043,5.535336017608643,20.543840408325195,8.387721061706543,18.65443992614746,7.2990875244140625,16.977718353271484,2.0761537551879883,18.148914337158203,2.8583390712738037,16.899036407470703,6.2017645835876465,17.088237762451172,4.502618789672852,16.428131103515625,2.5513384342193604,16.515748977661133,4.001521110534668,12.68128490447998,2.581577777862549,12.607038497924805,0.583662211894989,12.096773147583008,1.5213844776153564,12.006890296936035,-3.105095863342285,11.531211853027344,-2.5846762657165527,9.409156799316406,-3.0305447578430176,8.729900360107422,-3.0877065658569336,6.597113132476807,-2.0490407943725586,7.517699718475342,-2.0966999530792236,8.233146667480469,-0.835845410823822,7.417850017547607,-0.37919098138809204,7.302877426147461,271.8122201188475,45.04873116009565,0.03577781841158867,0.023025818169116974,0.12720424107142858,1876.761139131087,0.9540229885057471,9.850177474259498,0.0011225640773773193,-5.147429841504966e-05,0.09195402298850575,1.0,0.0,8.0,0.0,0.0,க file ap 500 dhoom eno youtube deb
call36.ogg,Medium,singlish,-453.2386474609375,110.74417877197266,93.10194396972656,66.82523345947266,8.35798168182373,47.94493865966797,22.883991241455078,63.618324279785156,-6.551136016845703,40.9440803527832,-21.911849975585938,26.3026123046875,-21.98081398010254,33.50727462768555,-21.718860626220703,30.855833053588867,-19.26451301574707,25.03169059753418,-3.8766255378723145,26.03954315185547,-14.935097694396973,19.336071014404297,-10.727560043334961,14.931201934814453,-9.75559139251709,16.416677474975586,-5.792862892150879,10.954692840576172,-6.630834102630615,14.093831062316895,-7.137412071228027,11.954834938049316,-5.7785539627075195,10.90034294128418,-6.726597785949707,10.175909042358398,-8.569600105285645,10.304343223571777,-6.095236778259277,10.459221839904785,-10.600130081176758,8.47643756866455,-9.423133850097656,9.816502571105957,-3.965376377105713,10.760478019714355,-7.14229679107666,8.992403030395508,-4.640522003173828,9.745622634887695,-4.097906112670898,9.941837310791016,-0.5298627614974976,13.931618690490723,3.514624834060669,14.87308120727539,2.7121052742004395,14.593917846679688,5.841911792755127,14.477775573730469,6.188710689544678,15.55807113647461,5.188741683959961,14.246543884277344,3.8564913272857666,12.999834060668945,2.8450839519500732,12.166768074035645,2.1781530380249023,10.692408561706543,1.9430468082427979,10.930853843688965,4.267239093780518,10.956887245178223,3.3646769523620605,10.802186965942383,0.7665531635284424,11.109683990478516,-0.012746044434607029,8.50356388092041,199.3426958188331,30.496934870723102,0.02421087585389614,0.019354427233338356,0.11943510389819588,1369.1824414167054,0.7979274611398963,8.868293115168592,-0.008991885930299759,-6.271633179505305e-05,-0.20725388601036265,0.025974025974025983,0.0,0.4155844155844157,0.00432900432900433,0.0, சاماریٹے واثلک ڈڑڑڑیں گیٹہ ٹھوڑھیں گے نو پڑوہ ٹھین ٹھوڑیں ٹھوڑھیں ٹھوڑھیں گے لیوڑھیں گے வیڈی
call37.ogg,Low,singlish,-442.03582763671875,95.58479309082031,88.44620513916016,73.33475494384766,23.250764846801758,42.078853607177734,21.442140579223633,68.36920166015625,-7.336917877197266,30.22895050048828,-15.858316421508789,37.134239196777344,-18.542898178100586,32.70654296875,-14.598087310791016,26.26477813720703,-18.270681381225586,20.902143478393555,-7.031643390655518,23.47053337097168,-9.251733779907227,26.55754852294922,-4.999212741851807,14.04446792602539,-11.89427375793457,16.308570861816406,-12.44603443145752,12.840168952941895,-7.375442028045654,11.537407875061035,-4.128975868225098,8.964803695678711,-4.781378269195557,8.870390892028809,-12.405184745788574,11.43647289276123,-6.978193283081055,10.195890426635742,-6.3874735832214355,9.092442512512207,-7.540963649749756,8.628299713134766,-9.429842948913574,7.77129602432251,-9.167769432067871,8.788606643676758,-9.629212379455566,8.808791160583496,-5.4082932472229,9.832723617553711,-3.0786125659942627,11.484537124633789,-4.326333999633789,12.655442237854004,0.4372968375682831,12.807808876037598,0.15517930686473846,13.48593807220459,1.0554779767990112,12.74513053894043,2.625148057937622,12.91439437866211,2.6918156147003174,11.686722755432129,2.0290918350219727,11.554439544677734,3.3796591758728027,13.606006622314453,3.218327045440674,12.086984634399414,2.158336877822876,10.447750091552734,0.21283884346485138,8.507050514221191,-0.48056769371032715,8.255306243896484,-1.9350675344467163,7.995235919952393,-1.2707287073135376,6.541561126708984,174.3779482361429,42.25335772709069,0.02561819553375244,0.019896045327186584,0.12347146739130435,1499.971330919205,0.9234972677595629,7.540228772820457,-0.012911472469568253,-8.122336419254117e-05,-0.05464480874316935,1.0,0.0,2.0,0.0,0.0, Engar Marga
call38.ogg,High,singlish,-455.61236572265625,102.44903564453125,101.96025848388672,68.41909790039062,3.541748046875,48.15958786010742,23.28311538696289,73.66068267822266,-7.041675090789795,38.97251892089844,-21.605188369750977,35.29042053222656,-15.650157928466797,28.410005569458008,-29.535106658935547,22.981800079345703,-19.43012046813965,20.22737693786621,-4.618454933166504,29.789289474487305,-18.72882652282715,19.626583099365234,-10.78193473815918,15.867465019226074,-5.884181022644043,13.156307220458984,-4.483277797698975,11.986310958862305,-9.633746147155762,13.175056457519531,-4.9874186515808105,10.101173400878906,-6.591899394989014,10.467358589172363,-11.269481658935547,11.157870292663574,-5.389746189117432,10.52413558959961,-4.711803913116455,8.872133255004883,-7.1247758865356445,8.008904457092285,-3.8460545539855957,8.26888370513916,-4.60618257522583,6.987611293792725,-6.232378959655762,7.385377883911133,-7.179872035980225,8.236885070800781,-8.292670249938965,6.174935817718506,-7.790211200714111,5.972077369689941,-5.395977973937988,8.33829402923584,-4.969375133514404,11.288036346435547,-4.358949184417725,12.233492851257324,-3.505025625228882,13.226217269897461,-0.32405054569244385,13.426003456115723,-0.7283870577812195,13.236956596374512,1.0295063257217407,14.467411041259766,1.026906967163086,15.252050399780273,0.25169917941093445,12.232735633850098,-0.1907460242509842,11.771408081054688,1.5138384103775024,10.952722549438477,4.589404582977295,10.824786186218262,6.958621978759766,11.278221130371094,166.24386904179576,26.401486893971637,0.023155201226472855,0.018562642857432365,0.11051247336647728,1345.4049578244528,0.9581749049429658,6.1115887068899575,-0.0019610468298196793,-2.734142086251438e-05,-0.04562737642585546,0.9454545454545454,0.0,13.236363636363636,0.0,0.0," san e maiza, dic там sa slie overhe stewanok ki patita akar baida lin"
call39.ogg,Medium,sinhala,-402.9046325683594,91.11929321289062,130.4814453125,75.44099426269531,25.22885513305664,68.71338653564453,14.953795433044434,70.00735473632812,-14.467421531677246,42.02401351928711,-7.255761623382568,31.349275588989258,-1.1479138135910034,24.86842155456543,-36.44410705566406,26.910642623901367,-27.1663761138916,22.191280364990234,-9.265420913696289,14.747078895568848,-3.0426137447357178,14.078978538513184,0.03224464878439903,15.529434204101562,-10.311132431030273,11.211649894714355,-0.9041399955749512,11.651866912841797,-6.8148603439331055,10.633034706115723,-2.7608070373535156,7.875061988830566,-7.129576206207275,8.765711784362793,-12.133109092712402,7.272646903991699,-14.518718719482422,7.294289588928223,-1.4867390394210815,8.981860160827637,-13.051496505737305,8.124711990356445,-5.923535346984863,6.358770370483398,-7.02485990524292,5.594778060913086,-6.696845531463623,6.4119343757629395,-6.028564929962158,6.13200044631958,-8.079488754272461,5.0885233879089355,-9.742852210998535,4.696836948394775,-4.719445705413818,5.855114936828613,-7.253788948059082,6.474523067474365,-9.607563018798828,4.642446041107178,-9.250301361083984,4.797358512878418,-6.7156782150268555,6.1959099769592285,-4.561828136444092,6.068136215209961,-4.903038024902344,7.538374900817871,0.137282133102417,9.743108749389648,0.6035805344581604,13.141910552978516,3.458524227142334,15.514460563659668,4.115392684936523,14.03325366973877,4.573857307434082,12.26094913482666,6.237408638000488,11.699755668640137,152.63606729853728,17.21402379902595,0.036017876118421555,0.025596363469958305,0.090390625,1223.4680917263208,1.0135135135135136,5.14370630029244,0.02613852545619011,0.0005277631214951003,0.027027027027026973,1.0,0.0,1.0,0.0,0.0, Pr゚
call40.ogg,Medium,tamil,-459.1826171875,98.92754364013672,84.08170318603516,56.843963623046875,5.166141510009766,54.26692581176758,9.881705284118652,60.00810241699219,-22.184371948242188,35.36065673828125,-10.262044906616211,31.554264068603516,-18.673791885375977,25.171443939208984,-10.08686351776123,25.268646240234375,-6.896242141723633,22.16617202758789,-33.447532653808594,20.646745681762695,-17.912918090820312,19.0733699798584,-15.489229202270508,14.747687339782715,-8.236495971679688,12.13870906829834,-9.402854919433594,13.285768508911133,-8.871400833129883,11.768370628356934,-0.2923259437084198,9.550813674926758,-7.550113677978516,10.853347778320312,-8.183297157287598,9.141258239746094,-5.20352029800415,9.244357109069824,-8.919939041137695,8.994357109069824,-5.287849426269531,7.927079677581787,-8.929041862487793,10.43812370300293,-6.550308704376221,12.95995807647705,-1.4128153324127197,16.311573028564453,-2.079289674758911,16.143930435180664,4.68752908706665,18.53864860534668,5.0510969161987305,16.3931827545166,5.603352069854736,17.51980209350586,12.361954689025879,16.344738006591797,9.54275894165039,15.56125259399414,7.238550662994385,15.889351844787598,8.57882308959961,15.790502548217773,6.9600629806518555,15.362774848937988,2.899789571762085,13.320054054260254,3.7768659591674805,12.075479507446289,0.7937927842140198,9.569591522216797,-1.489965558052063,9.295270919799805,-2.3503808975219727,7.460000038146973,-2.1407470703125,6.860091686248779,-2.5524210929870605,7.049222469329834,217.70423034752773,29.698974097106703,0.023882271721959114,0.01857813447713852,0.10515749501992032,1326.5215887991342,0.96,7.410907181280453,0.004885384812951088,3.0281909162918453e-05,-0.04799999999999993,0.0,0.0,0.0,0.0,0.0,
call41.ogg,High,tamil,-451.3913269042969,117.72196960449219,83.68121337890625,51.359737396240234,11.749570846557617,47.60614013671875,6.8362836837768555,49.813087463378906,-19.354848861694336,33.925167083740234,-8.225162506103516,24.606290817260742,-14.956607818603516,22.55432891845703,-13.727327346801758,25.39763641357422,-14.695575714111328,22.26521110534668,-29.941314697265625,16.244054794311523,-20.29707908630371,14.514056205749512,-16.822193145751953,15.482783317565918,-10.121467590332031,14.135917663574219,-10.004363059997559,12.183117866516113,-9.640143394470215,11.203133583068848,-4.71908712387085,7.278189659118652,-5.252480983734131,9.509870529174805,-8.806133270263672,8.281912803649902,-4.355265140533447,8.541947364807129,-5.653373718261719,13.17630672454834,-0.3390374779701233,14.684922218322754,-4.782775402069092,18.1193790435791,-2.118377208709717,15.064685821533203,1.017094612121582,15.794137001037598,-1.3172680139541626,17.618608474731445,4.245497226715088,18.662202835083008,7.520716667175293,15.622632026672363,0.3353491723537445,14.190943717956543,7.578319549560547,15.873769760131836,7.1565656661987305,16.022390365600586,6.2396135330200195,13.48928165435791,8.849206924438477,14.839240074157715,5.339083194732666,13.011494636535645,1.0557605028152466,12.915221214294434,0.8065629005432129,8.664684295654297,0.05994081124663353,8.100337028503418,-0.35752713680267334,7.70061731338501,-3.6438612937927246,7.330081462860107,-2.7395410537719727,7.1535162925720215,-0.577959418296814,6.941348552703857,228.8839386018851,38.15343278234275,0.02738407999277115,0.02172074280679226,0.0774423779539801,1195.789965481402,0.975,7.170554992101774,0.0023317113518714905,1.539004444637914e-05,-0.050000000000000044,0.9583333333333334,0.0,6.708333333333334,0.0,0.0, aprسگ acronymteen travaillitationấி films typical i pol
call42.ogg,Low,tamil,-465.626953125,109.15277099609375,80.86563873291016,66.23444366455078,13.497556686401367,59.79956817626953,28.465564727783203,59.373069763183594,-26.382890701293945,34.609947204589844,-10.666308403015137,31.620214462280273,-17.477291107177734,28.539352416992188,-13.454300880432129,28.478012084960938,-10.77552318572998,22.56110191345215,-28.62974739074707,18.996257781982422,-15.531177520751953,17.158554077148438,-14.522053718566895,17.34539031982422,-7.862804412841797,14.611048698425293,-9.969791412353516,11.464166641235352,-9.477388381958008,10.03875732421875,-3.522792339324951,10.701197624206543,-4.965902805328369,9.8223295211792,-7.716010570526123,8.647369384765625,-6.0202531814575195,11.940180778503418,-6.009659767150879,8.200370788574219,-3.969881772994995,6.820523262023926,-8.249255180358887,9.647911071777344,-5.35362434387207,10.679352760314941,-2.7300519943237305,12.477560043334961,-6.501525402069092,15.600104331970215,-2.9149341583251953,10.69509506225586,-0.9742850661277771,12.256691932678223,-4.152434825897217,15.433690071105957,4.086566925048828,16.31450080871582,11.484682083129883,16.66539192199707,8.933019638061523,16.85232162475586,11.771103858947754,17.081684112548828,12.560044288635254,16.589920043945312,5.91348123550415,13.732053756713867,4.56773567199707,10.996831893920898,1.984244465827942,10.676763534545898,0.3857165277004242,9.309850692749023,0.9370304942131042,8.200835227966309,-0.4093426764011383,6.815530300140381,-1.6086091995239258,6.555525779724121,203.25121729014225,24.974311352015217,0.02622871845960617,0.020469646900892258,0.12219182027649769,1474.26656481515,0.9814814814814815,5.594738075790267,-0.005369249731302261,-5.090780539465117e-05,0.0,1.0,0.0,14.0,0.0,0.0, உங்கும் மலைக்காளைத் திடும் நீங்கள் இப்போல் ஏன் அடைக்கிறாள். வடைகாளைப் பிற்சுனே இப்போரும் சரி செய்யப் படை வில்லை.
call43.ogg,High,tamil,-472.20819091796875,108.28743743896484,65.23279571533203,71.59346008300781,15.165556907653809,50.6759147644043,29.013408660888672,54.93546676635742,-25.385984420776367,44.97760009765625,-5.366450786590576,22.240863800048828,-10.769002914428711,21.595977783203125,-11.148479461669922,26.144977569580078,-13.988719940185547,22.46255111694336,-22.950679779052734,22.512388229370117,-16.84752655029297,18.28313636779785,-15.897933006286621,17.82819938659668,-7.30702018737793,14.077187538146973,-8.638729095458984,12.594908714294434,-6.526974201202393,11.452126502990723,-2.738713264465332,10.720901489257812,-6.513841152191162,9.793184280395508,-6.500940322875977,8.894597053527832,-8.385690689086914,8.953697204589844,-8.51198959350586,9.569302558898926,-4.366240978240967,8.984786987304688,-6.282600402832031,10.063176155090332,-7.458177089691162,9.911773681640625,-4.1224470138549805,9.781698226928711,-2.9670445919036865,14.089829444885254,-2.359255075454712,12.458076477050781,2.896587371826172,13.297249794006348,2.3385820388793945,14.988938331604004,4.4089555740356445,14.52936840057373,9.882407188415527,13.479394912719727,10.602983474731445,15.87415885925293,6.423710346221924,15.089986801147461,9.849453926086426,14.308272361755371,4.3427228927612305,11.35363483428955,3.6622767448425293,11.380370140075684,2.9421470165252686,11.14240550994873,-0.5179599523544312,8.778907775878906,0.18780577182769775,6.573802471160889,-2.8674979209899902,6.301052093505859,-1.9944164752960205,6.080190658569336,208.44809922940752,22.048574647118414,0.023541051894426346,0.01658628322184086,0.13892096442145271,1686.9170057727017,0.8203389830508474,5.265411227911334,-0.0048390887677669525,-3.194842799100213e-05,-0.06779661016949146,1.0,1.0,14.0,0.0,0.0, திடத்தின் மேல மாடிர் தியேட்பத்துளது முக்க வரி கண்டிஷ் தேஷன் சாலை என் பதினைட்டு இருவர் உள்ளை இருக்கிறார்கள்
call44.ogg,High,tamil,-451.3268737792969,110.59725952148438,64.16629791259766,66.02742004394531,9.139126777648926,55.21807098388672,17.165218353271484,51.85325622558594,-20.725112915039062,37.15415573120117,-9.437074661254883,27.675039291381836,-21.543365478515625,24.963830947875977,-12.535758972167969,25.632713317871094,-9.743003845214844,22.643815994262695,-21.92266845703125,17.018177032470703,-17.936853408813477,17.440279006958008,-16.3380126953125,15.156031608581543,-9.509513854980469,12.084084510803223,-10.818553924560547,11.63852310180664,-7.686504364013672,10.881802558898926,-4.348540306091309,9.789725303649902,-7.031735897064209,9.529168128967285,-9.027505874633789,9.977930068969727,-7.5045318603515625,11.06641960144043,-7.919492721557617,11.819866180419922,0.032806217670440674,14.104609489440918,2.0420310497283936,16.185497283935547,-0.6877726316452026,17.622390747070312,2.845726490020752,14.055549621582031,4.318211555480957,16.497028350830078,4.408740997314453,15.674808502197266,5.080285549163818,12.732884407043457,4.748652458190918,11.944350242614746,2.2877440452575684,13.432998657226562,4.459542274475098,13.533217430114746,7.7058610916137695,13.104571342468262,2.269723415374756,12.880252838134766,3.3547677993774414,11.421028137207031,2.048288345336914,12.366545677185059,0.7750577926635742,12.347764015197754,3.2131199836730957,10.2247953414917,-1.1647309064865112,9.324224472045898,-1.3573719263076782,7.902725696563721,-1.9736690521240234,6.715904235839844,-1.4892592430114746,7.288266658782959,229.52099681614223,38.59117979697066,0.027402088046073914,0.02920384891331196,0.12487602233886719,1594.6754123100886,0.9176470588235294,9.236769569961195,0.0027178246527910233,3.819958111383439e-05,-0.14117647058823535,0.0,0.0,0.0,0.0,0.0, و سید اُدو نیوار انگر نامگل بیتی میر تلتل سیکی رکیروں نال و رکیروں اور اسیر میں میرکیرال
call45.ogg,High,singlish,-371.1779479980469,61.67839431762695,77.18832397460938,55.84608840942383,6.644179821014404,45.45527267456055,31.926809310913086,61.022987365722656,8.200224876403809,25.43953514099121,-18.471614837646484,40.37541961669922,-33.37458038330078,23.748220443725586,-12.561565399169922,18.12909698486328,-15.489985466003418,26.116235733032227,-18.444421768188477,11.95018196105957,-7.755849838256836,15.258560180664062,-6.610252857208252,16.33987045288086,-3.3673653602600098,15.413297653198242,-8.060378074645996,7.041920185089111,-6.819439888000488,14.890195846557617,-1.7940744161605835,16.028076171875,-9.157083511352539,6.175660133361816,-3.286726713180542,8.063281059265137,-1.8999987840652466,9.051177024841309,-9.953719139099121,10.387258529663086,-10.5238037109375,7.50231409072876,-8.583579063415527,8.103025436401367,-6.808743000030518,8.971688270568848,-6.0750508308410645,8.319348335266113,-0.9372365474700928,10.86194896697998,4.0002665519714355,11.662031173706055,7.9983038902282715,11.018940925598145,11.72968864440918,11.076384544372559,11.724874496459961,10.076247215270996,9.522306442260742,8.694645881652832,9.272897720336914,10.290918350219727,3.479196786880493,10.58492374420166,2.7128427028656006,8.555282592773438,0.3359794318675995,7.370788097381592,0.0460912249982357,5.969463348388672,-1.4018851518630981,4.1490020751953125,-2.304469108581543,4.2332611083984375,-1.8398959636688232,5.4663238525390625,-2.556990146636963,4.8891282081604,-3.628079891204834,4.410336017608643,220.11153885115937,15.258866410759135,0.05176658183336258,0.04183037951588631,0.10928109975961539,1548.8918246769376,0.9215686274509803,5.138492426558298,-0.014535918831825256,-0.00013669735555572245,0.196078431372549,1.0,0.0,5.0,0.0,0.0, Rhodes do que a você.
call46.ogg,High,sinhala,-356.5621337890625,121.55020141601562,52.962520599365234,47.46129608154297,-25.912038803100586,63.591121673583984,37.40504837036133,45.73682403564453,-23.163503646850586,32.546451568603516,-19.489694595336914,21.057640075683594,-16.138566970825195,31.643232345581055,-16.959693908691406,18.04008674621582,-7.9002556800842285,26.978946685791016,-12.963459014892578,17.890748977661133,-12.531510353088379,12.775145530700684,-12.833292007446289,12.596985816955566,0.6901077628135681,14.606064796447754,-12.541749954223633,12.163561820983887,-8.414889335632324,11.67935848236084,-0.024227622896432877,7.497530937194824,-3.3969414234161377,9.710676193237305,-8.937956809997559,8.753424644470215,-0.8123432397842407,7.9248857498168945,-5.651119709014893,9.66187572479248,-4.911611557006836,8.999534606933594,-1.2419041395187378,8.504539489746094,-7.755775451660156,8.192059516906738,-6.396439075469971,6.634071350097656,-6.097535133361816,10.207712173461914,-0.9281551837921143,8.862552642822266,-5.327154636383057,7.5582709312438965,-5.819874286651611,6.6094207763671875,-2.8105080127716064,6.666884422302246,-3.6574349403381348,8.156381607055664,-5.956684112548828,10.099166870117188,-0.8711661100387573,13.404109954833984,5.292526721954346,17.870094299316406,7.761529922485352,16.66175079345703,15.750110626220703,15.18718147277832,15.935582160949707,14.57314682006836,10.77702522277832,14.002017974853516,8.259404182434082,13.890666007995605,2.27486515045166,10.637401580810547,0.9845919013023376,7.747453689575195,176.40371163513018,10.450998848656301,0.04884412884712219,0.044627126306295395,0.12053401295731707,1645.1697715721998,0.9382716049382716,3.440019789589901,-0.04771382361650467,-0.0009471568265079231,-0.14814814814814825,1.0,0.0,1.0,0.0,0.0, veganing
call47.ogg,Low,sinhala,-395.1727600097656,109.40562438964844,64.78401184082031,65.83931732177734,-17.954553604125977,68.81468200683594,33.63051223754883,81.34861755371094,-23.328067779541016,35.02054214477539,-15.632949829101562,33.51479721069336,-22.275068283081055,26.250703811645508,-17.442235946655273,25.491506576538086,-10.860132217407227,28.049386978149414,-20.879133224487305,23.46519660949707,-12.709251403808594,23.150707244873047,-14.423582077026367,20.92254066467285,-2.9114930629730225,20.44158935546875,-17.390731811523438,13.968504905700684,-6.047032833099365,14.658794403076172,1.5484853982925415,13.767671585083008,-9.779237747192383,14.306203842163086,-8.722278594970703,13.668137550354004,-1.5157679319381714,10.87540054321289,-8.99243450164795,8.616867065429688,-5.058082580566406,11.730202674865723,-2.2686522006988525,9.173157691955566,-14.917275428771973,9.017619132995605,-3.148322343826294,10.820265769958496,-6.199066162109375,9.463969230651855,-2.165569305419922,10.286590576171875,-5.019718170166016,14.447220802307129,5.1138916015625,15.126154899597168,4.734326362609863,19.897974014282227,3.8110599517822266,18.81795883178711,10.506150245666504,18.776857376098633,7.238420009613037,18.025835037231445,7.887893199920654,15.86229419708252,9.859432220458984,19.9383487701416,5.115201473236084,14.918129920959473,4.770383834838867,10.690258979797363,0.6168869733810425,9.759795188903809,-0.8019979000091553,9.436509132385254,0.18478608131408691,8.237995147705078,-0.6786420345306396,6.698912620544434,196.09017812494662,20.329784291146385,0.03392501920461655,0.0229550339281559,0.12303524925595238,1714.062659962345,0.88,4.574062324351962,-0.004792371764779091,-6.98973171803703e-05,0.0,1.0,0.0,1.0,0.0,0.0, の
call48.ogg,Medium,sinhala,-382.0157470703125,127.44746398925781,62.10097885131836,57.48801803588867,-13.289003372192383,65.62088775634766,42.78544998168945,59.094947814941406,-33.98540496826172,41.368534088134766,-13.74549674987793,38.24631881713867,-20.44746971130371,30.064664840698242,-18.362146377563477,21.875167846679688,-5.971299648284912,20.46175193786621,-21.780508041381836,18.828245162963867,-15.791838645935059,15.21565055847168,-21.727481842041016,13.267797470092773,-4.994091510772705,19.688207626342773,-16.521190643310547,12.049005508422852,-9.67043685913086,11.913263320922852,2.6929221153259277,17.66022491455078,-13.277199745178223,14.800859451293945,-7.671647071838379,9.394984245300293,-5.099707126617432,12.43814754486084,-9.21739673614502,12.051241874694824,-10.154565811157227,8.705437660217285,-2.0282959938049316,7.634210586547852,-10.188547134399414,9.998150825500488,-0.9419481754302979,10.629570960998535,0.009996414184570312,17.792116165161133,5.541667461395264,18.751996994018555,4.685274124145508,17.599483489990234,6.950555801391602,18.4634952545166,1.7806365489959717,15.207720756530762,3.4224424362182617,15.899747848510742,5.706762313842773,16.14718246459961,9.392877578735352,17.733835220336914,8.377506256103516,15.857709884643555,8.596869468688965,16.900102615356445,5.707243919372559,14.841195106506348,4.940169811248779,12.358723640441895,0.7334949374198914,12.042705535888672,-0.5447062253952026,10.946742057800293,-0.6143633723258972,7.264707088470459,-2.0757317543029785,7.21843957901001,213.12012738890525,28.372645774842418,0.03572072461247444,0.024072932079434395,0.12140706380208334,1737.7626182468541,0.9831932773109243,6.960938407543045,-0.0005298294126987457,-7.477122841817598e-05,-0.01680672268907568,1.0,0.0,2.0,0.0,0.0, yab barden
call49.ogg,High,sinhala,-378.2930603027344,127.81061553955078,62.88617706298828,59.361087799072266,-27.380868911743164,74.53410339355469,43.097938537597656,59.79030990600586,-31.47137451171875,38.65468215942383,-24.95259666442871,31.786378860473633,-24.805204391479492,26.983102798461914,-15.042195320129395,22.751205444335938,-17.653759002685547,22.77459716796875,-24.318078994750977,23.959402084350586,-12.855634689331055,26.22011947631836,-17.5592098236084,19.41792106628418,1.8133528232574463,15.540410041809082,-16.14375877380371,15.348400115966797,-13.406620025634766,13.693169593811035,3.0964744091033936,14.121687889099121,-11.859618186950684,14.177828788757324,-8.271454811096191,12.313614845275879,-3.029853343963623,9.857529640197754,-10.252524375915527,10.945730209350586,-4.498239040374756,9.822137832641602,-6.7944464683532715,9.711236000061035,-9.87100601196289,7.720452308654785,-2.287226438522339,11.643805503845215,-3.475290298461914,12.901965141296387,2.376119375228882,15.405876159667969,-1.8516110181808472,14.431846618652344,5.82035493850708,16.0716609954834,4.894473075866699,14.567243576049805,7.571348667144775,17.56989860534668,11.518856048583984,16.942922592163086,13.0282564163208,16.59743881225586,10.447898864746094,15.850944519042969,7.816930294036865,14.954236030578613,3.3121306896209717,15.422584533691406,3.2413878440856934,11.411365509033203,1.4430172443389893,7.933384418487549,1.3366079330444336,6.188356876373291,-0.4352601170539856,7.397313594818115,-0.9747269749641418,6.081751346588135,209.64442370496042,29.96214469928212,0.03476456552743912,0.025463610887527466,0.15887254284274194,1949.4366242846183,0.975609756097561,7.071595143623493,0.0027107074856758118,4.0044482533594934e-05,0.0,1.0,0.0,4.0,0.0,0.0, pod expected ke Radhal
call50.ogg,High,sinhala,-339.5341491699219,116.16769409179688,71.3139877319336,50.81243896484375,-54.58333206176758,74.69695281982422,35.08169174194336,48.32365036010742,-32.4873161315918,37.246826171875,-9.318384170532227,31.535675048828125,-23.335979461669922,24.754920959472656,-17.880207061767578,28.042348861694336,-3.547884225845337,25.185712814331055,-11.401233673095703,16.536252975463867,-5.609960079193115,18.514259338378906,-18.462656021118164,20.683605194091797,-6.960647106170654,15.114948272705078,-19.346961975097656,13.984941482543945,-11.028787612915039,10.8610258102417,-0.6653367280960083,11.285950660705566,-6.996665000915527,9.486692428588867,-5.2742767333984375,7.350673675537109,-9.166435241699219,8.473129272460938,-11.000025749206543,7.757687091827393,-9.972367286682129,7.539297580718994,-6.39299201965332,8.694724082946777,-5.523580551147461,8.462478637695312,-6.138418674468994,8.354799270629883,4.060880184173584,10.051820755004883,-0.13632310926914215,14.301589965820312,3.433276891708374,15.508119583129883,10.023194313049316,16.712923049926758,5.608580112457275,16.62026596069336,13.270259857177734,16.375350952148438,13.627126693725586,14.933196067810059,15.975749015808105,18.234092712402344,7.735302925109863,15.226238250732422,5.142523288726807,14.556540489196777,0.5811989307403564,9.731184959411621,-4.825558662414551,10.682998657226562,2.089402198791504,8.862431526184082,1.03397798538208,8.891397476196289,-0.33680835366249084,8.58038330078125,-3.053128242492676,8.451244354248047,221.88703867937903,45.11771958255409,0.047987449914216995,0.030408771708607674,0.14052734375,1819.0447941567768,0.9864864864864865,6.577364488451696,-0.002443745732307434,-0.00017134467224626295,-0.027027027027026973,1.0,0.0,6.0,0.0,0.0, Mivala nega mta It a maloaaaa
call51.ogg,High,sinhala,-399.17559814453125,118.32447052001953,79.6181411743164,91.54022979736328,3.4422430992126465,53.31772994995117,33.20123291015625,42.71348571777344,-1.366135835647583,36.59699630737305,-19.799898147583008,40.14820098876953,-29.392892837524414,26.823572158813477,-9.89277172088623,28.770273208618164,-16.700468063354492,28.09316635131836,-11.079102516174316,27.83055877685547,-12.76021671295166,16.660377502441406,-9.784722328186035,20.8865909576416,3.9672231674194336,19.319168090820312,-13.627437591552734,13.0219087600708,-7.838725566864014,13.591543197631836,-11.690719604492188,12.378686904907227,-9.473134994506836,12.091812133789062,-6.288094520568848,13.008817672729492,-7.171413421630859,10.126614570617676,-6.501709461212158,7.315226078033447,-4.0701446533203125,9.480046272277832,0.838849663734436,7.541736125946045,-5.502476692199707,8.301977157592773,-2.788355827331543,8.898760795593262,0.3638345003128052,7.545112609863281,-2.115685224533081,7.947902202606201,0.7680613398551941,8.049710273742676,-1.2021491527557373,7.136853218078613,0.3971662223339081,7.085458755493164,1.6989463567733765,9.765785217285156,2.690129041671753,8.772794723510742,1.9839743375778198,7.897602558135986,0.28237178921699524,6.3342180252075195,2.103501319885254,5.755877494812012,1.0464211702346802,5.84666633605957,0.11576743423938751,4.85992431640625,0.3263740539550781,5.446678161621094,-1.3016453981399536,4.489783763885498,0.7448205947875977,4.714328289031982,-1.3903346061706543,3.6946022510528564,221.44933336673162,26.9849865414289,0.038238074630498886,0.03718291223049164,0.16347269492574257,1667.025821213841,0.42,12.505737272426128,0.011217216029763222,0.00019139253086072517,0.36,1.0,0.0,5.0,0.0,0.0, I'm losing my mind. Myüber.
call52.ogg,Medium,singlish,-543.1878662109375,102.1102523803711,72.79537963867188,64.27317810058594,17.470218658447266,55.903472900390625,23.350473403930664,54.45850372314453,-8.72933578491211,34.160980224609375,-10.641385078430176,29.061237335205078,-19.3331241607666,25.612085342407227,-26.24771499633789,22.935514450073242,-15.616536140441895,23.449846267700195,-16.263662338256836,17.88333511352539,-17.433080673217773,17.19233512878418,-7.556070804595947,14.721863746643066,-17.602981567382812,14.674455642700195,-12.673282623291016,11.70560359954834,-9.463300704956055,10.275444030761719,-15.864021301269531,9.561701774597168,-9.570115089416504,9.279501914978027,-7.250889301300049,8.567972183227539,-7.066021919250488,8.787546157836914,-5.288591384887695,9.001631736755371,-3.191920042037964,9.882083892822266,-4.325027942657471,10.971810340881348,2.558420181274414,9.89198112487793,3.8908514976501465,14.135773658752441,6.714846611022949,16.6285343170166,15.312479019165039,16.534114837646484,10.52524471282959,15.354974746704102,10.582672119140625,14.818985939025879,5.167264938354492,14.299909591674805,1.7346632480621338,11.381977081298828,-0.20645928382873535,10.778623580932617,1.7991063594818115,8.687353134155273,-0.6399916410446167,8.45673942565918,-1.5570173263549805,7.983038902282715,-1.9469902515411377,7.177294731140137,-1.2000025510787964,6.915460109710693,-2.417607545852661,5.79201078414917,-2.4915547370910645,6.875056266784668,-2.5326554775238037,6.189172744750977,-1.5749852657318115,7.503640174865723,234.6580219938201,26.785036120249636,0.01391368918120861,0.01001037284731865,0.13622745466820987,1537.4772984908293,0.8385093167701864,6.115349282593555,0.007036002352833748,5.594623033514256e-05,0.26086956521739135,1.0,1.0,18.0,0.0,0.0, mamo fisi lang enokur da ek kep api ke dara langa te na ka smok ko dakti ba
call53.ogg,Medium,singlish,-535.6295776367188,98.11355590820312,79.51598358154297,61.578189849853516,-1.0760794878005981,53.2661247253418,19.974245071411133,59.77394104003906,-6.476620197296143,37.54067611694336,-14.998682975769043,32.334896087646484,-23.275774002075195,28.2492733001709,-21.581174850463867,21.629255294799805,-14.482260704040527,20.91557502746582,-16.715030670166016,16.801721572875977,-18.372255325317383,18.385467529296875,-11.457880020141602,15.466858863830566,-19.689870834350586,17.07452392578125,-11.76689338684082,12.373117446899414,-10.047538757324219,12.577311515808105,-12.39444637298584,9.872110366821289,-6.253818511962891,10.232187271118164,-7.036336421966553,11.35649299621582,-2.2938013076782227,12.94166374206543,-4.619625568389893,11.517762184143066,-0.16233795881271362,14.160197257995605,5.606337547302246,14.840168952941895,10.217071533203125,17.2506103515625,11.522948265075684,18.866497039794922,11.906050682067871,16.07076072692871,9.999650001525879,15.791502952575684,3.588015556335449,13.991571426391602,3.2609622478485107,12.517885208129883,2.6430163383483887,12.531288146972656,1.7200026512145996,11.947502136230469,0.42641523480415344,8.68838119506836,-1.5040332078933716,8.895082473754883,-2.78520131111145,7.216948986053467,-2.8249735832214355,8.106246948242188,-1.924547553062439,6.674375534057617,-1.8791489601135254,6.711913108825684,-3.611048936843872,7.250101089477539,-2.2329914569854736,7.922513008117676,-2.373002767562866,7.061858177185059,-2.1795763969421387,6.727617263793945,251.1033615170446,33.15743920624672,0.015036333352327347,0.00986313633620739,0.12284539972694175,1399.7536224086975,0.9121951219512195,6.7482321253942565,0.0025867214426398277,2.584501926598977e-05,-0.14634146341463417,1.0,0.0,3.0,0.0,0.0, 어려 Lanka Osaka
call54.ogg,High,tamil,-363.97186279296875,109.29881286621094,53.1055793762207,63.50558090209961,-7.07439661026001,57.14530563354492,35.9578857421875,52.349178314208984,-43.54548645019531,33.89961242675781,-54.30753707885742,35.77428436279297,-16.167375564575195,25.872474670410156,-28.930835723876953,24.68196678161621,-25.89452362060547,25.854604721069336,-14.241835594177246,18.936094284057617,-22.275901794433594,15.495621681213379,-0.9264566898345947,22.871280670166016,-9.436230659484863,13.868792533874512,-22.435237884521484,16.621593475341797,-3.0131475925445557,15.060941696166992,-3.5170300006866455,16.947355270385742,-5.78995943069458,23.379806518554688,3.534209966659546,18.72088050842285,-4.33065938949585,17.168560028076172,3.2615983486175537,19.99210548400879,1.3063441514968872,14.004923820495605,0.38126853108406067,15.751355171203613,1.2458221912384033,13.8871488571167,3.760190486907959,11.047046661376953,4.790258407592773,14.90244197845459,3.7083077430725098,16.018823623657227,5.610136985778809,18.00582504272461,1.6250901222229004,14.068230628967285,1.2709178924560547,15.051131248474121,3.506941795349121,13.224522590637207,-2.46547532081604,12.208189010620117,2.0066428184509277,10.925577163696289,0.9816656112670898,7.215101718902588,-0.8927299976348877,8.637165069580078,-1.6534667015075684,8.861908912658691,0.48296698927879333,7.434152126312256,-0.6781272292137146,9.024609565734863,0.905423641204834,8.146455764770508,0.3708547055721283,9.285829544067383,-0.8391379117965698,5.806818962097168,291.5523684265716,62.547358701473534,0.05117134749889374,0.03875352442264557,0.14774925595238095,1890.1641640476323,0.8173076923076923,16.458718674471292,-0.032739732414484024,-0.0005387090016054094,-0.09615384615384615,1.0,0.0,6.0,0.0,0.0, ஐயோ சேக்கிரம் வாங்க கண்டியில்லைகள் விட்டில் தேப்படித்து
call55.ogg,Medium,tamil,-419.3290710449219,122.29187774658203,78.8575439453125,62.605525970458984,19.957294464111328,53.64583969116211,16.036863327026367,51.25509262084961,-27.154016494750977,43.09614562988281,-23.469745635986328,29.792869567871094,-23.587177276611328,26.56266212463379,-28.27167320251465,29.218873977661133,-12.915888786315918,21.58184051513672,-17.512107849121094,17.028432846069336,-6.262664794921875,17.293800354003906,-11.551823616027832,14.453231811523438,0.199996680021286,12.532073974609375,-12.211682319641113,13.65671157836914,-15.71138858795166,13.354910850524902,-0.7171270251274109,10.179288864135742,-12.292512893676758,12.461874008178711,-4.2883124351501465,15.537483215332031,-7.829373359680176,13.289979934692383,-1.00590181350708,13.06542682647705,-2.61714243888855,15.171485900878906,-2.0878570079803467,18.56833839416504,1.8103947639465332,15.799092292785645,0.07331714034080505,17.572492599487305,-2.2914774417877197,14.620786666870117,0.49023187160491943,14.956393241882324,-0.2578917443752289,14.641117095947266,0.9882124662399292,14.789511680603027,1.8551446199417114,14.028488159179688,2.926830291748047,13.095976829528809,-2.8765709400177,12.02015209197998,2.7376387119293213,11.01828384399414,3.642552375793457,11.055601119995117,2.794631004333496,10.798531532287598,2.030484437942505,11.814271926879883,0.7633952498435974,10.295550346374512,1.0262274742126465,7.441813945770264,-2.0448803901672363,8.180329322814941,-0.8253260254859924,7.161569118499756,-0.10682990401983261,7.7067790031433105,224.33330370065505,57.862370344889165,0.030968964099884033,0.021674741059541702,0.11892075566520467,1598.429938423674,0.9235294117647059,9.644588444629813,-0.004655584692955017,-0.00011341190900795134,-0.05882352941176461,1.0,1.0,11.0,0.0,0.0, கொள்ளும்பில் அங்கள் சமையை நாரைப் பகுத்தியில் தீயை எட்பத்துவிட்டுவில்லை. எல்லாரும் வழியே வந்து விட்டார்கள்.
call56.ogg,High,tamil,-382.1310729980469,107.36780548095703,72.51213073730469,53.33985900878906,-9.385221481323242,49.5616569519043,23.73495101928711,63.35390853881836,-31.279592514038086,33.63261795043945,-35.582801818847656,30.318321228027344,-13.269099235534668,23.792024612426758,-34.047855377197266,25.014846801757812,-17.5708065032959,23.358915328979492,-17.267929077148438,15.076875686645508,-17.175504684448242,18.004350662231445,0.48217469453811646,18.27838134765625,-4.949147701263428,14.284969329833984,-8.071553230285645,15.42269229888916,-5.656865119934082,19.405160903930664,-3.4343221187591553,18.496231079101562,-4.5468363761901855,22.785423278808594,-4.731930732727051,18.01169204711914,-7.556564807891846,15.427578926086426,-5.665220737457275,14.419022560119629,3.0097248554229736,14.73575496673584,-2.0570900440216064,14.961048126220703,2.591641664505005,15.2990083694458,5.603641986846924,15.191170692443848,0.8265476822853088,16.406509399414062,-0.5676478743553162,14.848546981811523,-0.8668833374977112,12.735447883605957,-1.5437902212142944,13.037450790405273,3.4349100589752197,15.093186378479004,4.587015628814697,16.803831100463867,4.309560298919678,15.352707862854004,2.5523829460144043,11.480765342712402,1.2724014520645142,10.525355339050293,0.9424673914909363,10.130054473876953,2.1249027252197266,10.654302597045898,2.4142041206359863,8.871732711791992,-0.44498616456985474,8.047969818115234,-1.6852521896362305,5.7565178871154785,-2.828535795211792,6.208125591278076,-1.2015225887298584,5.074669361114502,268.6357194471115,68.50180075262959,0.04335059970617294,0.0434955433011055,0.08900107106854839,1368.2079090768207,0.926829268292683,12.669326345418531,-0.03285796195268631,-0.0005487902121920076,-0.16260162601626005,1.0,1.0,9.0,0.0,0.0, தண்ணிர் பழசமாகச் சவிட்டுக்கொள்ள வருந்தது நாங்கள் வெளியே போகாம். முடியே விருகிறது.
call57.ogg,Medium,tamil,-464.091552734375,149.3268280029297,73.41871643066406,73.10696411132812,12.167230606079102,61.91394805908203,25.960861206054688,62.28398895263672,-23.34377670288086,35.28693389892578,-32.91075134277344,36.35352325439453,-9.728995323181152,23.375743865966797,-34.94449996948242,32.438079833984375,-18.439529418945312,26.515865325927734,-11.756368637084961,20.905109405517578,-13.200655937194824,19.703426361083984,-1.1474334001541138,14.167086601257324,-4.280716419219971,11.670305252075195,-9.437809944152832,13.096732139587402,-8.968693733215332,10.838888168334961,-5.866815567016602,10.322578430175781,-8.511873245239258,11.880474090576172,-4.142500400543213,10.349860191345215,-6.956289768218994,12.716915130615234,0.8532955646514893,12.551043510437012,-0.7355842590332031,12.06329345703125,0.8106235861778259,13.194029808044434,1.5991407632827759,12.182513236999512,3.77400541305542,12.535024642944336,-1.5448728799819946,13.965376853942871,3.415191173553467,14.280206680297852,3.004904270172119,15.051746368408203,1.8044850826263428,13.260684967041016,1.6724061965942383,12.534113883972168,1.1959915161132812,11.60767936706543,-2.428377389907837,9.491616249084473,0.1513718068599701,9.228006362915039,-2.091657876968384,7.328644275665283,-1.0729652643203735,7.477809429168701,-1.338204026222229,7.56572151184082,-2.490597724914551,6.29435396194458,-0.06303983181715012,7.137823581695557,-0.16816934943199158,5.9040608406066895,-1.8974554538726807,7.317311763763428,-0.8663983345031738,6.9029927253723145,273.53133669221523,57.469950849843485,0.029903147369623184,0.025976037606596947,0.08524231991525423,1313.327167678798,0.6590909090909091,16.79203289160234,0.006554765626788139,2.990357508913515e-05,-0.18181818181818177,0.0,0.0,0.0,0.0,0.0,
call58.ogg,Medium,tamil,-485.54083251953125,130.36129760742188,74.50302124023438,59.60697555541992,18.822147369384766,60.14229965209961,21.590740203857422,53.178955078125,-14.47111988067627,29.103788375854492,-30.690471649169922,40.1766242980957,-21.919601440429688,28.623876571655273,-20.3691349029541,25.8288516998291,-22.94914436340332,26.12592124938965,-10.84894847869873,21.987707138061523,-11.72209644317627,21.48427391052246,-2.883963108062744,14.538124084472656,-6.864162445068359,15.195144653320312,-9.073046684265137,22.46111297607422,-1.2803438901901245,18.14369010925293,-2.335639715194702,15.535174369812012,-5.189715385437012,15.935900688171387,-2.2354164123535156,16.85611343383789,-5.282948017120361,13.87059211730957,-4.219211101531982,12.390303611755371,-3.6198413372039795,11.664872169494629,-5.675289154052734,10.705832481384277,-3.3730363845825195,10.789448738098145,-1.667884111404419,10.809466361999512,-1.6084520816802979,11.831077575683594,-0.7454828023910522,13.832396507263184,0.7985328435897827,11.500046730041504,1.4039727449417114,12.483837127685547,-0.16982676088809967,12.315899848937988,0.38029053807258606,11.107398986816406,-1.0818196535110474,10.076212882995605,2.2638039588928223,11.373522758483887,-1.057288408279419,9.401480674743652,1.7840478420257568,10.405858039855957,1.9238306283950806,11.57071304321289,1.2412540912628174,10.09072494506836,1.6630882024765015,10.253093719482422,2.067436933517456,9.426410675048828,0.4861093759536743,8.93140697479248,0.20616568624973297,6.79741907119751,240.48148013138842,82.1638787791309,0.02520233951508999,0.021714327856898308,0.14406279743020303,1566.9368887071334,0.8089673264965419,12.199816488780595,-0.014658047817647457,-0.00010204341487011802,-0.19333810318785283,1.0,3.0,9.0,0.0,0.0, புகை தெரிக்கிறது ஆனால் தீ எங்கிறிந்து வருத்து என்று சரியாக தெரியவில்லை
call59.ogg,High,tamil,-400.11279296875,117.93473815917969,62.96311950683594,49.272735595703125,-10.19646167755127,36.30865478515625,5.456614017486572,57.03280258178711,-19.7185001373291,28.570817947387695,-18.69327163696289,26.622608184814453,-31.473405838012695,26.88083839416504,-31.2347412109375,24.0001277923584,-10.505125999450684,20.206485748291016,-16.988401412963867,16.98988914489746,-12.809656143188477,15.941996574401855,-14.213818550109863,13.702021598815918,-6.142508029937744,15.413922309875488,-5.33392333984375,19.988487243652344,-6.979220390319824,24.106874465942383,7.8122100830078125,24.05584144592285,-0.15144653618335724,21.18645477294922,5.75359582901001,16.235593795776367,7.575402736663818,13.930770874023438,7.805516719818115,17.754127502441406,12.864628791809082,17.475608825683594,6.853631973266602,14.408005714416504,1.2030305862426758,15.14067554473877,0.982113242149353,13.630538940429688,-1.8213483095169067,13.113970756530762,1.2422245740890503,10.569581985473633,-0.6366435885429382,12.111194610595703,-4.6755218505859375,10.013177871704102,-3.306594133377075,10.358189582824707,-3.439516305923462,10.028898239135742,-2.268714427947998,8.954750061035156,-3.0288808345794678,9.35745620727539,-2.5456650257110596,7.6274094581604,-2.1752169132232666,6.816494464874268,-3.187265157699585,6.108445167541504,-3.8334813117980957,7.455979347229004,-0.9238231778144836,6.199517726898193,0.038763899356126785,8.158824920654297,0.8085918426513672,7.497320175170898,1.4083517789840698,6.636722564697266,329.89607167729804,45.42634230812685,0.05235396698117256,0.05794169381260872,0.08847943474264706,1289.1638955946628,0.8059701492537313,10.131135651217027,-0.05466199293732643,-0.0014320406026886866,0.17910447761194037,1.0,1.0,9.0,0.0,0.0, गूड़ हैं... जादाव हमुभ、 ऐव हम दो yüz Smoke
call60.ogg,Low,singlish,-504.75079345703125,93.79071044921875,90.3553237915039,62.34654998779297,-0.533077597618103,73.46839141845703,33.031944274902344,64.84996795654297,-16.2194766998291,41.558006286621094,-24.52996253967285,33.94920349121094,-28.17975425720215,34.903194427490234,-26.078327178955078,22.137481689453125,-19.884288787841797,21.96030044555664,-11.622127532958984,17.21394920349121,-18.59320831298828,22.53541374206543,-12.289606094360352,17.90655517578125,-20.726909637451172,15.118014335632324,-23.005130767822266,14.594956398010254,-7.101008892059326,12.088562965393066,-15.400897026062012,9.327444076538086,-7.073968410491943,10.468027114868164,-5.716826915740967,10.870919227600098,-6.687737464904785,11.76943588256836,-5.3299641609191895,10.21756362915039,-5.445639610290527,10.974791526794434,-2.1202645301818848,11.247954368591309,3.5122580528259277,14.154356002807617,10.08300495147705,16.939186096191406,13.006277084350586,19.02911376953125,17.935529708862305,18.374420166015625,13.737622261047363,17.810365676879883,9.41363525390625,15.897130966186523,5.365911483764648,16.6075496673584,3.156371593475342,14.334085464477539,4.244773864746094,10.713105201721191,-0.05386033281683922,9.272315979003906,-1.0289390087127686,8.368791580200195,-3.4301421642303467,7.539618968963623,-2.236076831817627,6.677742004394531,-0.8580256104469299,7.578915596008301,-2.3683888912200928,8.109871864318848,-3.8751633167266846,7.889492034912109,-3.4580202102661133,7.104347229003906,-2.510788917541504,7.028566837310791,237.09618567100975,27.90998557941732,0.017782747745513916,0.008352207951247692,0.11180225317028986,1422.442259386173,0.9854014598540146,6.470833018396615,0.0010824259370565414,4.475416960114566e-06,-0.014598540145985384,1.0,0.0,2.0,0.0,0.0, Ngai doubt
call62.ogg,Medium,singlish,-437.1025085449219,93.61676025390625,92.40778350830078,54.9433479309082,20.988107681274414,49.196205139160156,37.78084945678711,41.715030670166016,-18.66599464416504,37.75161361694336,-12.5348539352417,24.316984176635742,-7.486290454864502,14.389892578125,-14.640628814697266,23.334632873535156,-28.030868530273438,13.2052001953125,-24.32288360595703,14.844498634338379,-16.922243118286133,18.79071044921875,-23.047826766967773,10.986337661743164,-14.282788276672363,14.9600191116333,-16.867685317993164,10.97262954711914,-8.07965087890625,11.092608451843262,-13.710225105285645,8.466601371765137,-13.571200370788574,6.392655849456787,-8.367237091064453,9.914172172546387,-6.427667617797852,11.941061019897461,-4.033073902130127,9.71085262298584,-5.4228196144104,8.200563430786133,-0.676145076751709,9.754972457885742,2.2881391048431396,11.85172176361084,6.920129299163818,12.143855094909668,14.200369834899902,16.53215789794922,18.778322219848633,14.697021484375,20.480213165283203,14.620682716369629,16.12694549560547,12.863300323486328,6.800411224365234,13.99176025390625,1.9124717712402344,11.83154010772705,-1.339992880821228,5.407131195068359,-1.397840976715088,5.571969985961914,-0.06363853067159653,7.387177467346191,-2.708599090576172,5.528016567230225,-4.508619785308838,6.464989185333252,-6.089579105377197,4.326916694641113,-1.556383728981018,4.079874515533447,-0.35055628418922424,5.064978122711182,-3.435539960861206,3.7157785892486572,-3.259505033493042,4.792319297790527,240.67263944819828,13.155452944453431,0.04752042889595032,0.0210532508790493,0.08669026692708333,1019.0481989372938,1.0212765957446808,4.302444994289617,0.01375386118888855,0.00042468663648401135,0.0,1.0,0.0,3.0,0.0,0.0, npr. hai 새
call63.ogg,High,sinhala,-516.7366333007812,85.47479248046875,67.44779968261719,60.652496337890625,0.06866572052240372,52.5953254699707,13.760346412658691,54.07755661010742,-19.32815170288086,31.313640594482422,-20.450868606567383,36.51564407348633,-31.095373153686523,30.983549118041992,-18.235523223876953,25.679580688476562,-8.559696197509766,27.731426239013672,-11.136214256286621,18.502986907958984,-11.178276062011719,17.40558624267578,-5.218172073364258,15.986614227294922,-9.560068130493164,15.16563606262207,-10.471297264099121,12.902207374572754,-9.66423225402832,10.681563377380371,-9.327801704406738,10.67903995513916,-9.106666564941406,11.444507598876953,-5.800121307373047,9.189624786376953,-8.875326156616211,8.973016738891602,-5.147986888885498,9.537586212158203,-0.624971330165863,8.75920295715332,-6.296421527862549,10.244091987609863,-0.6997115015983582,11.370644569396973,1.7393344640731812,13.037337303161621,3.4279260635375977,14.458325386047363,10.295022964477539,14.456387519836426,12.002290725708008,12.91159725189209,14.632749557495117,13.245918273925781,12.6952486038208,14.427223205566406,8.292695045471191,12.876263618469238,4.628962516784668,10.753090858459473,1.4615446329116821,8.952284812927246,-0.24519814550876617,7.0755839347839355,-0.8196461796760559,5.807877063751221,-1.108628749847412,6.130023002624512,-1.667350172996521,5.430027961730957,-2.1699554920196533,4.762798309326172,-2.6631877422332764,5.101458549499512,-2.2938764095306396,4.867359638214111,-2.38101863861084,4.812982082366943,236.84734251814052,25.555794511308246,0.011867007240653038,0.011157975532114506,0.133671875,1504.602801301914,0.7752613240418118,6.796291990186106,-0.004284878261387348,-1.4523445222187632e-05,-0.0662020905923345,0.9791666666666666,0.0,19.583333333333332,0.0,0.0, iaudama careless badassוצra jaelectronic muskaatte hக áma dü на esa build home ākmak bhaat i kata betstyle h הוא eh
call64.ogg,Medium,singlish,-499.555419921875,90.99981689453125,63.892921447753906,58.47715759277344,-8.593326568603516,43.036155700683594,8.483845710754395,52.45265579223633,-12.73417854309082,27.543027877807617,-17.57626724243164,34.32271957397461,-27.462270736694336,28.251304626464844,-13.311090469360352,25.22488784790039,-8.288955688476562,26.009017944335938,-13.803605079650879,21.092918395996094,-12.431909561157227,17.552640914916992,-1.1157339811325073,16.483802795410156,-8.672395706176758,14.135117530822754,-12.495081901550293,12.519115447998047,-4.897771835327148,11.81472396850586,-7.987140655517578,11.150504112243652,-9.863618850708008,9.849211692810059,-5.577171802520752,9.325090408325195,-7.306652545928955,8.341793060302734,-3.8985681533813477,9.319580078125,-2.863478183746338,8.516972541809082,-4.511935234069824,8.47740650177002,-1.5475987195968628,9.321617126464844,1.5624231100082397,10.666850090026855,2.813292980194092,12.477461814880371,8.989052772521973,13.787857055664062,11.095670700073242,14.129131317138672,13.152731895446777,12.985249519348145,12.94002914428711,12.216893196105957,7.9950032234191895,12.578194618225098,4.336325645446777,12.215100288391113,1.1554709672927856,9.569296836853027,-1.0184754133224487,7.302803039550781,-1.4227718114852905,6.092912197113037,-0.6835818290710449,5.873865127563477,-1.1243773698806763,6.290449142456055,-1.5932220220565796,5.43915319442749,-3.0400989055633545,4.945878028869629,-3.1645500659942627,5.1826276779174805,-2.0431501865386963,4.96879768371582,232.70916762646428,24.850920191653987,0.011260151863098145,0.015299612656235695,0.14631151630930658,1595.9308899956118,0.8793418647166362,7.450363385315919,-0.00869048573076725,-3.127186809947272e-05,-0.04753199268738573,1.0,0.0,1.0,0.0,0.0, NK
call66.ogg,Medium,singlish,-505.3322448730469,77.8370132446289,71.84412384033203,56.79737854003906,13.186580657958984,33.7140007019043,-1.269376277923584,42.565330505371094,-29.117460250854492,30.172834396362305,-22.13503646850586,26.488065719604492,-19.395097732543945,23.086977005004883,-18.077714920043945,22.897642135620117,-11.468939781188965,20.058435440063477,-8.309892654418945,15.511442184448242,-10.123302459716797,14.755172729492188,-8.586404800415039,13.435879707336426,-6.244182109832764,13.732488632202148,-6.928235054016113,11.013799667358398,-8.106426239013672,9.540358543395996,-6.325926303863525,9.161419868469238,-7.386709690093994,8.16115951538086,-5.089595794677734,8.07248306274414,-5.843709945678711,9.452013969421387,-2.80680513381958,8.807744026184082,-2.4997353553771973,8.05544662475586,-5.476083278656006,9.68634033203125,-1.4560177326202393,10.516070365905762,0.6905405521392822,12.015695571899414,1.942107915878296,14.025368690490723,9.536964416503906,15.407567024230957,14.075428009033203,14.896504402160645,15.334285736083984,13.51364517211914,13.367690086364746,12.960341453552246,9.281310081481934,13.81612491607666,3.9666833877563477,12.65437126159668,0.6417240500450134,9.417010307312012,-1.0218926668167114,6.915469646453857,-1.6321274042129517,5.803561210632324,-1.5978955030441284,5.194823265075684,-1.9921962022781372,5.374737739562988,-2.131744623184204,4.875746726989746,-3.3078551292419434,4.639430522918701,-2.668618679046631,4.8951802253723145,-2.3795580863952637,4.43873929977417,235.58651882192368,28.915094452861524,0.014014877378940582,0.021795889362692833,0.13221681901927437,1403.4678159585337,0.9386363636363636,7.59903974818011,-0.016819017007946968,-6.315232396526528e-05,0.05909090909090908,0.9831932773109243,0.0,23.596638655462183,0.04274753379612714,0.0," Oppi polisi saman ko remains ten Africans, kursufo kurva walking di kakid tu huge puliisi saman poke rek karigendaru Development Neg ти uag tla"
call67.ogg,High,sinhala,-479.8968505859375,67.35888671875,63.177711486816406,49.752933502197266,9.513933181762695,32.179542541503906,-4.277879238128662,39.70356750488281,-25.27582550048828,27.870996475219727,-24.33737564086914,28.56187629699707,-19.800220489501953,20.664596557617188,-11.327949523925781,21.416501998901367,-8.613309860229492,17.42557716369629,-9.694416046142578,13.486721992492676,-7.683281898498535,13.44382381439209,-4.02857780456543,13.147256851196289,-5.6373724937438965,12.135117530822754,-7.812569618225098,9.620301246643066,-6.711465358734131,9.559743881225586,-4.2523627281188965,8.186075210571289,-7.2728095054626465,7.620227336883545,-5.808806896209717,7.972445011138916,-3.497811794281006,8.86329174041748,-4.494241714477539,8.666238784790039,-4.2652177810668945,8.755448341369629,-3.3384158611297607,9.426907539367676,0.6356498599052429,12.650308609008789,4.79887580871582,14.722946166992188,8.337499618530273,15.787670135498047,12.83470344543457,14.39112377166748,13.904353141784668,13.463234901428223,12.661757469177246,13.800387382507324,8.881529808044434,14.118056297302246,4.5740437507629395,13.414932250976562,0.6852483749389648,11.129199028015137,-0.9583174586296082,7.683341979980469,-1.9967622756958008,5.921236038208008,-2.3241915702819824,5.946548938751221,-2.009073495864868,4.9732794761657715,-1.9857490062713623,4.846472263336182,-2.4101479053497314,4.650722026824951,-3.397221803665161,4.833010673522949,-2.8641350269317627,4.414851665496826,-2.0887811183929443,4.419632911682129,244.78932995685457,31.457275948810906,0.01447360310703516,0.021594755351543427,0.12785389659168955,1305.383316230708,0.90646492434663,9.17550418281303,-0.010478978976607323,-2.7328521371357566e-05,-0.019257221458046758,1.0,0.0,1.0,0.0,0.0, Wicee��ological
call73.ogg,Medium,sinhala,-444.3206481933594,127.3974609375,97.22962188720703,57.350425720214844,-6.403081893920898,55.07994079589844,26.12761688232422,55.57615661621094,-7.548212051391602,27.903165817260742,-17.792095184326172,27.932188034057617,-6.448318958282471,26.66923713684082,-6.84143590927124,25.345417022705078,-14.305449485778809,22.354976654052734,-11.916021347045898,18.929859161376953,-8.892060279846191,14.951739311218262,-11.010782241821289,15.462189674377441,-8.123939514160156,15.061262130737305,-1.4163824319839478,12.338019371032715,-11.488780975341797,13.945577621459961,0.3284362256526947,10.26786994934082,1.4679203033447266,10.319170951843262,-8.30601978302002,10.02398681640625,-6.460248947143555,9.689043998718262,-4.197640419006348,7.925189018249512,-6.1024169921875,8.615575790405273,-3.917645215988159,7.789137363433838,-4.82647180557251,6.880361080169678,-5.469420909881592,6.44968318939209,-4.690441608428955,5.901219367980957,-5.599274158477783,5.699754238128662,-4.903518199920654,6.057555198669434,-3.6470255851745605,4.903351783752441,-3.5921871662139893,4.504507064819336,-6.754868030548096,5.65718936920166,-5.837622165679932,4.439509391784668,-4.219928741455078,4.745211124420166,-3.8592097759246826,4.1612958908081055,-5.533268928527832,4.320403575897217,-4.391903400421143,4.269676685333252,-4.758465766906738,4.0668110847473145,-4.204660892486572,4.2503790855407715,-3.752906560897827,4.054286479949951,-4.192657470703125,4.078126430511475,-3.752903699874878,4.796839714050293,116.58680221637474,11.735361267925493,0.020814482122659683,0.022504083812236786,0.10469256706957547,1260.085626096544,0.7345971563981043,3.647308460740711,-0.01769542321562767,-0.00014348986151065763,-0.2559241706161137,1.0,0.0,1.0,0.0,0.0,je
call74.ogg,High,sinhala,-487.0684509277344,169.48509216308594,100.3757553100586,71.4117202758789,-6.925762176513672,56.05826187133789,41.16307830810547,62.2067756652832,-6.906493186950684,38.26973342895508,-13.380903244018555,39.737327575683594,-9.953207969665527,30.55539321899414,2.1805953979492188,24.432607650756836,-15.638365745544434,18.821247100830078,-15.055835723876953,20.651439666748047,-10.19144058227539,15.824132919311523,-3.8607370853424072,14.87158203125,-3.031622886657715,15.119909286499023,-4.024107933044434,15.078917503356934,-7.767246246337891,14.662285804748535,-6.492652893066406,10.705119132995605,1.7259305715560913,12.495634078979492,-7.749312400817871,9.760374069213867,-3.520359516143799,8.32539176940918,-7.7800068855285645,9.006335258483887,-9.446703910827637,9.462827682495117,-1.0313169956207275,8.069273948669434,-9.757699966430664,8.302301406860352,-5.325658321380615,6.7478508949279785,-6.418130397796631,6.5006608963012695,-4.338254928588867,5.526100158691406,-5.699673652648926,6.4000163078308105,-6.527360439300537,5.204461097717285,-4.413461685180664,4.885740756988525,-4.703009128570557,5.719953536987305,-3.249213695526123,5.020321369171143,-2.9100522994995117,5.726551055908203,-2.3596441745758057,5.659470558166504,-2.5375332832336426,4.012840270996094,-3.4748072624206543,4.7574992179870605,-4.234717845916748,4.355123043060303,-2.6099355220794678,3.8139898777008057,-4.195262432098389,4.462562084197998,-4.6453857421875,5.013389587402344,-2.132035732269287,4.2228617668151855,123.26687447842457,21.895826251277523,0.019171569496393204,0.01698579080402851,0.09040080325704225,1375.461158193992,0.723404255319149,3.9160211502788314,-0.016495801508426666,-0.00019165334004450158,0.0,1.0,0.0,1.0,0.0,0.0, fertment
call75.ogg,Low,sinhala,-426.3030090332031,150.07888793945312,82.96601867675781,65.40533447265625,-15.128049850463867,58.36334991455078,29.404296875,59.0814094543457,-17.653175354003906,38.11719512939453,-15.082626342773438,23.609773635864258,-8.426881790161133,26.299396514892578,-3.8108198642730713,23.252817153930664,-12.609257698059082,23.360666275024414,-11.427777290344238,20.271818161010742,-3.6771416664123535,15.7207612991333,-1.3252674341201782,15.07930850982666,-13.266190528869629,15.648414611816406,-4.002890586853027,18.406728744506836,-9.341415405273438,14.637373924255371,-3.881352663040161,13.067265510559082,2.391986846923828,13.171414375305176,-7.327300071716309,10.189301490783691,-1.1127245426177979,10.347076416015625,-8.29297924041748,9.255967140197754,-4.09090518951416,7.805591583251953,-3.749361515045166,8.138928413391113,-8.417454719543457,9.77836799621582,-4.645755290985107,7.716616153717041,-4.610335826873779,6.380847930908203,-6.838150978088379,7.757571220397949,-6.421145439147949,6.67278528213501,-3.7388157844543457,6.149997234344482,-6.274134635925293,6.245835781097412,-2.8848423957824707,5.717390537261963,-3.126296281814575,5.031590461730957,-3.6109461784362793,6.524650573730469,-3.560616970062256,4.486956596374512,-2.9470252990722656,4.719012260437012,-3.3068959712982178,4.6460371017456055,-4.068583011627197,4.999759674072266,-3.3556952476501465,5.052961826324463,-3.524740695953369,4.3147783279418945,-3.692155122756958,4.6683783531188965,-2.7240700721740723,4.06496000289917,148.67301762537522,70.57040346327013,0.02467777580022812,0.025492345914244652,0.13129816828547297,1547.44654890288,0.7619047619047619,8.01939353021099,-0.01672145165503025,-0.00020169993544056776,0.0,1.0,0.0,7.0,0.0,0.0, apeika k깔Whencraft to find bon old signature
call76.ogg,Medium,sinhala,-395.760498046875,128.9458770751953,117.57906341552734,53.68758010864258,-27.959877014160156,53.37346649169922,18.958377838134766,38.71872329711914,-27.188329696655273,36.837066650390625,-24.312089920043945,41.69749069213867,-5.842040061950684,33.02741622924805,-3.0369739532470703,29.569740295410156,-17.27861213684082,25.419401168823242,-11.895467758178711,22.189470291137695,-2.8725478649139404,17.73857879638672,-8.121231079101562,12.934478759765625,-4.854111194610596,13.216560363769531,-6.047520160675049,12.647245407104492,-11.727668762207031,13.222335815429688,-3.839956045150757,9.682059288024902,1.2969107627868652,9.745511054992676,-2.1719038486480713,10.599708557128906,-7.044856548309326,9.593927383422852,-6.293713092803955,7.845954895019531,-5.500511169433594,7.937180042266846,-2.8075859546661377,6.733813762664795,-6.934659957885742,6.500885009765625,-6.060368061065674,5.401369094848633,-7.985984802246094,8.681200981140137,-4.665770530700684,6.382447242736816,-8.31676197052002,5.496942043304443,-5.96609354019165,5.4135847091674805,-4.168872833251953,5.074893951416016,-4.009431838989258,6.710939884185791,-1.6561130285263062,6.100447177886963,-5.391041278839111,4.461349010467529,-2.634399175643921,3.771116018295288,-3.9515726566314697,4.968506336212158,-5.1163010597229,4.593746662139893,-4.982454299926758,4.960948467254639,-3.6931896209716797,3.353724241256714,-4.153602123260498,4.099052429199219,-4.306008815765381,4.525321006774902,-4.303929805755615,5.030017375946045,118.70556836335292,6.38791787878639,0.02946186438202858,0.03021744079887867,0.114375,1413.5001072944087,0.8918918918918919,2.1430664152536765,-0.0413854606449604,-0.0006948132555008436,0.0,1.0,0.0,1.0,0.0,0.0, femmes
call77.ogg,High,sinhala,-349.6124267578125,141.86199951171875,112.57674407958984,52.04489517211914,-9.100455284118652,63.109832763671875,67.32019805908203,56.5756950378418,-20.26236915588379,28.386022567749023,-22.982969284057617,24.77041244506836,-4.460792541503906,24.296607971191406,-14.41550064086914,16.72222900390625,-16.716466903686523,21.150537490844727,-20.75986671447754,15.689264297485352,-6.802350997924805,9.481830596923828,-7.65907621383667,16.9821720123291,-16.04146385192871,16.600208282470703,-5.5003557205200195,11.461882591247559,-11.625938415527344,19.554094314575195,-2.1295323371887207,11.692427635192871,-11.635129928588867,8.861058235168457,-4.878439903259277,6.882930755615234,-1.3013256788253784,6.935563087463379,-10.583334922790527,8.51545524597168,-10.14663028717041,5.76620626449585,1.2668426036834717,7.148595809936523,-5.163891315460205,6.139621734619141,-10.335002899169922,5.988710403442383,-3.354091167449951,4.168827533721924,-4.319727420806885,5.103832244873047,-6.00420618057251,5.144932746887207,-6.156244277954102,3.485358476638794,-6.999715805053711,4.981420993804932,-4.470527172088623,3.8319313526153564,-5.5179033279418945,5.145362377166748,-3.983309268951416,5.2576422691345215,-4.788863658905029,4.119412899017334,-7.979956150054932,4.483902931213379,-6.265519618988037,4.1083526611328125,-3.803692579269409,3.5046417713165283,-5.712149143218994,5.2345991134643555,-7.07081937789917,4.797510147094727,-5.720673561096191,3.0260980129241943,-5.289414405822754,4.88404655456543,130.62216418674942,5.310396575062303,0.05165797472000122,0.03857093304395676,0.07925180288461539,1331.7273412226937,1.0263157894736843,1.0538782061557557,-0.06689760088920593,-0.0025140939426027712,0.05263157894736836,1.0,0.0,2.0,0.0,0.0, Gates Gesturing
call78.ogg,High,sinhala,-400.66046142578125,101.59982299804688,78.22280883789062,53.26394271850586,-19.81732940673828,47.99777603149414,9.756601333618164,64.82500457763672,-31.505592346191406,37.24822998046875,-24.001052856445312,35.156578063964844,-31.066686630249023,26.524505615234375,-9.372143745422363,17.742610931396484,-20.823957443237305,24.33951187133789,-1.5372779369354248,21.173614501953125,-11.252181053161621,13.91244888305664,-5.15370512008667,15.206192970275879,-1.3309582471847534,14.707442283630371,-12.793074607849121,14.512560844421387,-2.2822840213775635,13.040900230407715,-6.422820091247559,12.183449745178223,-7.585837364196777,10.128479957580566,-10.40256404876709,9.893417358398438,-5.3509016036987305,9.490720748901367,-8.491854667663574,9.746172904968262,-5.746497631072998,8.338465690612793,-9.2467679977417,6.9069294929504395,-8.30059814453125,6.90338134765625,-5.857708930969238,9.443075180053711,-9.474726676940918,12.695052146911621,0.8614616394042969,16.21276092529297,7.588259696960449,16.262788772583008,16.837379455566406,18.119586944580078,17.52621841430664,16.299440383911133,19.7196102142334,15.995235443115234,13.162785530090332,16.007225036621094,5.357012748718262,16.074670791625977,2.424027442932129,12.539565086364746,-3.583489179611206,11.694875717163086,-0.3829231262207031,8.445919036865234,-2.684227705001831,7.4008283615112305,-3.0973587036132812,7.989650726318359,-2.4968185424804688,7.859750747680664,-5.254714012145996,7.449850082397461,-4.128274917602539,7.1708502769470215,216.5442197331708,12.883954751076992,0.032201267778873444,0.025131898000836372,0.09951452900179857,1479.497168970515,1.0072463768115942,3.8618022762242603,-0.013160502538084984,-0.00016276328664031157,0.01449275362318847,1.0,1.0,2.0,0.0,0.0, Bfire War
call79.ogg,High,sinhala,-450.7584533691406,127.8802719116211,57.553897857666016,49.36388397216797,-16.085054397583008,50.24291229248047,18.387542724609375,55.706687927246094,-31.902742385864258,35.23454666137695,-23.96908950805664,32.9467658996582,-29.192420959472656,29.26668930053711,-11.561538696289062,19.277870178222656,-16.645931243896484,27.355571746826172,1.1816589832305908,18.39842414855957,-9.418523788452148,15.418617248535156,-2.0016796588897705,14.782303810119629,4.126728534698486,15.301018714904785,-13.417479515075684,12.852665901184082,-4.326757907867432,11.52808666229248,-3.715265989303589,9.80642032623291,-5.980217933654785,14.115577697753906,-8.530289649963379,12.580458641052246,-0.45814624428749084,9.347015380859375,-4.470877170562744,8.872365951538086,-4.716964244842529,9.327731132507324,-5.392319679260254,9.25724983215332,-6.226410865783691,8.723440170288086,-4.4170708656311035,8.099574089050293,-8.703316688537598,10.09354019165039,-3.718676805496216,12.75877857208252,-1.1163091659545898,11.986288070678711,3.583768606185913,14.958823204040527,7.721299171447754,16.43499183654785,12.775660514831543,15.642534255981445,15.112930297851562,15.195487976074219,13.550684928894043,17.0638484954834,7.957563877105713,16.826370239257812,1.640650987625122,13.4225492477417,-0.5231081247329712,8.915392875671387,-3.5851080417633057,8.485128402709961,-0.7493214011192322,7.405274868011475,0.26227104663848877,7.270779609680176,-2.6527657508850098,7.1058149337768555,-3.4903223514556885,6.472412586212158,218.37480335120742,36.809839759329186,0.026799092069268227,0.028617434203624725,0.12258522727272728,1649.1557360629652,0.8949771689497716,6.341246224073903,-0.006621936336159706,-4.619076389301967e-05,-0.182648401826484,1.0,0.0,4.0,0.0,0.0, Naku g氥a nうわnQ wilderness
call80.ogg,Medium,singlish,-341.0565490722656,103.88815307617188,90.0322036743164,44.70984649658203,-36.95391845703125,37.050384521484375,19.10114288330078,52.168724060058594,-33.71968078613281,36.05694580078125,-24.17886734008789,41.256378173828125,-27.05722999572754,23.61955451965332,-6.606306076049805,25.239543914794922,-17.293554306030273,16.24003791809082,8.242490768432617,20.4591007232666,-3.9171252250671387,19.424789428710938,-9.621336936950684,10.680444717407227,0.9306734204292297,16.02205467224121,-13.904000282287598,11.368574142456055,-8.099190711975098,11.176438331604004,-12.019248008728027,10.725079536437988,-8.0966157913208,9.348072052001953,-14.024635314941406,7.807789325714111,-3.4930672645568848,6.517933368682861,-4.856513500213623,6.903534412384033,-11.009923934936523,7.947383403778076,-5.523128032684326,6.484132766723633,-10.56884479522705,6.513067722320557,-10.408318519592285,6.357508659362793,-12.694718360900879,8.935576438903809,-6.255414962768555,14.606419563293457,0.6559833288192749,16.705284118652344,7.514915466308594,14.728344917297363,13.396363258361816,16.427715301513672,18.149641036987305,15.056117057800293,18.727588653564453,14.240196228027344,13.550398826599121,18.0233211517334,5.293887615203857,15.19664192199707,-4.535653591156006,10.548826217651367,-4.6440653800964355,7.441376686096191,-3.844784736633301,7.738255023956299,-0.454407662153244,7.626317977905273,-3.275306463241577,8.328916549682617,-8.460098266601562,6.72265100479126,-3.917649269104004,6.1446075439453125,211.5318360331177,12.172474027140751,0.04445852339267731,0.037279464304447174,0.10240885416666666,1458.9517096707693,1.0135135135135136,3.9046077828285197,-0.053092703223228455,-0.000977023029448213,0.027027027027026973,1.0,0.0,3.0,0.5,0.0, Tage izhattad izhattad
call81.ogg,High,sinhala,-381.3930969238281,89.27667236328125,88.14179229736328,41.92851257324219,-24.666318893432617,43.70194625854492,5.999426364898682,48.885711669921875,-35.29787826538086,30.449539184570312,-16.57769203186035,35.669334411621094,-27.89013671875,20.231840133666992,-14.966954231262207,19.071956634521484,-10.790063858032227,26.81624984741211,1.03426194190979,21.250164031982422,-10.553031921386719,17.535701751708984,-10.098259925842285,17.230165481567383,-4.503510475158691,21.247777938842773,-13.929543495178223,11.419915199279785,-8.945666313171387,8.83085823059082,-10.69852352142334,14.650242805480957,-7.070687294006348,8.151124000549316,-11.400191307067871,8.886963844299316,-4.815103530883789,9.106493949890137,-7.638986110687256,9.117935180664062,-12.73093032836914,9.442252159118652,-7.324457168579102,8.831077575683594,-1.8550126552581787,10.927206039428711,5.543240070343018,13.95760726928711,10.551822662353516,19.324983596801758,20.171878814697266,18.274127960205078,20.064611434936523,13.534635543823242,12.66549015045166,14.48608112335205,3.711026430130005,17.602855682373047,0.677913248538971,14.73471450805664,1.266528606414795,9.998315811157227,-1.8335399627685547,9.367145538330078,-3.6096513271331787,9.251534461975098,-5.4586286544799805,7.976767063140869,-5.645810604095459,8.222044944763184,-2.997009515762329,6.103819847106934,-2.4398441314697266,7.112789630889893,-8.324243545532227,7.33001708984375,-9.131423950195312,7.401649475097656,-3.713860034942627,7.15585470199585,237.46571494323732,14.191665272004322,0.03497431427240372,0.030238991603255272,0.08880786360981309,1367.4381444208348,1.009433962264151,4.145919525330587,-0.0441705547273159,-0.0006115884977818944,0.018867924528301883,1.0,0.0,6.0,0.0,0.0, Puluwan ng Qwda manif墚 ang Lalong
call82.ogg,Medium,sinhala,-375.3638000488281,108.69486999511719,110.17335510253906,60.12898254394531,-14.01974868774414,54.04591369628906,22.274335861206055,56.02800750732422,-34.88911437988281,39.94793701171875,-21.27831268310547,31.006324768066406,-23.74188232421875,21.14778709411621,-14.94851016998291,22.846731185913086,-20.162715911865234,23.273086547851562,6.501133441925049,17.4722957611084,-13.661503791809082,18.6395263671875,-7.188052177429199,17.687549591064453,-3.041329860687256,15.966779708862305,-14.828408241271973,9.88664722442627,-9.900031089782715,10.976661682128906,-11.960099220275879,12.947391510009766,-7.951095104217529,8.891670227050781,-17.2341365814209,9.8717679977417,-2.9379489421844482,10.81126880645752,-6.483036041259766,8.522626876831055,-9.57903003692627,8.557573318481445,-6.460770606994629,7.580044746398926,-4.133344650268555,9.390795707702637,-4.411167621612549,9.516483306884766,-8.466951370239258,9.82192325592041,-2.8077280521392822,10.512511253356934,-0.41609641909599304,11.44971752166748,3.9065122604370117,17.038280487060547,7.36968994140625,14.761148452758789,13.95777702331543,14.979086875915527,17.120067596435547,12.675788879394531,15.559968948364258,19.44830322265625,9.40581226348877,18.380802154541016,0.9134267568588257,14.633163452148438,-2.4762096405029297,10.993696212768555,-5.301639556884766,8.72098159790039,-0.11521092802286148,8.023460388183594,-1.9116499423980713,7.600546360015869,-4.782570838928223,6.858924865722656,-5.6228814125061035,6.497718334197998,206.72729307257111,15.310300180314567,0.03664005547761917,0.023709233850240707,0.07635646913109756,1253.4647872184566,1.0123456790123457,5.68850987751303,-0.0067899152636528015,-0.00010061789566707319,0.0,0.925,0.0,7.4,0.0,0.0, ano zaakeya ma'ed ba'捡шая saikno ka mo'n karanduni.
call88.ogg,High,tamil,-506.65216064453125,81.94538116455078,92.9581527709961,72.37525939941406,18.46295166015625,47.480953216552734,31.126113891601562,56.623905181884766,0.2289053052663803,33.26737594604492,-14.56689167022705,31.8216609954834,-31.425119400024414,25.856109619140625,-24.744003295898438,23.897428512573242,-12.598346710205078,33.61801528930664,-28.43971824645996,23.492115020751953,-15.487844467163086,16.088376998901367,-4.12581729888916,20.117286682128906,-8.24361515045166,15.22991943359375,-8.659655570983887,14.623648643493652,-7.288484573364258,13.516189575195312,-4.3655595779418945,11.09151840209961,-14.669892311096191,14.220625877380371,-7.761831760406494,11.22421932220459,-13.285229682922363,9.454963684082031,-13.11083698272705,10.958518981933594,-5.221770286560059,9.60581111907959,-10.49027156829834,10.206547737121582,-4.600193977355957,10.880739212036133,-2.5661914348602295,9.03080940246582,-1.7033617496490479,11.59602165222168,7.051954746246338,15.222925186157227,7.389163970947266,14.938516616821289,7.90708065032959,14.952606201171875,11.981278419494629,13.937355041503906,7.481389999389648,13.597373962402344,6.68741512298584,14.067131042480469,6.493873119354248,13.578439712524414,4.248413562774658,11.220354080200195,4.091967582702637,9.938630104064941,1.0416607856750488,8.78654956817627,-1.0735446214675903,7.629545211791992,-2.25962495803833,6.532220840454102,-1.207319736480713,5.4976487159729,-2.4407083988189697,5.730991840362549,-1.9267513751983643,5.578760147094727,222.15798177980525,26.709938065739156,0.018397662788629532,0.010741588659584522,0.0919453223146985,1127.9213717863688,0.9143576826196473,6.562930879788868,0.002486087381839752,1.3738935199633393e-05,0.07556675062972285,0.9722222222222222,0.0,27.22222222222222,0.0,0.0, Seupati depdhe hasi dimi nta yurur da bi reandhe tattp다 desi Pachka kornaligrethe nan aneñikran terminology Manthan h biteh feul runned ni ha друг I diagramam heart Travel
call89.ogg,Medium,tamil,-473.7096862792969,77.0160140991211,75.01810455322266,55.63130569458008,27.32463836669922,38.785072326660156,21.96240234375,47.75679397583008,-1.5576270818710327,28.364349365234375,-10.352096557617188,25.655588150024414,-24.876733779907227,24.052066802978516,-20.136356353759766,19.595983505249023,-14.187393188476562,27.230714797973633,-18.161914825439453,17.2712459564209,-15.173946380615234,14.197405815124512,-8.727250099182129,15.531600952148438,-8.320425987243652,12.557762145996094,-9.856300354003906,10.875323295593262,-8.667105674743652,10.979010581970215,-6.551966190338135,9.29146957397461,-11.96910285949707,11.42547607421875,-9.683769226074219,9.690385818481445,-11.61359977722168,8.975643157958984,-12.345247268676758,10.532797813415527,-6.051107406616211,9.341779708862305,-8.458488464355469,9.007142066955566,-4.84506893157959,11.343223571777344,-0.9191142320632935,12.582225799560547,-0.2615276575088501,13.625469207763672,5.029148101806641,16.650758743286133,5.336075782775879,15.133696556091309,5.530597686767578,15.876319885253906,8.361339569091797,15.671285629272461,6.951126575469971,14.49377155303955,6.401132583618164,12.969407081604004,5.554812431335449,11.990009307861328,4.652055263519287,11.357500076293945,3.9682583808898926,9.713257789611816,2.021265745162964,9.79450511932373,0.7412818670272827,8.027274131774902,-1.0170308351516724,6.49625825881958,-1.4018577337265015,6.2131876945495605,-2.1088738441467285,5.547510147094727,-2.7501559257507324,5.357252597808838,220.3916420388281,32.283671836950774,0.020215997472405434,0.017141982913017273,0.10487079620361328,1262.5226602091393,0.9080234833659491,6.798862781991558,-0.004219718277454376,-1.686535082956294e-05,-0.007827788649706457,1.0,0.0,38.0,0.20689655172413793,0.0, Tama de Pradeshu tithu vella meit Patirakuraja Anayita video mochumur da hamoda Patikana padi hirade. Tama ka minza ravasa bi mille. Tolei pesi wasvi mille. Anayita mo tundika Patikana padi hirade. Tama kavasarama houde vihele tevi padi hirade.
call90.ogg,Low,tamil,-432.2760925292969,72.62769317626953,78.64972686767578,48.9142951965332,12.107423782348633,38.438228607177734,24.51618003845215,50.84886932373047,-3.4499642848968506,27.247779846191406,-5.68574857711792,25.387100219726562,-18.93238067626953,23.991905212402344,-21.922569274902344,18.877695083618164,-9.713732719421387,28.503936767578125,-22.00396156311035,17.21240997314453,-17.242509841918945,14.823968887329102,-6.671267986297607,13.8240327835083,-6.106252670288086,11.620317459106445,-9.210128784179688,11.014952659606934,-8.681219100952148,10.403773307800293,-3.8937606811523438,9.583454132080078,-11.289617538452148,10.42109203338623,-10.063328742980957,7.723381519317627,-10.241704940795898,7.108757495880127,-14.829349517822266,9.764772415161133,-6.595470428466797,8.580865859985352,-7.531619071960449,8.799656867980957,-6.2245049476623535,12.620183944702148,-0.12167568504810333,12.334283828735352,-1.0493210554122925,13.952242851257324,1.7076913118362427,13.79519271850586,5.105809211730957,14.599120140075684,4.620461940765381,14.842009544372559,8.426132202148438,14.100566864013672,8.489057540893555,13.812691688537598,5.199507236480713,12.639345169067383,5.062350273132324,11.435280799865723,3.1522135734558105,12.130083084106445,2.3797309398651123,9.801159858703613,1.0016213655471802,8.97693920135498,-1.541269302368164,7.500929832458496,-2.857191801071167,5.941774845123291,-2.60245680809021,5.572425842285156,-2.694810152053833,5.345105171203613,-3.4962825775146484,5.440903186798096,219.57372801240584,23.866735493924665,0.02461949549615383,0.024420248344540596,0.0780913864356884,1070.9571820760016,0.9345454545454546,6.5571414390854645,-0.010133342817425728,-6.861879007878648e-05,-0.06545454545454543,1.0,0.0,19.0,0.05555555555555555,0.0, V行 strength प़ूटैं के पतजिट ही है? यopedia पत की पत को आरे है Ağr Hala Kunaoodyum Gevi Pureadya
call91.ogg,Low,singlish,-402.8057556152344,82.72696685791016,119.14244842529297,79.27093505859375,19.033109664916992,66.85700225830078,36.68149948120117,74.59239196777344,-48.04039001464844,31.850767135620117,-30.04233741760254,38.09343338012695,-10.132078170776367,25.894256591796875,-18.527023315429688,25.369945526123047,-18.022634506225586,26.45903205871582,-13.143916130065918,14.243714332580566,-7.434390068054199,15.62424087524414,-15.255786895751953,13.71405029296875,-4.4402947425842285,16.978145599365234,-10.324398040771484,15.220309257507324,-15.494318008422852,11.624083518981934,-4.753540992736816,13.501917839050293,-18.463329315185547,14.088363647460938,-8.31688117980957,10.162565231323242,-9.951126098632812,10.289952278137207,-9.408950805664062,7.987238883972168,-9.630392074584961,7.106027603149414,-6.041932106018066,8.784793853759766,-4.954646587371826,8.117597579956055,-3.5155632495880127,9.89061164855957,-1.619132399559021,7.853747844696045,-0.2680581212043762,9.335908889770508,3.1766440868377686,14.556264877319336,6.174258232116699,12.704911231994629,8.753057479858398,16.139333724975586,7.777953147888184,14.156977653503418,5.635226726531982,11.986642837524414,6.684727191925049,14.256426811218262,5.846909046173096,14.751616477966309,6.560605525970459,13.448071479797363,5.067346572875977,10.254097938537598,3.6719844341278076,10.09624195098877,2.6113204956054688,11.978204727172852,1.0295166969299316,9.351545333862305,0.8781960010528564,7.051033973693848,0.4395609498023987,5.803054332733154,198.58475987289043,27.89942225313568,0.03378629684448242,0.015794606879353523,0.08540852864583333,1336.3196434137424,1.0120481927710843,9.5797386909612,-0.006533049046993256,-0.00011747102558645247,0.0,0.0,0.0,0.0,0.0,0.0,
call92.ogg,High,sinhala,-392.64349365234375,122.93644714355469,94.47232055664062,66.26913452148438,12.443296432495117,85.93222045898438,57.20367431640625,66.81538391113281,-34.190826416015625,53.64829635620117,-33.91486358642578,45.8144645690918,-16.64208984375,23.530942916870117,-13.1150484085083,29.065128326416016,-21.54405975341797,34.114471435546875,-5.509664058685303,15.084500312805176,-14.595616340637207,17.26924705505371,-7.0916547775268555,13.699995994567871,-12.219075202941895,15.184297561645508,-14.596588134765625,14.922379493713379,-10.174528121948242,10.287424087524414,-7.997708320617676,10.593682289123535,-12.36118221282959,14.410959243774414,-7.391197204589844,9.892684936523438,-8.027565956115723,8.679365158081055,-12.310783386230469,10.309394836425781,-12.509881973266602,9.28808879852295,-7.651986122131348,10.222968101501465,-9.937829971313477,8.175549507141113,-4.0443620681762695,8.724058151245117,-4.816109657287598,12.268830299377441,-1.7856829166412354,12.160207748413086,2.6969757080078125,11.729667663574219,2.8453476428985596,10.209396362304688,4.363286018371582,12.927451133728027,4.53563928604126,14.850050926208496,6.377021789550781,13.444417953491211,3.6322898864746094,12.46229076385498,7.943559169769287,12.979161262512207,4.8588104248046875,10.923636436462402,5.42487096786499,12.231928825378418,4.563714504241943,11.057904243469238,3.1960835456848145,9.67103099822998,0.7505291104316711,7.646084308624268,-0.33093366026878357,6.389139175415039,-0.5995454788208008,5.349531650543213,196.31401902017006,32.09363335607073,0.035621121525764465,0.014585336670279503,0.103106689453125,1475.8556835415216,0.5569620253164557,10.407551513602451,-0.003981608897447586,-7.139451921193986e-05,0.6582278481012658,1.0,0.0,20.0,0.3076923076923077,0.0," 앞에 , motoi legitirigi nno cute seemed mo so i left arm or i left arm or i left arm"
call93.ogg,High,sinhala,-373.4930419921875,78.88933563232422,78.30033874511719,64.6879653930664,20.723285675048828,68.78407287597656,54.7968635559082,70.73094940185547,-37.012149810791016,38.32479476928711,-36.23436737060547,41.845211029052734,-15.18881607055664,24.9649658203125,-19.622636795043945,22.58353614807129,-22.20563507080078,30.383817672729492,-5.771273136138916,21.840967178344727,-14.444472312927246,16.94027328491211,-7.569173336029053,16.96001625061035,-11.202584266662598,13.064051628112793,-5.168880462646484,14.286787986755371,-16.26555824279785,13.469537734985352,-3.0002217292785645,12.701313018798828,-15.926520347595215,12.584341049194336,-4.426590442657471,10.658586502075195,-9.138051986694336,8.5501127243042,-10.140386581420898,10.003860473632812,-8.172789573669434,9.238085746765137,-6.710388660430908,10.319903373718262,-3.9009993076324463,13.921774864196777,3.0543394088745117,19.087158203125,8.039525985717773,16.73846435546875,10.585911750793457,16.857004165649414,11.1657133102417,16.051197052001953,5.912652492523193,15.315231323242188,6.627833366394043,13.19520378112793,3.995882034301758,13.125657081604004,5.111044406890869,10.229164123535156,0.07638638466596603,8.291507720947266,2.974391222000122,10.512007713317871,-1.647842288017273,10.234781265258789,0.8858926892280579,10.099047660827637,-1.13588547706604,7.4179205894470215,-2.6216840744018555,6.341053009033203,-3.716977119445801,6.7318925857543945,-2.3532419204711914,5.824160575866699,-2.780917167663574,6.1671342849731445,219.6063751783872,37.791726019573716,0.039469748735427856,0.02022000215947628,0.0952542212701613,1587.1785811418556,0.9836065573770492,7.995963249800629,-0.008701406419277191,-5.766232688072724e-05,0.0,1.0,1.0,5.0,0.0,0.0, மங்கள் கிடிரு வாத்துருங்கள் நிற்டவிலாதீன் நீ
call94.ogg,Medium,sinhala,-407.836669921875,119.29964447021484,86.34107208251953,69.13665008544922,24.198936462402344,70.35323333740234,47.85721969604492,66.2067642211914,-44.44847869873047,42.57331085205078,-32.68156433105469,44.02625274658203,-13.184643745422363,20.55175018310547,-18.48969268798828,28.21088218688965,-17.36639404296875,28.0454158782959,-8.665279388427734,17.67970848083496,-19.55133819580078,20.420602798461914,-8.625938415527344,17.872726440429688,-12.054848670959473,18.864530563354492,-13.57347297668457,13.1702880859375,-11.959617614746094,13.767337799072266,-2.375276565551758,12.9564790725708,-15.154132843017578,12.759496688842773,-4.3087358474731445,11.919198036193848,-10.866939544677734,11.983875274658203,-11.65812873840332,10.590091705322266,-6.41043758392334,11.28868293762207,-5.70330810546875,9.850894927978516,-6.002395153045654,11.602672576904297,0.6225700378417969,10.92959213256836,1.3248347043991089,12.484594345092773,5.341309070587158,14.52208137512207,8.170075416564941,14.656248092651367,8.413249015808105,14.636581420898438,8.8296480178833,13.094108581542969,8.289372444152832,15.527528762817383,6.181617259979248,11.395167350769043,1.3729329109191895,10.524747848510742,4.825410842895508,8.855000495910645,0.030083196237683296,7.573887825012207,2.137143135070801,7.9917402267456055,0.689795196056366,7.048104286193848,-0.9018848538398743,6.638077259063721,-1.9052071571350098,5.896208763122559,-3.92940616607666,4.389891147613525,-2.9077632427215576,5.397234916687012,226.0063094167486,25.094810604526895,0.03523986414074898,0.020652716979384422,0.10927553530092593,1566.8559143441653,0.6635514018691588,8.81975039743424,0.0076493993401527405,0.00012967898860979157,0.05607476635514019,1.0,1.0,9.0,0.0,0.0," apay pati ginnak, meida signal ne manki hinnikai hinnamad"
call95.ogg,Medium,singlish,-409.3343811035156,136.85479736328125,90.06017303466797,70.15062713623047,-2.2610647678375244,72.00567626953125,37.131778717041016,78.80792236328125,-21.857681274414062,39.56108474731445,-14.191925048828125,34.16244125366211,-22.414379119873047,29.45850944519043,-21.02259635925293,30.708768844604492,-17.065662384033203,26.485261917114258,-9.881125450134277,17.827007293701172,-10.237918853759766,15.783186912536621,-11.722196578979492,19.013442993164062,-4.483102798461914,18.129070281982422,-9.16031265258789,12.797858238220215,-13.370041847229004,12.310248374938965,-5.420050621032715,11.366179466247559,-14.140917778015137,10.022571563720703,-4.795200347900391,11.151592254638672,-9.10643482208252,9.590728759765625,-4.409144401550293,9.206582069396973,-8.206957817077637,10.10612964630127,-3.8340296745300293,8.58315372467041,-7.326173305511475,8.36433219909668,-3.5168254375457764,9.036943435668945,-2.4182522296905518,8.104578971862793,-4.85114860534668,11.120591163635254,-1.3723503351211548,8.319679260253906,-2.1682538986206055,10.753820419311523,0.490375280380249,9.105168342590332,0.1596056967973709,12.154726028442383,3.4515063762664795,14.105554580688477,2.473165273666382,14.421361923217773,5.549432277679443,13.330374717712402,3.5828030109405518,11.293317794799805,2.7155158519744873,13.095148086547852,2.832326889038086,12.302131652832031,4.862589359283447,10.550816535949707,4.221647262573242,9.235565185546875,3.6097660064697266,8.722318649291992,1.898522138595581,9.973665237426758,184.63569987981958,37.694586352036595,0.02892426773905754,0.020622776821255684,0.1308880974264706,1677.1206205162182,0.744389583843153,9.212479853641844,-0.0027231313288211823,1.2565373060642354e-05,0.16214426578761743,1.0,0.0,4.0,0.0,0.0, Dann saak malega tree
call96.ogg,Medium,sinhala,-424.49688720703125,80.17285919189453,128.9783477783203,45.66262435913086,47.175941467285156,39.938621520996094,41.91773986816406,47.69544982910156,-20.71636962890625,26.43187141418457,-35.096336364746094,30.64386749267578,-14.613425254821777,21.625598907470703,-18.77019500732422,28.8825626373291,-25.467151641845703,18.062166213989258,2.309199333190918,17.95526123046875,-5.584235191345215,14.693191528320312,0.051848191767930984,13.902288436889648,1.449414849281311,13.756999969482422,-12.474120140075684,12.387009620666504,5.318717002868652,8.816749572753906,-3.22137451171875,7.447790145874023,-16.33185577392578,11.607484817504883,-4.515905380249023,9.416346549987793,-7.220373630523682,8.507296562194824,-5.923158168792725,7.224667072296143,-8.49177074432373,6.924009799957275,-2.4748804569244385,9.75238037109375,-11.9707612991333,8.823904037475586,-4.109440326690674,8.052104949951172,-10.347831726074219,7.014570713043213,-7.683763027191162,7.455087661743164,-5.919521331787109,9.74622631072998,0.637266218662262,12.582018852233887,9.353401184082031,13.283872604370117,13.003300666809082,11.0752592086792,15.118630409240723,7.97166633605957,15.014819145202637,11.846572875976562,13.176965713500977,14.834978103637695,6.604759216308594,12.600207328796387,3.042426824569702,8.89279556274414,-1.579530954360962,6.073992729187012,-4.619500160217285,5.222291946411133,-2.4813427925109863,5.176842212677002,-4.977503776550293,6.750328540802002,-5.944325923919678,4.328636646270752,203.22605045200316,9.888448652943437,0.034825362265110016,0.01225263625383377,0.05935896688432836,855.8751804037701,1.0151515151515151,4.170603174532232,-0.004734225571155548,-0.00011894572663268624,0.030303030303030276,0.9523809523809523,0.0,2.8571428571428568,0.0,0.0, மگிலமாய்தில்லாம் அதிடம் பயவில்லையின்ற
call97.ogg,High,singlish,-413.2511291503906,83.36951446533203,88.1886215209961,74.4656982421875,29.49175453186035,62.67043685913086,48.04969024658203,60.9820556640625,-38.47843551635742,35.020259857177734,-38.806884765625,38.852237701416016,-22.19988441467285,21.67539405822754,-21.421072006225586,25.8406982421875,-22.25787925720215,20.55057144165039,-10.114011764526367,17.905799865722656,-2.4641761779785156,16.725412368774414,-11.593271255493164,12.799713134765625,1.8549659252166748,18.204219818115234,-13.25506591796875,16.024145126342773,-1.0226659774780273,13.550321578979492,-2.2676138877868652,17.9671688079834,-13.67386531829834,12.796354293823242,-8.312830924987793,9.888984680175781,-10.943479537963867,10.810070991516113,-7.446527481079102,8.97431755065918,-10.956314086914062,9.956441879272461,-3.475289821624756,9.433101654052734,-9.800400733947754,11.723761558532715,-1.1160852909088135,12.921196937561035,1.7664986848831177,13.697957992553711,1.3096224069595337,15.859137535095215,6.846269130706787,15.323473930358887,9.917196273803711,16.47982406616211,10.04179573059082,15.325350761413574,11.162460327148438,14.293461799621582,4.673099994659424,11.759847640991211,6.9451117515563965,13.387347221374512,4.351333141326904,12.681380271911621,3.317169666290283,10.604076385498047,0.4321310818195343,9.212895393371582,-0.9326269030570984,5.640844345092773,-4.615926265716553,6.436114311218262,-3.5317397117614746,6.424382209777832,-3.59116530418396,6.036520957946777,-4.14808464050293,5.995399475097656,216.6278846459621,20.88348482638413,0.039539553225040436,0.03017013892531395,0.11867823745265152,1482.175916453387,0.9236641221374046,7.1815384818406605,-0.03314344212412834,-0.0004422779672162054,0.10687022900763354,1.0,0.0,3.0,0.0,0.0, Mongol a ana
call98.ogg,Medium,singlish,-417.2523193359375,107.35931396484375,88.50183868408203,79.13851165771484,29.492238998413086,43.70622253417969,35.5338020324707,45.24468994140625,5.956116676330566,25.337879180908203,-33.437400817871094,40.0826416015625,-25.91041374206543,36.78986740112305,-10.181282997131348,26.441150665283203,-18.3206729888916,24.924524307250977,-8.148858070373535,14.951847076416016,-15.5075101852417,15.8833589553833,-5.226545333862305,12.046182632446289,-1.100535273551941,13.272902488708496,-8.493033409118652,13.078943252563477,-6.676820278167725,10.634343147277832,-5.99143648147583,7.557168960571289,-2.3021066188812256,8.322092056274414,-8.305645942687988,7.0733513832092285,-8.505147933959961,9.090607643127441,-7.578706741333008,8.063326835632324,-6.8443145751953125,10.178306579589844,-3.823035478591919,7.707213878631592,-6.9791460037231445,9.683371543884277,-0.11980721354484558,9.192728042602539,5.129500389099121,12.499188423156738,7.843752861022949,14.362664222717285,9.279298782348633,13.881829261779785,10.39249038696289,10.47573184967041,6.65864896774292,9.770492553710938,5.168039321899414,10.70703125,3.40061092376709,11.395004272460938,1.4038430452346802,9.27280330657959,-0.26032188534736633,8.592552185058594,1.785732388496399,6.513868808746338,-1.3379544019699097,7.075819969177246,-2.6373465061187744,4.820580959320068,-1.7978769540786743,4.321674346923828,-4.013372421264648,4.322364330291748,-1.995951533317566,4.02302360534668,-6.484704494476318,6.203035354614258,227.43879668392987,21.12478953657224,0.04697171598672867,0.04338053613901138,0.11358051915322581,1297.0837752429318,0.8524590163934426,7.662864541751235,-0.08279101550579071,-0.0018840826651969963,-0.3278688524590164,1.0,0.0,3.0,0.0,0.0,频plin vege vera
call99.ogg,High,sinhala,-395.3516845703125,85.17082214355469,91.01073455810547,60.32415008544922,14.563369750976562,48.7558708190918,39.119354248046875,54.49735641479492,-24.05309295654297,34.999114990234375,-45.703468322753906,40.350093841552734,-33.863525390625,23.633628845214844,-29.6044921875,25.061973571777344,-24.009305953979492,19.474336624145508,-12.87199878692627,17.308908462524414,-11.073436737060547,16.34026527404785,-9.12427806854248,13.597821235656738,-4.887580394744873,14.664182662963867,-13.743182182312012,13.07131576538086,-0.8916704058647156,11.189746856689453,-1.6365315914154053,12.170063972473145,-12.03968334197998,12.104188919067383,-10.388795852661133,9.833131790161133,-14.275774955749512,7.577032566070557,-5.352030277252197,9.895286560058594,-7.552828311920166,7.0425028800964355,-6.181486129760742,8.361380577087402,-5.154835224151611,12.904478073120117,2.7317283153533936,15.901978492736816,10.332240104675293,16.367969512939453,9.34438419342041,17.30428695678711,14.18785572052002,18.760236740112305,10.059408187866211,15.76785659790039,8.04209041595459,13.920995712280273,9.736418724060059,12.931614875793457,5.3832316398620605,13.409651756286621,8.68482780456543,13.214990615844727,2.498195171356201,10.740402221679688,-0.8889667987823486,8.881811141967773,-0.8592302203178406,8.647409439086914,-1.5875039100646973,6.042107105255127,-3.451007604598999,8.93452262878418,-3.661709785461426,7.582753658294678,-4.95101261138916,7.1518707275390625,-4.171172618865967,6.525380611419678,230.67093938205414,26.32377638360114,0.0445418506860733,0.03869433328509331,0.09902759308510638,1291.3461421120855,1.010752688172043,6.9420286581706865,-0.05602650344371796,-0.0009409622215058868,0.0,1.0,0.0,6.0,0.0,0.0, ac δ樹ua' ndtip Misyare Pekne soni
call100.ogg,Medium,singlish,-349.4603271484375,78.46996307373047,99.29534149169922,68.19127655029297,19.748638153076172,53.3899040222168,52.02459716796875,57.85452651977539,-25.60588264465332,25.810997009277344,-44.80438232421875,44.889591217041016,-21.275802612304688,22.384977340698242,-16.139047622680664,19.221487045288086,-14.796843528747559,16.448122024536133,-9.66603946685791,17.618892669677734,-5.478824615478516,18.00381088256836,-0.4367942810058594,11.261367797851562,-1.024280309677124,14.077122688293457,-11.404098510742188,15.564386367797852,1.3764322996139526,10.263659477233887,-4.349418640136719,11.419805526733398,-14.482011795043945,13.125895500183105,-9.414713859558105,11.872214317321777,-11.797932624816895,9.398442268371582,-1.7361575365066528,10.026402473449707,-10.46906852722168,9.06043815612793,-0.9170538187026978,11.399874687194824,-2.9160308837890625,14.29602336883545,4.6595139503479,13.787991523742676,10.591418266296387,16.428041458129883,7.384041786193848,17.672452926635742,10.440783500671387,14.630218505859375,6.716264724731445,12.26462459564209,6.954922199249268,15.220230102539062,6.050078392028809,14.039874076843262,-0.8817175030708313,14.717055320739746,2.7962307929992676,13.30716609954834,-0.14320507645606995,11.84477424621582,-1.7520400285720825,11.067758560180664,-2.2921504974365234,8.58108139038086,-4.135447025299072,10.546719551086426,-4.269057273864746,7.044102668762207,-3.07100510597229,6.826977252960205,-4.78026008605957,8.077003479003906,-6.080276966094971,5.476052761077881,227.91687658642553,23.108814031915703,0.05565657466650009,0.03971154987812042,0.10749073517628205,1333.2358944040343,1.0,7.633137750205462,-0.05433722957968712,-0.0011403717735854362,-0.02597402597402587,0.9523809523809523,0.0,3.8095238095238093,0.0,0.0, அப்பத்தது செگ்னல் அப்படு வாங்கத்துவிடு
call112.ogg,Medium,sinhala,-503.5238037109375,125.37144470214844,72.12293243408203,66.40633392333984,10.957479476928711,47.200504302978516,4.860798358917236,52.05085372924805,-2.7618324756622314,23.82920265197754,-27.742084503173828,39.824485778808594,-11.196468353271484,28.9729061126709,-8.085196495056152,17.92793083190918,-9.509629249572754,23.358970642089844,-8.591963768005371,19.041711807250977,-7.972813606262207,15.494872093200684,-10.059070587158203,16.197399139404297,-11.489315032958984,14.38336181640625,-2.8692033290863037,13.515259742736816,-11.216290473937988,14.578776359558105,-4.416686534881592,10.26231861114502,-11.328493118286133,11.003973960876465,-4.5532145500183105,10.16930103302002,-8.301825523376465,11.774592399597168,-3.596770763397217,10.541029930114746,-8.522968292236328,11.228325843811035,-4.840199947357178,10.01302719116211,-5.096634864807129,10.273920059204102,-2.1585423946380615,12.032504081726074,2.145777463912964,14.286187171936035,9.794175148010254,15.891657829284668,13.488383293151855,15.478059768676758,10.932612419128418,15.216813087463379,7.419844627380371,12.18826675415039,4.479745864868164,12.507762908935547,2.636183023452759,9.945905685424805,2.3335800170898438,8.0509614944458,0.7109297513961792,8.068777084350586,-2.115321159362793,7.118201732635498,-1.3247134685516357,6.818697452545166,-2.474809169769287,5.3223066329956055,-1.800734519958496,6.023829936981201,-2.342787981033325,6.701146602630615,-3.051107406616211,5.4338459968566895,-1.730219841003418,5.232914447784424,233.3057430846168,32.195307242891914,0.019119825214147568,0.017553018406033516,0.14715941820276499,1625.793862051451,0.7870370370370371,10.668062093856118,0.011322364211082458,7.489403151923487e-05,0.01851851851851849,1.0,0.0,5.0,0.0,0.0, Criji� fishes are ― K題
call113.ogg,High,sinhala,-485.78948974609375,117.30125427246094,83.65113067626953,63.215858459472656,0.7855581045150757,48.3832893371582,-9.111956596374512,61.39141082763672,-21.980833053588867,30.26689338684082,-23.005922317504883,26.94441795349121,-11.519349098205566,28.45645523071289,-13.57197380065918,23.96255874633789,-4.255669116973877,25.115751266479492,0.9759220480918884,22.508726119995117,-1.0065619945526123,14.95115852355957,-14.014145851135254,16.763368606567383,-7.815295696258545,16.744205474853516,-3.386795997619629,11.620414733886719,-7.552001953125,12.922996520996094,-6.905198574066162,13.708312034606934,-10.806268692016602,12.48505973815918,-6.633894920349121,11.67764949798584,-7.552639007568359,11.118753433227539,-3.7615692615509033,10.759326934814453,-12.125557899475098,10.808989524841309,-7.493098258972168,10.143311500549316,-1.6682102680206299,12.144536018371582,-1.1638939380645752,13.567626953125,5.619720458984375,15.750041961669922,10.235093116760254,16.089359283447266,11.589339256286621,15.843981742858887,12.0978422164917,15.848091125488281,6.857976913452148,13.37092399597168,3.891526937484741,12.619438171386719,1.4141560792922974,10.973767280578613,0.4429255723953247,8.913939476013184,2.0219876766204834,8.66285514831543,0.6682689785957336,8.494206428527832,-0.1915486752986908,6.79017448425293,-0.7131062746047974,6.8166961669921875,-2.4373838901519775,5.956189155578613,-3.1054842472076416,6.601253986358643,-2.3840222358703613,5.8789381980896,-2.800679922103882,5.555676460266113,236.13562044890568,37.610127675988586,0.022501999512314796,0.020074985921382904,0.09976923932384342,1373.1764762718756,0.7857142857142857,11.427324328453345,-0.0032331254333257675,-2.1607519254127965e-05,-0.27142857142857135,0.0,0.0,0.0,0.0,0.0," ھانی داؤگران, اپیگی درگا ہمتری باویلہ لیپینی باپنے پر ناونا گرے پاہرے پاہ ناونا گرے پاہرے, ابھی پاستنی کینگا داؤگران"
call114.ogg,Medium,sinhala,-462.4990234375,113.38611602783203,83.31676483154297,67.7399673461914,12.967300415039062,40.80414962768555,-19.2352294921875,58.56966018676758,-19.5097599029541,33.669822692871094,-20.216524124145508,31.876724243164062,-14.5454683303833,24.568117141723633,-18.091794967651367,22.83981704711914,5.460813522338867,24.223325729370117,-6.126365661621094,16.712684631347656,-6.0220417976379395,15.827896118164062,-7.1109843254089355,16.552410125732422,-10.593282699584961,16.111989974975586,-2.5572853088378906,10.84187126159668,-12.8781156539917,14.922795295715332,-5.5355224609375,12.510433197021484,-8.735681533813477,10.383048057556152,-4.133864879608154,7.523407459259033,-11.971285820007324,10.195808410644531,-4.067469596862793,9.27315616607666,-8.42650318145752,8.99919605255127,-5.856403350830078,7.593049049377441,-6.836496829986572,8.999149322509766,-5.385488033294678,10.6480073928833,-0.13989323377609253,13.43397331237793,3.129438877105713,15.53308391571045,9.993059158325195,16.440826416015625,14.344877243041992,16.626657485961914,12.138909339904785,14.733227729797363,8.457744598388672,15.606060028076172,6.039744853973389,14.885296821594238,3.0719761848449707,11.528936386108398,2.2034316062927246,9.02358341217041,0.9925795793533325,7.252565383911133,-1.2722229957580566,7.887415409088135,-1.322547435760498,7.030517101287842,-1.3496040105819702,6.110462188720703,-1.2496647834777832,5.232876777648926,-2.632669448852539,6.237857818603516,-1.797401785850525,5.315752983093262,218.66523313823222,18.464557175023288,0.026165951043367386,0.023425690829753876,0.1677622767857143,1815.0125254201544,0.7816091954022989,6.351907226694249,0.0015574842691421509,4.072225613704397e-05,0.09195402298850575,0.0,0.0,0.0,0.0,0.0,
call120.ogg,High,singlish,-562.9310913085938,94.95270538330078,96.81373596191406,78.70220184326172,21.86747169494629,48.569610595703125,-7.23566198348999,64.78923034667969,-25.814476013183594,35.189186096191406,-33.53881072998047,43.26789474487305,-20.328815460205078,26.190217971801758,-25.56014633178711,25.041913986206055,-14.804235458374023,28.472272872924805,-13.801566123962402,19.35324478149414,-16.72649574279785,16.436038970947266,-12.582178115844727,15.328351974487305,-12.403668403625488,15.593591690063477,-10.762444496154785,13.241253852844238,-7.2060041427612305,12.080772399902344,-7.561786651611328,12.977651596069336,-8.166192054748535,12.397314071655273,-2.030651569366455,13.83452033996582,-1.7750706672668457,12.682197570800781,1.6277377605438232,13.222373962402344,2.696199893951416,14.69369125366211,2.34747576713562,12.984227180480957,5.238780498504639,13.151225090026855,3.729931592941284,12.237318992614746,0.8486595153808594,10.43135929107666,2.8708791732788086,10.2047119140625,1.8817368745803833,11.26757526397705,4.7705078125,11.033912658691406,6.789498805999756,11.518871307373047,6.056930065155029,12.025734901428223,4.0540056228637695,12.049193382263184,2.7480056285858154,11.696271896362305,2.0374293327331543,10.82587718963623,0.8453006744384766,8.10711669921875,-0.7853138446807861,6.904387950897217,-0.9506055116653442,6.593887805938721,-1.3654471635818481,6.094644069671631,0.0715903714299202,5.958387851715088,-0.959819495677948,5.891388893127441,-0.9628323316574097,5.216829299926758,263.0696491364601,55.0380483076184,0.010940734297037125,0.009564065374433994,0.14594884072580644,1611.2919615276023,0.7378640776699029,11.839146973662087,0.007174964528530836,3.290599512313149e-05,-0.2071197411003236,1.0,0.0,16.0,0.0,0.0, Kadambu measurement gourdrock n Broken 2025 Kichernengefi kattiana na Minusumirna ngatira insa idolana Smok Cover gebenuan
call121.ogg,Medium,singlish,-514.5278930664062,114.13804626464844,81.297607421875,61.318870544433594,17.338272094726562,42.43533706665039,-6.9463958740234375,55.86301040649414,-32.633216857910156,33.58182907104492,-29.04776954650879,37.071807861328125,-13.883243560791016,24.115638732910156,-25.90263557434082,24.58084487915039,-14.443913459777832,22.10595703125,-12.14953899383545,17.000762939453125,-12.76060962677002,17.08384132385254,-12.584904670715332,18.47590446472168,-8.718647956848145,15.203986167907715,-8.73591136932373,11.543291091918945,-6.096883773803711,12.501019477844238,-5.785181045532227,12.468420028686523,-7.380313396453857,12.530013084411621,-3.0316760540008545,12.728128433227539,-5.479884624481201,11.501459121704102,0.2621196210384369,13.467321395874023,2.4326536655426025,13.805005073547363,1.6393353939056396,14.793608665466309,5.121117115020752,11.33269214630127,5.784704685211182,11.509364128112793,2.395508050918579,13.66303825378418,6.615431308746338,13.159201622009277,5.8437628746032715,13.2275390625,6.695272445678711,11.264606475830078,4.561375141143799,11.99863338470459,2.181771755218506,12.322124481201172,0.7552520036697388,10.259085655212402,-0.44005247950553894,7.889658451080322,-0.36613979935646057,6.62705135345459,-1.970261573791504,5.639187812805176,-1.6095036268234253,5.706043243408203,-1.1926802396774292,5.223730564117432,-1.138391137123108,5.656016826629639,-0.9112796783447266,5.915193557739258,-1.3286052942276,5.8726091384887695,0.1814391314983368,5.377062797546387,265.8299186301663,51.59385807918052,0.015960752964019775,0.015171308070421219,0.11710447811599424,1504.819571955957,0.7861271676300579,13.868247534977506,0.00683406088501215,3.5098033088178995e-05,0.09248554913294804,1.0,0.0,4.0,0.0,0.0, Fin of India abbara
call122.ogg,High,singlish,-524.9354858398438,118.825439453125,91.80545806884766,67.28111267089844,18.869441986083984,54.850399017333984,-3.4364089965820312,56.66557693481445,-35.079410552978516,36.705814361572266,-36.672523498535156,39.68960189819336,-22.285463333129883,27.824298858642578,-23.8431339263916,25.516155242919922,-7.891056537628174,20.842430114746094,-16.291015625,20.591232299804688,-15.143111228942871,17.695667266845703,-10.583898544311523,19.041948318481445,-10.688348770141602,17.218727111816406,-11.379070281982422,10.314790725708008,-7.038368225097656,10.821602821350098,-9.929996490478516,12.37498950958252,-7.342995643615723,11.331624984741211,-3.2953662872314453,13.180927276611328,-4.824793815612793,14.478737831115723,1.0131704807281494,16.580955505371094,3.89485764503479,15.842236518859863,2.130366802215576,14.756460189819336,7.050184726715088,13.407085418701172,8.363786697387695,13.313751220703125,6.870123386383057,12.729639053344727,10.661928176879883,13.44312858581543,5.078205108642578,12.249541282653809,4.658195495605469,13.935219764709473,2.423567295074463,10.680459022521973,0.4098854064941406,7.905035018920898,-0.979353666305542,7.73801851272583,-1.1642327308654785,7.460886478424072,-2.8974180221557617,7.283614635467529,-1.6178725957870483,5.981056213378906,-1.4073307514190674,6.793411731719971,-1.1776401996612549,6.065433502197266,-1.5154820680618286,7.616685390472412,-0.37291422486305237,8.536049842834473,-2.267139196395874,7.4525837898254395,-0.7312666177749634,5.772762298583984,268.2078348082233,41.383184234480765,0.016351288184523582,0.011668102815747261,0.13421607652091255,1531.585157427159,0.8664122137404581,11.723131125702242,-0.0003766026347875595,-3.5267935853001103e-06,0.08396946564885488,1.0,0.0,9.0,0.0,0.0, Kandi kavam BÜNDNISpoum Hatze grate 這個 Broad supporter Abdul
call123.ogg,High,singlish,-515.7578125,103.52751159667969,95.59478759765625,68.00048065185547,13.151701927185059,53.299312591552734,-8.307716369628906,48.61505126953125,-36.20210647583008,37.86973190307617,-32.175689697265625,43.65325927734375,-19.540802001953125,29.93702507019043,-25.873184204101562,22.657682418823242,-7.682774543762207,24.497394561767578,-17.54485321044922,20.14433479309082,-16.4009952545166,16.725217819213867,-16.369029998779297,16.168651580810547,-12.666362762451172,15.607751846313477,-15.20461654663086,14.069805145263672,-8.062694549560547,12.396196365356445,-8.017903327941895,10.522759437561035,-4.3889265060424805,13.683611869812012,-0.8498935699462891,13.953600883483887,0.8248865604400635,15.179631233215332,3.5796685218811035,17.430255889892578,7.691408157348633,17.208404541015625,5.401806831359863,16.0312557220459,7.905393123626709,14.478594779968262,8.546321868896484,14.518461227416992,4.488100528717041,13.955904960632324,7.017770290374756,12.017801284790039,2.1236376762390137,13.344614028930664,3.2249467372894287,11.532118797302246,-0.0024405180010944605,11.071572303771973,-0.16678202152252197,11.386205673217773,-0.5607336163520813,9.400609016418457,-1.4833099842071533,8.874794960021973,-2.4615650177001953,8.958855628967285,-1.7644270658493042,7.95476770401001,-1.6768968105316162,6.337320804595947,-1.1366609334945679,7.121912002563477,-2.308011770248413,6.506152629852295,0.06776012480258942,7.65805196762085,0.000864603731315583,6.155123233795166,0.8732672929763794,6.449597358703613,280.3738123921425,46.397793541495375,0.01725991815328598,0.013100609183311462,0.1206974395333904,1479.4264448616655,0.8247422680412371,11.808107448565588,0.003724426031112671,1.7663033791713501e-06,-0.26116838487972516,1.0,0.0,20.0,0.17647058823529413,-0.05, keli last longer one with the milk is The minimum is at about due to gespannt about prices dollar pain
call124.ogg,High,singlish,-517.9758911132812,105.3953628540039,93.7275390625,76.40276336669922,12.69937801361084,47.44118881225586,-9.067693710327148,65.57120513916016,-37.78197479248047,33.63428497314453,-23.22475814819336,39.42215347290039,-25.708389282226562,26.814178466796875,-22.95111083984375,22.445466995239258,-7.315117835998535,25.635292053222656,-14.59130573272705,18.985231399536133,-15.91385555267334,17.68893814086914,-10.302672386169434,14.338890075683594,-12.119915008544922,15.72749137878418,-9.934789657592773,10.070555686950684,-9.48669147491455,9.610960006713867,-8.972400665283203,9.793712615966797,-6.186483383178711,13.206985473632812,-3.2435004711151123,12.239630699157715,-5.265087127685547,13.34774398803711,-2.0088601112365723,13.392631530761719,0.9886202812194824,13.015046119689941,1.936619520187378,13.894410133361816,6.638539791107178,15.140059471130371,9.989012718200684,14.746685981750488,8.2594633102417,14.172967910766602,9.468170166015625,15.102852821350098,5.158015251159668,13.928619384765625,5.182720184326172,12.496756553649902,3.0053975582122803,12.502809524536133,1.2491697072982788,10.849847793579102,1.1881276369094849,9.21826171875,-0.5885162949562073,9.188923835754395,-0.45674553513526917,8.644624710083008,-0.4437369406223297,7.3305182456970215,0.006161369848996401,7.529664516448975,-1.2283823490142822,6.735251426696777,-2.794959783554077,6.638827800750732,-2.398930311203003,6.270045757293701,-2.2565438747406006,6.511321067810059,-1.6516791582107544,6.3540778160095215,260.76025304927686,42.58065976705595,0.016486195847392082,0.012380795553326607,0.11230321233006042,1421.9758742794077,0.8272727272727273,11.4404959989238,-0.009407103061676025,-4.17737091635354e-05,-0.09090909090909083,1.0,0.0,11.0,0.0,0.0, hilaanbu og houono wali danu kuhidini ki u tun ni alkiah
call125.ogg,High,tamil,-346.1669616699219,154.65174865722656,21.828283309936523,73.68186950683594,9.078686714172363,85.9114990234375,13.803770065307617,44.02084732055664,-44.371883392333984,40.33228302001953,-10.731770515441895,19.961326599121094,-35.25869369506836,16.12391471862793,-29.76543617248535,26.2447452545166,-19.335891723632812,12.285564422607422,-13.02489185333252,16.156723022460938,-20.959169387817383,10.009361267089844,-4.968543529510498,15.612794876098633,-15.945318222045898,12.15819263458252,-7.064441680908203,13.049417495727539,-8.924654006958008,12.118758201599121,-8.59814167022705,9.128519058227539,-14.350488662719727,10.010053634643555,5.587541103363037,15.895312309265137,-6.309546947479248,20.530378341674805,9.585845947265625,20.954357147216797,5.574447154998779,20.441011428833008,9.724284172058105,19.040292739868164,3.4833781719207764,16.86931800842285,7.322861671447754,16.630725860595703,12.953709602355957,13.984883308410645,6.997742652893066,13.787092208862305,7.270564556121826,16.181720733642578,1.4818494319915771,13.527484893798828,1.6102436780929565,11.649667739868164,0.5197572708129883,11.114423751831055,-1.4473357200622559,10.581092834472656,-3.2528131008148193,9.095048904418945,-1.6821081638336182,7.697668075561523,-5.662426948547363,8.490887641906738,-1.7559762001037598,7.1056809425354,-1.401949167251587,7.667943954467773,-0.5006362795829773,13.84024715423584,-1.5388693809509277,9.974053382873535,1.4025001525878906,7.394139766693115,-1.412947177886963,7.807018280029297,274.1654359704105,38.84957198185274,0.06179516762495041,0.05351266637444496,0.14809194711538462,2098.1959206179736,0.984375,9.206844422272908,-0.09958931058645248,-0.0022445710882881566,0.09375,1.0,0.0,7.0,0.0,0.0, वेली है यारा मूदि ए विली हैं
call126.ogg,High,tamil,-343.98724365234375,140.69248962402344,37.194679260253906,72.56295776367188,-2.563673496246338,50.72690200805664,12.064393997192383,36.40819549560547,-43.74142837524414,49.54058074951172,-9.122099876403809,27.32472038269043,-38.86058807373047,23.885787963867188,-24.572669982910156,32.418785095214844,-15.208495140075684,17.409530639648438,-15.135356903076172,16.727535247802734,-13.378890991210938,14.614435195922852,-6.044100284576416,13.728337287902832,-27.66862678527832,15.385968208312988,-3.5741000175476074,13.431631088256836,-10.194479942321777,14.905972480773926,-12.824356079101562,10.91049575805664,9.918941497802734,19.341039657592773,13.752981185913086,16.293550491333008,14.793288230895996,25.000045776367188,15.356827735900879,19.73476219177246,10.311844825744629,20.097410202026367,5.163296222686768,17.396961212158203,10.36347770690918,21.496397018432617,1.9601320028305054,18.99795150756836,5.705260753631592,19.501115798950195,-5.666434288024902,11.517633438110352,-5.759248733520508,10.319750785827637,-2.4806087017059326,10.230395317077637,-5.274411678314209,8.328550338745117,-1.7733527421951294,10.617362976074219,-5.330726623535156,10.844354629516602,-3.694650411605835,9.43007755279541,-4.583878040313721,7.560466766357422,-1.7879136800765991,7.006622314453125,-1.3555868864059448,9.200770378112793,0.9894979000091553,10.494274139404297,-0.7140884399414062,11.352046012878418,1.564932107925415,11.817410469055176,2.7648191452026367,8.375707626342773,-0.6855275630950928,7.0137200355529785,319.4511876229008,38.5186646563402,0.05497078225016594,0.042577896267175674,0.15532038762019232,2021.9751121542986,1.0,11.675531600170029,-0.056558482348918915,-0.0017938145714260394,0.039215686274509776,1.0,0.0,1.0,0.0,0.0, Bye
call127.ogg,High,tamil,-350.5372009277344,127.85983276367188,40.11858367919922,78.62826538085938,-21.14063835144043,55.20448303222656,-12.817170143127441,48.925262451171875,-39.52308654785156,43.48868942260742,-27.928133010864258,35.13517761230469,-22.793682098388672,25.284929275512695,-11.487478256225586,25.257457733154297,-9.40464973449707,15.96296501159668,-5.023030757904053,19.439599990844727,-17.672868728637695,22.572607040405273,4.364837646484375,15.75934886932373,-17.780853271484375,16.775819778442383,-8.676305770874023,13.274776458740234,-10.81378173828125,15.929643630981445,7.87822151184082,17.400129318237305,0.5741338133811951,18.060068130493164,16.540653228759766,22.126081466674805,3.5079643726348877,22.553062438964844,3.5188353061676025,14.501789093017578,1.6501266956329346,19.985864639282227,8.80261516571045,14.826007843017578,13.595000267028809,21.070465087890625,6.988591194152832,16.708890914916992,1.995958924293518,13.28267765045166,-4.383831977844238,14.945164680480957,-1.8144174814224243,9.269200325012207,-1.2301629781723022,9.086370468139648,-3.352642297744751,10.032297134399414,-10.269526481628418,9.491161346435547,-7.489171504974365,9.804000854492188,-2.9673633575439453,7.695454120635986,-1.5540661811828613,7.672402858734131,-0.24723798036575317,8.344202995300293,4.798941612243652,11.723319053649902,1.488895058631897,11.771747589111328,-2.7555460929870605,10.22910213470459,-2.975344181060791,9.542454719543457,-0.3660084903240204,7.64630126953125,-3.2010796070098877,8.36351203918457,324.04352749502243,40.461359636371895,0.07168892025947571,0.07096000015735626,0.15380031779661016,1853.9208813607481,0.9310344827586207,15.911634228978828,-0.11036261171102524,-0.002659010360911831,0.206896551724138,1.0,0.0,3.0,0.0,0.0, Oralarıile gir disasters.
call128.ogg,High,tamil,-358.1075744628906,123.37619018554688,34.83009719848633,70.43213653564453,6.813769817352295,48.93742752075195,16.82331085205078,31.16577911376953,-42.817874908447266,49.749488830566406,-17.642114639282227,20.899330139160156,-39.37051773071289,33.240089416503906,-15.544415473937988,28.649250030517578,-17.276634216308594,18.532690048217773,-12.172776222229004,18.280452728271484,-24.51502799987793,13.012523651123047,-0.13625556230545044,14.995903968811035,-18.135047912597656,14.003524780273438,-5.492143630981445,13.868240356445312,-6.663331985473633,15.475481033325195,-11.964308738708496,15.852188110351562,11.078283309936523,22.815937042236328,5.193117618560791,19.157136917114258,9.099971771240234,27.7553653717041,9.24700927734375,16.9549560546875,2.0458710193634033,21.1513614654541,7.455446720123291,24.187253952026367,14.631368637084961,20.308252334594727,2.3465099334716797,16.73065185546875,3.464949369430542,14.827392578125,-3.9905898571014404,17.041229248046875,-6.207571506500244,11.354923248291016,3.3603649139404297,13.081929206848145,-1.173797845840454,12.427481651306152,-8.704631805419922,10.104687690734863,-11.068214416503906,9.076268196105957,-7.042862415313721,9.195347785949707,-1.1339622735977173,10.216351509094238,-1.9784067869186401,5.6286749839782715,-5.063776016235352,12.278890609741211,3.3577499389648438,13.3074369430542,-0.2621128559112549,12.417366981506348,-5.427371978759766,9.19766902923584,-5.672474384307861,9.176793098449707,-1.6679296493530273,8.682544708251953,311.144575636139,47.13486495806666,0.048891741782426834,0.03140173852443695,0.15894272748161764,2172.3391107603775,1.0149253731343284,10.93952253647124,0.018703032284975052,0.00023149813695808887,0.0,1.0,0.0,1.0,0.0,0.0, disproportionate
call129.ogg,High,tamil,-267.9788818359375,117.52906036376953,24.171329498291016,43.92673873901367,8.594178199768066,85.0488510131836,13.365323066711426,50.18111801147461,-51.97148895263672,38.29437255859375,-31.96861457824707,29.239755630493164,-36.725547790527344,24.435222625732422,-6.828516960144043,33.8144416809082,-22.138843536376953,15.414669036865234,-9.012849807739258,17.891342163085938,-16.19769287109375,18.868162155151367,-3.4465324878692627,12.794763565063477,-11.418396949768066,17.6060733795166,-3.1210849285125732,12.440764427185059,-9.5283842086792,14.133398056030273,4.369913101196289,8.120323181152344,3.1294355392456055,21.789819717407227,10.248071670532227,19.425886154174805,9.713749885559082,24.61585807800293,3.696500301361084,14.318856239318848,-0.763350248336792,16.132280349731445,8.344542503356934,19.389860153198242,7.618578910827637,16.106477737426758,7.741199016571045,11.183939933776855,1.0280303955078125,12.51434326171875,-9.700774192810059,10.094099998474121,-4.484235763549805,9.234375953674316,-3.858339786529541,7.800536632537842,-1.4636821746826172,10.290438652038574,-2.5533287525177,7.813395023345947,-8.447477340698242,8.482281684875488,-1.5624805688858032,8.229893684387207,-3.2291924953460693,7.606739044189453,0.6393761038780212,5.5066118240356445,-2.3848350048065186,7.854729652404785,1.3901089429855347,12.885051727294922,-0.7770346999168396,12.52724838256836,-7.110121250152588,8.966224670410156,-2.860874891281128,5.405513286590576,-3.3155741691589355,10.514371871948242,331.9473230658166,47.1965920481559,0.10242978483438492,0.07887319475412369,0.15001662234042554,2046.5578800894164,0.9130434782608695,18.961902033694873,-0.162674218416214,-0.004529464941977541,0.0,0.5294117647058824,0.0,2.1176470588235294,0.0,0.0, Idوا آپ செرنیگ Schwar
call135.ogg,Medium,tanglish,-455.6583251953125,95.01868438720703,91.5523452758789,68.36561584472656,22.185283660888672,68.76276397705078,30.443641662597656,66.27501678466797,-22.809814453125,42.60078048706055,-1.9394571781158447,35.917686462402344,-19.57712173461914,28.89337921142578,-29.033111572265625,23.836589813232422,-11.001730918884277,19.7786922454834,-25.416677474975586,23.53607749938965,-18.65900421142578,17.949188232421875,-7.675572872161865,16.579967498779297,1.064795732498169,14.291187286376953,-13.1648530960083,13.921182632446289,-14.142794609069824,11.96265983581543,-3.6615617275238037,11.842381477355957,-14.371650695800781,10.243401527404785,-12.994187355041504,11.104063987731934,-7.0023088455200195,10.739123344421387,-12.143498420715332,11.838053703308105,-4.596048355102539,12.715253829956055,-0.11783472448587418,12.90644359588623,-3.899193048477173,14.652156829833984,5.499462127685547,17.040281295776367,4.105234146118164,16.097963333129883,8.725749015808105,16.645530700683594,8.256891250610352,14.188508033752441,3.1914756298065186,16.6606502532959,3.059096574783325,12.756606101989746,6.900851249694824,12.452528953552246,0.37514546513557434,14.13105583190918,5.285035610198975,13.766772270202637,-0.5572709441184998,13.812459945678711,-2.648791551589966,9.842308044433594,-2.8505301475524902,9.045995712280273,-3.5338733196258545,9.020967483520508,-2.2713963985443115,8.10417366027832,-1.0441782474517822,7.54067850112915,-2.1115100383758545,6.663556098937988,-2.7486491203308105,5.395637035369873,233.31888566698674,34.39306252022194,0.026092354208230972,0.011316577903926373,0.11974283854166666,1485.544408188906,0.9328859060402684,7.09175416899467,-0.0009045898914337158,-2.2815729373978038e-05,0.14765100671140952,1.0,0.0,13.0,0.08333333333333333,0.0, ஆக் கண்டும் நீ வாக வாச்சாய்தில்லையே என்று சமூக்கும் இருகிறது. ஆனால் தெரியாது பயர்தானான் என்று தெரியவில்லை.
call136.ogg,Low,tanglish,-463.4658203125,101.13054656982422,118.25932312011719,63.004249572753906,9.401179313659668,52.87983322143555,21.187606811523438,71.68575286865234,-6.624327659606934,42.378482818603516,-3.2589614391326904,38.39210510253906,-28.564321517944336,30.896881103515625,-29.441829681396484,30.30965232849121,-13.470649719238281,20.21966552734375,-21.106801986694336,24.215330123901367,-18.55133819580078,19.442790985107422,-12.668802261352539,15.684407234191895,-0.15754267573356628,14.190951347351074,-10.230827331542969,13.804853439331055,-17.209362030029297,11.941762924194336,-8.486215591430664,13.329380989074707,-10.460458755493164,13.453750610351562,-10.937394142150879,13.454193115234375,-4.143270969390869,13.768126487731934,-1.3177953958511353,17.30401039123535,-1.2214616537094116,13.190163612365723,1.8106954097747803,18.516183853149414,0.7739134430885315,17.915111541748047,0.10083989799022675,13.08972454071045,-1.2422837018966675,16.20185661315918,3.7636303901672363,11.79539680480957,-0.9767226576805115,14.204631805419922,2.305967330932617,15.121511459350586,7.129703998565674,13.643245697021484,1.834708571434021,13.695956230163574,3.46098256111145,13.611723899841309,-0.8955984115600586,15.750279426574707,-1.8066247701644897,11.092265129089355,-1.3966559171676636,10.619251251220703,-3.9597890377044678,10.034808158874512,-5.039677143096924,9.241317749023438,-2.2148241996765137,8.643376350402832,-0.9003171920776367,7.51608419418335,-3.2345130443573,8.025873184204102,-2.6390671730041504,8.012423515319824,245.94974040617677,46.616092084031564,0.030065881088376045,0.01543156336992979,0.0930643284574468,1130.155862340609,0.9642857142857143,10.280786488063493,-0.00868535041809082,-8.071770640984401e-05,0.09999999999999998,0.9622641509433962,0.0,13.471698113207548,0.0,0.0, I've already told you because it's a problem I will come and go Обar.
call137.ogg,Low,tanglish,-447.39239501953125,88.06189727783203,83.67520141601562,64.57990264892578,17.614702224731445,51.8939094543457,35.339271545410156,50.4848747253418,-11.515335083007812,39.543460845947266,-11.827113151550293,29.242761611938477,-19.780282974243164,22.3017635345459,-24.85258674621582,20.95882225036621,-15.68264389038086,22.882654190063477,-24.25448989868164,17.317996978759766,-20.651927947998047,16.798826217651367,-2.1680221557617188,11.62762451171875,-0.10880281776189804,12.475049018859863,-10.561774253845215,9.8973388671875,-8.866022109985352,13.931441307067871,-6.357938766479492,11.78719711303711,-12.556485176086426,11.843928337097168,-8.02775764465332,14.839593887329102,-2.1712582111358643,12.084399223327637,-7.941742897033691,16.535541534423828,-1.2048547267913818,15.243875503540039,-0.415702760219574,14.885519027709961,-5.760140895843506,12.779876708984375,0.1611340045928955,15.726932525634766,1.715841293334961,15.944059371948242,3.937373161315918,14.205910682678223,4.677922248840332,13.429529190063477,2.2452797889709473,14.545104026794434,2.7079339027404785,14.241226196289062,5.331923007965088,10.65230655670166,-1.1325955390930176,12.290918350219727,1.5380001068115234,13.060982704162598,-1.7708055973052979,12.32193374633789,-4.554419040679932,9.072205543518066,0.7516663074493408,9.497498512268066,-2.555698871612549,9.736340522766113,-1.1815364360809326,10.233037948608398,1.366067886352539,7.830960750579834,-1.7962188720703125,7.462337017059326,-1.8547769784927368,6.824200630187988,243.1636773162087,48.48492184366489,0.026776263490319252,0.01690831407904625,0.12334491680194805,1346.4571551038596,0.9803921568627451,7.821670453127808,0.0020616017282009125,-1.3351525502753678e-05,0.05228758169934633,1.0,0.0,8.0,0.0,0.0, அண்டிறையும் காストுரிஷ் ஊம்ளவாயாதிருக்கு வருகிறது ஆன்றில்லாம் சேர்பா வெளியை வந்ததான்
call138.ogg,Low,tanglish,-426.5073547363281,106.89755249023438,89.37459564208984,55.71910095214844,-1.4897302389144897,57.13904571533203,12.73886489868164,43.37782287597656,-8.604452133178711,34.699928283691406,-10.146273612976074,29.83181381225586,-27.090255737304688,23.04962158203125,-22.816770553588867,22.74175262451172,-12.617461204528809,22.68825340270996,-19.311450958251953,18.658559799194336,-21.711322784423828,16.11524200439453,-9.230354309082031,11.629329681396484,2.8975746631622314,14.906076431274414,-14.794036865234375,13.613812446594238,-11.880141258239746,11.047038078308105,-6.8615899085998535,9.135771751403809,-13.345264434814453,10.810921669006348,-8.915731430053711,9.433857917785645,-7.82781457901001,8.73205852508545,-7.204647064208984,10.231761932373047,-1.543327808380127,11.990615844726562,2.93038010597229,15.490181922912598,1.9950097799301147,16.311128616333008,5.227080345153809,15.223173141479492,8.21682071685791,17.20582389831543,8.7871732711792,17.360029220581055,10.168201446533203,15.561392784118652,6.839540004730225,12.735645294189453,3.642561197280884,14.930537223815918,4.689023494720459,13.05247688293457,1.2023111581802368,12.919238090515137,1.7415266036987305,10.248397827148438,-5.238348960876465,9.134398460388184,-8.079649925231934,10.488205909729004,-2.7494847774505615,7.0321044921875,-4.759209632873535,8.481459617614746,-3.00774884223938,7.770649433135986,-6.177338123321533,7.085690498352051,-7.152575969696045,7.07018518447876,-2.522578239440918,5.560575485229492,245.65157812796272,31.05136273781601,0.029980072751641273,0.02537086233496666,0.11893472326807229,1394.0044164479152,0.9878787878787879,9.085655182175385,-0.01383228600025177,-0.00017304255490666105,-0.036363636363636376,1.0,1.0,13.0,0.18181818181818182,0.0," The Columbia apartment floor, floor, water, and the ride, but family members also."
call139.ogg,High,tamil,-448.4692077636719,120.80006408691406,98.10404205322266,46.98203659057617,0.388001948595047,45.67832565307617,24.66257667541504,52.7227897644043,-7.409590721130371,38.323272705078125,-12.45952320098877,27.341388702392578,-22.52448272705078,27.252939224243164,-21.928068161010742,19.64029884338379,-16.577468872070312,23.973743438720703,-27.461580276489258,24.43679428100586,-12.496217727661133,11.605998039245605,-4.084315776824951,16.055095672607422,1.0708274841308594,14.821983337402344,-13.767495155334473,12.586520195007324,-11.138535499572754,11.74516487121582,-5.0687479972839355,9.01898193359375,-13.971734046936035,12.193437576293945,-7.278103351593018,10.287317276000977,-10.082651138305664,10.284805297851562,-6.457736492156982,11.148571014404297,-0.5829631686210632,12.718467712402344,1.6953457593917847,14.22757625579834,2.9051244258880615,16.542491912841797,-0.26517602801322937,14.823467254638672,5.353756904602051,16.335765838623047,4.78517484664917,16.275463104248047,7.549932956695557,14.742948532104492,4.96377420425415,12.536703109741211,1.783661127090454,10.928030967712402,3.1853749752044678,11.349440574645996,-2.7795839309692383,9.990089416503906,-2.069997549057007,9.298456192016602,-0.6948009133338928,9.264507293701172,-2.6387460231781006,10.094320297241211,0.15984518826007843,8.800925254821777,-4.570027828216553,8.78711223602295,-3.7180700302124023,6.076677322387695,-3.6937317848205566,6.2437872886657715,-4.572086334228516,6.598983287811279,-1.7041231393814087,5.715570449829102,260.141440560036,45.76159158972677,0.02526235394179821,0.02126324735581875,0.07551362242879747,1073.5204732787802,0.9554140127388535,8.329783880539724,-0.011228654533624649,-0.0001385716199934084,0.05095541401273884,1.0,0.0,8.0,0.0,0.0, உங்கள் படிகட்டுக்கும் அருது கண்ணியில் எங்கள் குடுமம் பயந்து மேலனிக்கிறோம்.
call140.ogg,High,tanglish,-506.8018798828125,110.29779815673828,94.8276596069336,76.29639434814453,22.151159286499023,54.48171615600586,34.725616455078125,72.96505737304688,4.217102527618408,31.448585510253906,-2.1089603900909424,40.575496673583984,-14.801755905151367,31.10582160949707,-15.820630073547363,25.03670310974121,-20.126651763916016,29.641643524169922,-15.787285804748535,23.35702896118164,-21.89568519592285,20.1702823638916,-11.71369743347168,20.813051223754883,-10.954333305358887,16.41718292236328,-15.356703758239746,15.285053253173828,-6.550189971923828,13.934511184692383,-11.403794288635254,12.396599769592285,-14.39370059967041,12.382758140563965,-7.074299335479736,12.662209510803223,-11.658815383911133,10.280987739562988,-7.388622283935547,9.932121276855469,-2.0338122844696045,9.956181526184082,-3.0719451904296875,13.675834655761719,-4.845505714416504,10.247598648071289,2.928720235824585,11.405754089355469,-4.31146240234375,11.639632225036621,-2.7066099643707275,10.973610877990723,1.3741856813430786,11.966519355773926,-1.8679050207138062,12.662517547607422,3.913870334625244,10.593934059143066,3.6186962127685547,10.480940818786621,0.4990074932575226,9.984564781188965,1.3944063186645508,7.361840724945068,1.1309545040130615,8.949463844299316,1.6391444206237793,8.693495750427246,1.157618522644043,10.217984199523926,3.297518253326416,9.43454360961914,2.613614559173584,8.73935604095459,2.784519910812378,8.162764549255371,2.5600218772888184,7.833795547485352,0.6951392889022827,8.052842140197754,205.70439499612573,45.984275755370945,0.021833330392837524,0.014210108667612076,0.09575737847222222,1256.5957194040743,0.8757961783439491,11.00289195745049,0.0008162520825862885,-4.535703457298989e-06,-0.0573248407643312,0.0,0.0,0.0,0.0,0.0,
call141.ogg,High,tanglish,-461.6094970703125,115.2295150756836,93.96041107177734,85.08182525634766,7.637447357177734,63.996856689453125,11.422778129577637,64.50809478759766,-0.886522650718689,41.730892181396484,1.0158616304397583,37.313209533691406,-13.239312171936035,32.714752197265625,-12.679948806762695,22.779224395751953,-15.454347610473633,24.795995712280273,-14.051421165466309,20.41514778137207,-18.550586700439453,22.57648277282715,-10.936521530151367,18.405611038208008,-9.714776992797852,14.830513954162598,-15.54256534576416,12.788610458374023,-7.786284923553467,10.678251266479492,-8.799869537353516,10.2883939743042,-10.707653045654297,11.234273910522461,-8.766785621643066,10.337737083435059,-10.468267440795898,7.940901279449463,-7.612905025482178,8.680407524108887,-4.347074031829834,8.667363166809082,-4.707704067230225,9.512630462646484,-5.294943332672119,8.510452270507812,2.1897342205047607,9.973847389221191,-5.492537021636963,10.463658332824707,-5.372043132781982,9.903861999511719,-2.2195048332214355,10.546441078186035,-4.455777168273926,9.373702049255371,-0.5938274264335632,10.004730224609375,1.0098555088043213,8.94721508026123,0.28624430298805237,11.127708435058594,1.68728506565094,8.69586181640625,2.103099822998047,9.483060836791992,2.9812819957733154,9.02010440826416,2.3601138591766357,9.427973747253418,5.839379787445068,9.047138214111328,4.2918524742126465,10.197549819946289,3.2214434146881104,8.987990379333496,4.954625129699707,9.099184036254883,1.3030909299850464,7.713279724121094,196.70932538368402,42.142332719283985,0.02920406498014927,0.022656472399830818,0.12171585648148148,1306.7427126436417,0.7472118959107806,12.73263427241865,0.01255049742758274,8.006003958322144e-05,-0.2007434944237918,1.0,1.0,15.0,0.07142857142857142,0.0," Khalamboong, Nukikudu, World Place number one 31 apartment, Kaapakalya, Water Fulla, Nukikudu, Urchai, Keele, Chai."
call150.ogg,Medium,tamil,-499.0386047363281,111.85897827148438,93.17815399169922,70.43201446533203,33.11003112792969,50.39470291137695,25.538429260253906,66.50275421142578,5.597073078155518,28.834030151367188,-3.077399730682373,34.903053283691406,-18.446596145629883,26.647869110107422,-18.48406410217285,23.025564193725586,-20.098703384399414,38.39683151245117,-9.41038990020752,20.187931060791016,-12.7736177444458,14.831446647644043,-18.238649368286133,14.209450721740723,-3.661933183670044,15.25832748413086,-6.944830894470215,11.02021312713623,-8.189387321472168,12.466496467590332,-7.338675498962402,11.402565956115723,-7.886571407318115,10.722817420959473,-5.586974143981934,8.363029479980469,-6.917512893676758,9.293618202209473,-7.652845859527588,8.858537673950195,-8.919989585876465,9.886127471923828,-6.479902267456055,8.720064163208008,-6.528093338012695,7.2918877601623535,-6.4752197265625,8.217041969299316,-3.652674913406372,7.10875129699707,-3.622504234313965,6.131348609924316,-5.867450714111328,7.365792751312256,-2.960570812225342,8.151754379272461,-3.744047164916992,7.53831148147583,-4.5242438316345215,7.562873840332031,-3.2341248989105225,7.496107578277588,-4.1596293449401855,7.6505351066589355,-1.2699850797653198,8.36945629119873,-2.707371234893799,8.755973815917969,-0.5364480018615723,7.676318168640137,1.3859328031539917,9.382437705993652,1.574776291847229,9.018756866455078,5.0521464347839355,9.737387657165527,3.8398354053497314,9.445901870727539,6.049409866333008,10.634378433227539,163.3185951091955,28.761517474051036,0.02093278057873249,0.018841993063688278,0.09448353667237443,1215.6111834220692,0.7798165137614679,7.854362311791514,0.006300315260887146,4.227825675620725e-05,-0.1651376146788991,1.0,0.0,3.0,0.0,0.0, enable  enthalpy 1080Hm
call151.ogg,Low,tamil,-504.1753234863281,135.07615661621094,67.8214340209961,65.96685028076172,27.11676788330078,39.77125549316406,19.334684371948242,49.6381721496582,7.401914119720459,34.27342224121094,1.0104390382766724,23.967662811279297,-14.257293701171875,27.402664184570312,-14.24185562133789,21.920055389404297,-17.010778427124023,27.30776596069336,-10.273880958557129,20.740398406982422,-15.420110702514648,16.80305290222168,-15.936077117919922,19.33086585998535,-2.097590923309326,12.318855285644531,-8.65857982635498,10.108683586120605,-10.198204040527344,10.911781311035156,-5.003925800323486,9.811525344848633,-4.956979274749756,8.884417533874512,-5.235345363616943,7.610742568969727,-5.874466419219971,8.449719429016113,-3.850529670715332,9.47108268737793,-6.203786373138428,9.991023063659668,-7.595561504364014,8.84704875946045,-4.221603870391846,7.20305061340332,-5.156024932861328,7.8114333152771,-5.78148889541626,7.143986225128174,-2.8992066383361816,5.772559642791748,-4.450826644897461,7.3484392166137695,-5.246928691864014,7.290497303009033,-0.5529699325561523,7.101194381713867,-3.295011043548584,6.95173454284668,-1.2037365436553955,7.519407749176025,0.6347706317901611,7.297947883605957,-0.21323488652706146,7.535614013671875,2.4340078830718994,7.702957630157471,1.1320527791976929,7.958003520965576,2.6872828006744385,7.830417633056641,2.9960060119628906,8.21104621887207,4.6800432205200195,8.112152099609375,4.390923976898193,8.39993667602539,2.5808634757995605,8.151359558105469,172.63325370275456,36.75536544123893,0.022798536345362663,0.03206215798854828,0.08673502604166666,1301.3723484392985,0.5844596357564056,9.546734056062244,0.001978423446416855,1.9604753781768615e-05,0.033397693471794554,1.0,0.0,11.0,0.0,0.0, அளையிருந்த மலை இதரதே இல்லை இப்போம் வீட்டு வாசல் வரு தனிஷ் வருத்தியும் வந்திருக்கிறது
call152.ogg,Low,tamil,-486.0597229003906,109.72449493408203,92.80036163330078,64.46733093261719,33.644134521484375,43.50961685180664,21.500640869140625,58.15690612792969,5.3620123863220215,29.283723831176758,2.127202033996582,24.488399505615234,-21.26099395751953,30.896080017089844,-19.98439598083496,21.314599990844727,-21.940692901611328,30.92754364013672,-12.313812255859375,22.388227462768555,-18.350566864013672,19.214445114135742,-17.251611709594727,16.430282592773438,-5.321609020233154,16.63435935974121,-10.346077919006348,11.91384506225586,-11.849183082580566,12.741504669189453,-8.811067581176758,10.0154390335083,-5.1027631759643555,9.781697273254395,-7.438506603240967,9.893440246582031,-6.560413837432861,8.21500301361084,-5.397590637207031,9.611010551452637,-8.120494842529297,10.157995223999023,-8.0169038772583,7.569256782531738,-6.954806327819824,6.673422336578369,-3.837425708770752,7.37979793548584,-6.983168125152588,7.540416240692139,-3.733236312866211,6.416337013244629,-5.828101634979248,7.675966739654541,-5.666710376739502,9.047782897949219,-0.5529165267944336,7.761872291564941,-5.235466957092285,10.039833068847656,0.12995772063732147,8.800261497497559,-0.22551465034484863,9.621196746826172,1.3778170347213745,10.533709526062012,4.584189414978027,10.967026710510254,4.576657295227051,9.717171669006348,6.6476149559021,11.616497039794922,4.2074174880981445,9.710376739501953,5.396900177001953,9.186094284057617,3.48459529876709,7.627066135406494,2.4513018131256104,6.69153356552124,176.97669476157614,36.81630948826357,0.022890035063028336,0.022812148556113243,0.08797554347826086,1162.4004424176444,0.8253968253968254,9.391228506365334,0.010634619742631912,4.2086262711009315e-05,-0.2063492063492064,1.0,0.0,12.0,0.0,0.0, இங்கல் வீட்டின் பின்புக்கு இருந்து தன்னிரும் உண்டு வருகிறேன். ஆனா இப்போது நம்மாக பாதுகாக இருக்கிறது.
call153.ogg,Medium,tanglish,-490.5965576171875,117.2804183959961,80.35120391845703,92.75255584716797,29.955455780029297,57.249271392822266,20.822084426879883,64.36346435546875,0.6313125491142273,40.63349533081055,-1.558531641960144,30.69460105895996,-11.980066299438477,29.783355712890625,-19.653715133666992,24.329957962036133,-25.621944427490234,30.435443878173828,-10.009333610534668,22.126832962036133,-13.554943084716797,14.716046333312988,-13.838184356689453,14.975682258605957,-5.429698467254639,13.062729835510254,-9.985766410827637,11.677606582641602,-8.765317916870117,12.285964012145996,-10.613486289978027,9.777026176452637,-6.738006591796875,9.508720397949219,-4.312455654144287,9.155984878540039,-8.947342872619629,10.176639556884766,-4.570465087890625,8.585511207580566,-7.294431209564209,9.43200397491455,-7.580141067504883,8.311756134033203,-5.657513618469238,6.28626823425293,-4.816535472869873,7.792387008666992,-3.536360025405884,7.1150126457214355,-3.620800018310547,7.600770473480225,-3.163548707962036,8.651483535766602,-3.700153350830078,7.6779279708862305,-0.3820439577102661,8.76225471496582,-0.8185192346572876,9.25859546661377,0.41302186250686646,11.457433700561523,3.3504278659820557,12.532113075256348,2.7211973667144775,12.820608139038086,1.4581717252731323,11.34409236907959,2.1593942642211914,10.283020973205566,2.3593010902404785,9.080083847045898,2.903118133544922,10.691164016723633,3.7839865684509277,10.401061058044434,5.627716064453125,10.935730934143066,2.1244804859161377,10.308137893676758,181.76497563163596,28.82133109934417,0.027976572513580322,0.02294647879898548,0.11187744140625,1315.9902481486458,0.7071129707112971,8.053905589117894,-0.006199918687343597,-2.750560693994457e-05,0.09205020920502094,1.0,0.0,2.0,0.0,0.0, Rumudus Seal
call158.ogg,High,tanglish,-437.146240234375,110.20265197753906,83.4258041381836,68.73867797851562,-0.6661906838417053,60.17853546142578,8.023083686828613,72.17011260986328,-19.102304458618164,44.52749252319336,-6.459087371826172,34.71343994140625,-12.082324028015137,29.464466094970703,-15.878049850463867,33.407894134521484,-8.759668350219727,23.649452209472656,-4.2919020652771,17.64579963684082,-10.30949878692627,13.401625633239746,-12.02629280090332,15.97158432006836,1.6722007989883423,17.151826858520508,-7.660617828369141,11.839242935180664,-9.07038402557373,11.473320960998535,-2.8572745323181152,12.41161060333252,-10.41543197631836,12.063448905944824,-8.83558464050293,9.46908950805664,-8.264847755432129,9.73609447479248,-5.7299017906188965,11.783114433288574,-1.5662354230880737,12.315386772155762,-1.8577117919921875,10.71274471282959,3.7791221141815186,12.682170867919922,3.4754714965820312,14.196743965148926,5.434985637664795,13.975117683410645,7.441980838775635,12.492311477661133,8.159396171569824,14.895880699157715,7.316661834716797,16.27472496032715,2.7849762439727783,14.168913841247559,0.23981787264347076,12.60704231262207,-3.674264669418335,10.569249153137207,-3.460815906524658,9.374349594116211,-3.077463388442993,8.700153350830078,-3.1248788833618164,7.621391296386719,-4.450779438018799,6.1707844734191895,-4.308745861053467,6.38794469833374,-3.6381380558013916,5.516450881958008,-4.180569171905518,6.76691198348999,-2.5571835041046143,6.634363174438477,-3.7039475440979004,5.998364448547363,229.89206756999562,57.851644242675,0.029853403568267822,0.02681656740605831,0.12615325571498054,1479.327174225986,0.8125,10.910172447019075,-0.01984316110610962,-9.841438152865864e-05,0.015625,1.0,1.0,13.0,0.0,0.0," Candy, Uduvila Garden Street, 29th House School of Water, Valiya Pogra Phadi, Blockcast."
call161.ogg,Medium,tanglish,-467.7309265136719,94.15335845947266,89.42925262451172,72.72078704833984,14.642403602600098,52.27634048461914,10.762805938720703,74.31877136230469,-27.873924255371094,38.56086730957031,-13.797212600708008,30.492828369140625,-17.982807159423828,30.860010147094727,-18.366596221923828,24.765945434570312,-13.208382606506348,25.153968811035156,-12.086647987365723,17.596078872680664,-13.524260520935059,15.199645042419434,-13.778501510620117,18.98085594177246,2.985806465148926,18.12082862854004,-6.692971706390381,11.248433113098145,-8.76121997833252,10.823212623596191,-5.4604010581970215,12.541135787963867,-12.370043754577637,10.945904731750488,-9.74650764465332,8.699246406555176,-11.187887191772461,8.97263240814209,-8.638073921203613,9.832823753356934,-4.383517742156982,10.22811508178711,-1.5977091789245605,11.828590393066406,4.45692777633667,13.466970443725586,6.896198272705078,15.072660446166992,8.150075912475586,14.241899490356445,7.27719783782959,13.973502159118652,6.0704121589660645,13.44183349609375,5.439860820770264,13.723099708557129,2.407898426055908,12.509366989135742,1.5609376430511475,11.644871711730957,-2.0699541568756104,10.670705795288086,-2.881535768508911,8.542325019836426,-4.333034992218018,7.432416915893555,-3.1186351776123047,8.520578384399414,-1.8191357851028442,7.100379467010498,-3.786778211593628,7.28947639465332,-3.7366764545440674,5.008242130279541,-3.6305348873138428,5.719577312469482,-3.699774980545044,5.492010593414307,-4.583974838256836,6.023454666137695,246.6605408380858,37.67333444695501,0.026191264390945435,0.026189101859927177,0.12535852819055945,1398.1393719424823,0.8912280701754386,11.393874890473834,-0.005494428798556328,-3.198733520294712e-05,0.15438596491228074,1.0,2.0,14.0,0.0,0.0," கண்டி, சிங்கிராய்கோடு, ரோரோ, இளக்கம் இருவர் திரும்பித்து, கீழ் மட்டம் முடிவது, கண்டிரில் மூட்டியுள்ளது. நாங்கள் மேலே, உதவிகாது."
call174.ogg,High,tamil,-441.9532470703125,100.80868530273438,77.45745086669922,74.48439025878906,9.526322364807129,47.15796661376953,23.72167205810547,74.7604751586914,-13.615960121154785,39.49123001098633,-14.740928649902344,30.290611267089844,-28.522375106811523,30.62632179260254,-16.433856964111328,20.201417922973633,-18.691926956176758,25.947010040283203,-14.597661972045898,21.40713882446289,-5.520598411560059,19.56857681274414,-21.442989349365234,18.450441360473633,-2.3069448471069336,15.981314659118652,-8.51644515991211,10.621869087219238,-14.168580055236816,11.794480323791504,-1.1481943130493164,11.518973350524902,-9.851435661315918,9.717706680297852,-6.593467712402344,9.11827278137207,-6.465627193450928,9.676758766174316,-4.737056732177734,7.948296070098877,-3.9657137393951416,6.914318084716797,-5.5122246742248535,7.285445213317871,-2.464094638824463,6.864587783813477,-4.612881183624268,6.9391303062438965,-0.7468773722648621,7.319823265075684,-3.5890564918518066,8.256631851196289,-6.626184463500977,9.745753288269043,-2.1248083114624023,10.00206184387207,-2.1644089221954346,9.06933879852295,-1.025726318359375,11.342696189880371,4.3811726570129395,12.99623966217041,7.2204155921936035,13.968533515930176,7.8071064949035645,15.306278228759766,9.049349784851074,14.110861778259277,8.012968063354492,12.995129585266113,4.5840983390808105,11.190800666809082,1.9481743574142456,10.753786087036133,2.7755439281463623,9.879398345947266,1.6402651071548462,9.296409606933594,-1.024035096168518,6.951397895812988,190.97654553648596,21.361145933209723,0.030475810170173645,0.03010641410946846,0.13336332967458678,1475.448326601564,0.7842323651452282,5.880167500508678,-0.01968436874449253,-0.00011913198454086754,-0.024896265560165887,1.0,1.0,14.0,0.08333333333333333,0.0, கண்டி பெயராது நீண்டு நம்மும் உங்கள் வீட்டு வேண்டும் வாட்டை வாட்டை வாட்டை வருந்து நாங்கள் வெளியவற்கு வரமுடியில்லை.
call176.ogg,Medium,tamil,-493.51544189453125,126.48912048339844,81.09736633300781,67.65288543701172,15.409232139587402,59.27947235107422,28.526594161987305,53.1640510559082,-10.348987579345703,26.656156539916992,-17.866952896118164,34.30771255493164,-26.557889938354492,25.908641815185547,-25.032133102416992,29.39581298828125,-20.629039764404297,27.129737854003906,-12.679890632629395,16.58464813232422,-13.062216758728027,16.02927017211914,-9.226192474365234,16.625442504882812,-2.5533833503723145,13.524009704589844,-14.272732734680176,12.755694389343262,-9.457921981811523,11.052886009216309,-9.235536575317383,10.419590950012207,-15.373021125793457,12.139445304870605,-9.494071006774902,9.84890365600586,-9.560436248779297,10.812936782836914,-5.766809463500977,10.198545455932617,-3.8241970539093018,9.097771644592285,-1.3883569240570068,10.328041076660156,-1.5622217655181885,11.865059852600098,1.6578142642974854,12.801173210144043,5.433043479919434,11.773493766784668,7.368467807769775,13.80147933959961,8.734790802001953,15.033378601074219,9.392784118652344,14.572001457214355,7.781704902648926,12.44432258605957,2.7681257724761963,10.641533851623535,-0.4777089059352875,10.338838577270508,0.9696851372718811,9.74107837677002,0.09429341554641724,8.384711265563965,-1.7449733018875122,8.263519287109375,0.25215956568717957,6.515527248382568,-1.4718458652496338,7.015452861785889,-1.8986618518829346,6.9845170974731445,-0.20218440890312195,5.698524475097656,0.42892029881477356,5.519996166229248,-2.7983572483062744,6.404571533203125,233.79815973640413,36.5359541488623,0.021472686901688576,0.01588498428463936,0.10401407877604167,1291.1797661567853,0.8895522388059701,11.224932973537706,0.004116905853152275,1.9968877236161264e-05,0.035820895522388096,1.0,0.0,17.0,0.0,0.0," கண்டி, தலவத்கோட, யோர் சாய், ரோட, இலக்கம, முப்பது, வீட்டை, சுப்புறை, வெள்ளனி, மிக்கிருது, ஒரு வயதான, தாதா, மேல, மாடியில, சிக்கியும்லார்."
call191.ogg,Low,tanglish,-425.4414367675781,112.35081481933594,97.24462890625,64.26708984375,10.618782043457031,54.03871536254883,61.8465461730957,71.30136108398438,-0.4285658001899719,33.90773391723633,-9.48954963684082,31.07602882385254,-25.84837532043457,29.40298843383789,-13.471570014953613,27.34381103515625,-11.637005805969238,25.53490447998047,-19.344547271728516,21.47511100769043,5.652042388916016,21.78774070739746,-6.626438140869141,16.825496673583984,3.908496856689453,14.775101661682129,-2.35896372795105,12.747377395629883,-7.840028285980225,11.533891677856445,3.39349365234375,14.677330017089844,-13.135602951049805,10.489480972290039,-1.7149876356124878,9.366177558898926,-6.885040283203125,8.846683502197266,-8.080168724060059,7.856860160827637,-3.381338596343994,8.091145515441895,-7.192950248718262,8.284446716308594,-8.184006690979004,6.440809726715088,-7.280457973480225,7.3342695236206055,-7.760953426361084,8.105196952819824,-7.258762836456299,5.906219005584717,-7.7665510177612305,7.426241397857666,-7.168125629425049,6.823953151702881,-11.36555004119873,10.018338203430176,-8.724740028381348,8.824908256530762,-4.345098495483398,9.998926162719727,-2.086143970489502,12.567863464355469,4.207197666168213,16.163719177246094,7.241649150848389,14.440402030944824,7.304381847381592,12.829235076904297,7.492671012878418,11.874372482299805,4.9909210205078125,13.290607452392578,1.488571286201477,11.899545669555664,0.8854297995567322,9.537291526794434,-0.5648723244667053,9.818811416625977,177.32678430934902,14.860197119014492,0.028484126552939415,0.019175443798303604,0.1081304335056391,1422.549336912153,0.9772727272727273,3.7315251973646033,0.000591374933719635,-2.023928654867116e-05,0.015151515151515138,0.0,0.0,0.0,0.0,0.0," ,"
call193.ogg,Low,tamil,-436.0591125488281,120.01787567138672,74.16570281982422,64.05669403076172,-4.389957904815674,57.63978576660156,49.325069427490234,67.61092376708984,-19.653867721557617,43.402809143066406,-9.393681526184082,22.894363403320312,-21.29090118408203,29.54509162902832,-21.884145736694336,23.013559341430664,-6.706405162811279,20.113784790039062,-24.557607650756836,22.57790756225586,-5.863590240478516,21.68115234375,-12.016732215881348,17.69776725769043,-0.509171187877655,16.205198287963867,-8.609192848205566,13.324525833129883,-15.107611656188965,13.002969741821289,-6.82387638092041,12.19690990447998,-14.45828914642334,12.486542701721191,-8.720643997192383,10.283970832824707,-6.283145904541016,7.850241184234619,-8.006582260131836,9.340950012207031,-7.4536519050598145,9.969928741455078,-7.655221939086914,9.127345085144043,-7.110658168792725,7.321113586425781,-5.7254157066345215,7.481470584869385,-5.382424831390381,8.91108512878418,-5.425528526306152,7.544318199157715,-3.256808280944824,10.699914932250977,0.7201242446899414,13.436951637268066,2.4518370628356934,17.743663787841797,8.311352729797363,18.55614471435547,9.166433334350586,15.769121170043945,9.434121131896973,15.783267974853516,7.575654983520508,17.495559692382812,9.328316688537598,16.713726043701172,5.295228004455566,14.810261726379395,3.957616090774536,10.175219535827637,1.8250298500061035,9.36819839477539,-0.9025431871414185,7.913356781005859,-0.22295604646205902,9.945832252502441,0.36384713649749756,7.621865272521973,194.97771203318553,18.54598785736967,0.030794259160757065,0.029304571449756622,0.13620461856617647,1627.8208241832401,0.9644970414201184,5.9626499392587196,-0.006409240886569023,-5.062367578303584e-05,-0.011834319526627168,1.0,1.0,7.0,0.0,0.0, இப்போது அடிக்கும் மேலை வீட்டு பக்கம் புகை வருட்டு.
call195.ogg,High,tamil,-434.8963928222656,111.88831329345703,92.60649108886719,55.61955642700195,1.6914421319961548,66.66963195800781,51.97434616088867,69.50336456298828,-10.723942756652832,27.591745376586914,2.451134204864502,30.602052688598633,-22.039108276367188,35.24913787841797,-13.111658096313477,19.803232192993164,-7.469080924987793,27.346940994262695,-17.990863800048828,25.890758514404297,6.50715970993042,18.909183502197266,-11.185214042663574,16.93471908569336,2.051055669784546,20.114233016967773,-1.872464895248413,12.294076919555664,-12.315079689025879,16.13717269897461,-3.958284854888916,14.537919044494629,-9.331611633300781,13.138118743896484,-10.220205307006836,13.23132610321045,-6.666989803314209,7.943860054016113,-5.00944185256958,9.248848915100098,-5.482226848602295,7.038991451263428,-7.332907199859619,9.033451080322266,-4.389852523803711,7.843086242675781,-9.339964866638184,7.857768535614014,-7.347318649291992,7.685904026031494,-4.996730804443359,6.396975994110107,-8.443198204040527,8.51824951171875,-6.254969596862793,9.569347381591797,-2.5482163429260254,13.072623252868652,-0.08779972046613693,12.341182708740234,4.799670696258545,12.30678939819336,11.67049503326416,14.546884536743164,10.294042587280273,15.177732467651367,9.92501449584961,14.06637954711914,5.0397047996521,10.64790153503418,-0.6539382338523865,11.06273365020752,-3.5545945167541504,9.707688331604004,-4.527677536010742,8.702865600585938,-3.0594451427459717,7.569566249847412,-3.365213632583618,7.855321884155273,190.4283284199461,14.084630974699664,0.027240686118602753,0.021133922040462494,0.09854277482269504,1356.4283145921406,0.9571428571428572,3.255170184743688,0.009387858211994171,4.775865077365582e-05,-0.08571428571428574,1.0,1.0,9.0,0.0,0.0, சிக்கிரம் வாங்க கொள்ளம்பில் எங்கள் வீட்டில் கொள்ளந்தேகள் இருக்கும் அரைபக்கம் தீபராவது
call198.ogg,Medium,tamil,-432.0279541015625,83.4349365234375,62.10626983642578,47.29819869995117,10.308897018432617,45.48133850097656,28.275367736816406,51.625213623046875,-23.8929386138916,30.752012252807617,-9.078968048095703,23.463666915893555,-26.10780906677246,23.1646785736084,-33.23484802246094,25.30280303955078,-16.509382247924805,25.09193229675293,-16.68413543701172,16.017597198486328,-13.878914833068848,15.298721313476562,-7.275347709655762,15.709634780883789,-4.443119525909424,13.312352180480957,-10.9819974899292,11.228677749633789,-2.428809642791748,9.842623710632324,-7.325414657592773,10.440438270568848,-12.526532173156738,9.924483299255371,-7.361171245574951,8.888086318969727,-12.689738273620605,9.591788291931152,-5.9470014572143555,9.562485694885254,-7.122946739196777,8.708663940429688,-6.314331531524658,9.926006317138672,1.1582940816879272,11.036809921264648,-0.04445606842637062,12.325143814086914,5.79708194732666,14.462029457092285,9.25833797454834,13.882494926452637,11.975120544433594,13.410087585449219,17.655981063842773,14.268026351928711,14.91947078704834,14.847602844238281,10.061178207397461,14.373108863830566,4.180978298187256,12.750274658203125,0.6916245222091675,10.446676254272461,0.6145251989364624,8.455244064331055,1.063718318939209,8.779630661010742,-0.1409614384174347,7.780628681182861,-2.666062355041504,7.438660144805908,-3.2483460903167725,6.01311731338501,-2.875955581665039,6.546273231506348,-1.8088650703430176,6.143588542938232,-3.856706380844116,5.858424186706543,228.5581755219732,24.44649078954894,0.02490074187517166,0.026983099058270454,0.10319010416666667,1413.439148361856,0.9457013574660633,7.11873760984734,-0.014910580590367317,-0.00013765123042322968,0.09954751131221717,1.0,0.0,15.0,0.0,0.0, கொள்ளும்பு போரல் ரால் ராஸ்பிடில் தோட்டில்லக்காமாக வீட்டின கீல் மாடில் தான்னிர் முலங்கால வரை வேண்டும்லது குடும்பக்கள் மேலை நிக்கின்
call200.ogg,Medium,tanglish,-447.31500244140625,96.55524444580078,103.78893280029297,62.124046325683594,-9.786904335021973,64.68374633789062,14.916261672973633,75.68860626220703,-14.053353309631348,36.31716537475586,-10.254194259643555,28.83976173400879,-33.31924819946289,26.399507522583008,-24.046995162963867,26.127893447875977,-13.896222114562988,25.9504337310791,-18.01265525817871,28.97829818725586,-0.7316769957542419,18.414155960083008,-15.320594787597656,14.253596305847168,-2.3617360591888428,15.951147079467773,-3.6880431175231934,11.099382400512695,-16.131614685058594,13.517436027526855,-6.537228107452393,13.852974891662598,-14.546523094177246,12.81583023071289,-9.884584426879883,10.83047866821289,-6.357009410858154,8.817465782165527,-9.090485572814941,9.641504287719727,-9.25124454498291,8.552416801452637,-6.778980255126953,7.707237720489502,-3.428001642227173,6.84465217590332,-5.924001216888428,6.593626022338867,-5.801332950592041,7.866523742675781,-2.497645139694214,7.392190456390381,-3.872184991836548,9.09158706665039,-1.8091928958892822,11.146928787231445,0.3070048689842224,12.907236099243164,3.4316728115081787,14.866165161132812,5.736920356750488,19.00653076171875,11.445879936218262,18.482421875,9.785117149353027,17.550146102905273,9.017189979553223,16.409534454345703,7.2191290855407715,16.18450927734375,6.411935806274414,13.464326858520508,7.425402641296387,12.17473030090332,3.976003646850586,10.183164596557617,1.709415316581726,10.865792274475098,0.6221216917037964,8.720220565795898,189.14949508417342,20.006712127581924,0.02568085305392742,0.016041414812207222,0.11781141493055555,1310.6587912248322,0.9813953488372092,5.036857531498874,-0.0021883491426706314,-3.6664049054782676e-05,-0.027906976744186074,1.0,0.0,10.0,0.0,0.0, கொல்லம் புராள் அம்மாக வீட்டில்லோம் வாட்டர் நீல வரைக்கும் ரைசாயடி ஞாமிலிமேலே இருக்கு.
call215.ogg,Low,sinhala,-512.9718627929688,144.13330078125,68.10164642333984,66.70294952392578,3.8713977336883545,62.49913787841797,17.030742645263672,63.641326904296875,-23.598068237304688,41.076576232910156,-9.51259994506836,39.89645004272461,-27.78537368774414,39.62452697753906,-7.385892868041992,19.831106185913086,-6.398350715637207,23.274829864501953,-12.32224178314209,20.278274536132812,-17.13308334350586,18.243316650390625,-8.373620986938477,15.908602714538574,0.9182742238044739,15.062277793884277,-20.190101623535156,15.70968246459961,-6.618897914886475,11.910222053527832,-12.060674667358398,12.959010124206543,-7.972749710083008,11.661187171936035,-2.331338405609131,12.371180534362793,-4.6497931480407715,15.245894432067871,1.0558388233184814,18.256277084350586,-2.038628578186035,13.285126686096191,-2.4632039070129395,10.437531471252441,-4.024014472961426,11.751951217651367,1.0117977857589722,12.02450942993164,-0.19565850496292114,12.303245544433594,3.399031162261963,13.714079856872559,4.698770999908447,15.092779159545898,3.209761142730713,13.44686508178711,4.763697624206543,13.335277557373047,3.4675066471099854,12.633063316345215,1.576985239982605,12.125965118408203,1.2212365865707397,9.427736282348633,-0.9792031049728394,8.547673225402832,-0.6657803058624268,7.794836044311523,1.2938189506530762,8.127610206604004,1.2310829162597656,8.625296592712402,0.9009256362915039,8.145715713500977,0.651276171207428,8.112028121948242,-1.657364845275879,7.588015556335449,0.5520514249801636,5.9982099533081055,240.82454036780933,50.25627353167749,0.014629337936639786,0.011678824201226234,0.11902910397376543,1647.710752295555,0.7639751552795031,12.240798199037817,-0.006170441396534443,-4.237311612862167e-05,-0.06211180124223592,0.9583333333333334,0.0,12.458333333333334,0.0,0.0, Ab ummid aなので sem 왔어 teng mi kalagu nehy limit выfle yimdi n
call221.ogg,Medium,tamil,-442.7581787109375,113.90974426269531,35.457061767578125,50.00572967529297,2.555680274963379,49.575355529785156,20.33968162536621,49.81369400024414,-35.268924713134766,36.99007797241211,-17.70926856994629,30.890838623046875,-23.79652976989746,26.05788803100586,-15.635869026184082,26.450355529785156,-8.669352531433105,26.718494415283203,-19.1717472076416,20.665815353393555,-7.021470546722412,20.260509490966797,-7.8920793533325195,16.753820419311523,-11.84787654876709,14.59872055053711,-8.012100219726562,13.322094917297363,-7.061089038848877,10.912724494934082,-10.019134521484375,12.489794731140137,-1.2611620426177979,13.652619361877441,-0.02536519430577755,16.384174346923828,0.6750594973564148,18.3284854888916,7.520023345947266,18.13121223449707,6.878837585449219,15.182792663574219,6.678933620452881,15.51374626159668,12.487319946289062,17.705753326416016,9.621769905090332,15.84411334991455,6.440489292144775,13.561753273010254,5.434953212738037,15.278095245361328,0.37555813789367676,12.180727005004883,-3.1740598678588867,10.798097610473633,-2.0326740741729736,9.023515701293945,-3.8002145290374756,7.372683525085449,-2.147581100463867,6.627453804016113,-2.5994277000427246,8.63886547088623,-5.089661121368408,7.072983741760254,-1.4686272144317627,7.822808265686035,-2.4225072860717773,6.589961528778076,-3.632000684738159,6.85545015335083,-1.7637304067611694,8.371796607971191,-1.6502394676208496,8.938779830932617,-0.9902012348175049,7.5615620613098145,-0.8690758943557739,7.091300010681152,289.71434491944655,36.014793709918706,0.03132294863462448,0.03296242654323578,0.16340748856707318,2067.977218798377,0.8857142857142857,9.15903824610407,0.00226597860455513,5.330285329868448e-05,-0.0897959183673469,0.8571428571428572,0.0,0.8571428571428572,0.0,0.0,ureshoظ
call244.ogg,Low,sinhala,-448.49517822265625,106.24626922607422,99.47265625,63.8336296081543,12.531719207763672,42.88877868652344,-11.753640174865723,51.0008430480957,-27.92006492614746,31.21064567565918,-11.523448944091797,29.62711524963379,-27.40872573852539,34.90156936645508,-5.3598408699035645,23.10312843322754,-1.9028489589691162,19.332067489624023,-6.18973970413208,15.501616477966309,-6.027740955352783,16.888072967529297,-4.462266445159912,14.896270751953125,-1.0858019590377808,14.104382514953613,-2.142587900161743,11.88916301727295,-2.9366986751556396,12.92575740814209,-4.352329254150391,11.60577392578125,-6.194967746734619,9.651932716369629,-6.891124725341797,10.137598037719727,-12.863630294799805,12.36087703704834,-5.726197719573975,9.891693115234375,-2.05147647857666,13.834625244140625,-0.2050863355398178,16.211833953857422,-1.1447172164916992,11.465497970581055,-1.6026391983032227,12.081439971923828,1.5766708850860596,13.48259449005127,3.0800552368164062,14.027365684509277,3.345923900604248,13.136432647705078,2.3140337467193604,12.470477104187012,2.5871164798736572,10.799365997314453,-0.10811121016740799,10.671100616455078,-1.6565715074539185,9.403877258300781,-2.340261936187744,6.330003261566162,-1.0681560039520264,7.496670722961426,-1.9900275468826294,7.304829120635986,-2.7975568771362305,6.489347457885742,-3.522096872329712,6.121265411376953,-3.910614490509033,5.667159080505371,-4.6847686767578125,5.730474472045898,-4.739715576171875,6.457320213317871,-2.6858839988708496,5.348236083984375,249.59436415064204,38.10460570476857,0.023845605552196503,0.019992714747786522,0.13941291360294117,1451.6312641056327,0.7455621301775148,7.682691053217383,-0.002537490800023079,8.95470598721176e-07,0.023668639053254448,1.0,1.0,10.0,0.0,0.0," அடுதான் செல்லாமும் தீர்மினே, கேல் அங்கு தார்த்துக் கொள்ளும் அம்மித்துமாம் நங்கு தெரி."
call245.ogg,Low,sinhala,-448.9749755859375,169.56333923339844,77.87318420410156,65.04582214355469,0.24246925115585327,52.07839584350586,49.32350158691406,67.34661102294922,-1.610364317893982,34.74433517456055,-10.796171188354492,33.595523834228516,-21.85338592529297,28.457759857177734,-20.40059471130371,33.049530029296875,-11.648706436157227,25.694889068603516,-12.94177532196045,29.968299865722656,2.914330244064331,24.751787185668945,-10.40914249420166,16.133371353149414,-3.126007318496704,15.273722648620605,1.796172022819519,14.079473495483398,-15.336414337158203,16.21126365661621,-4.31945276260376,15.56071662902832,-5.404999732971191,14.070070266723633,-2.3635799884796143,12.004721641540527,-6.567065715789795,12.087818145751953,-2.0330636501312256,11.291524887084961,-4.498198986053467,8.978706359863281,-3.6868531703948975,6.645618438720703,-0.5252268314361572,6.794645309448242,-3.137815237045288,6.896902084350586,-0.5530040860176086,6.605943202972412,-1.2211710214614868,5.917476654052734,-4.283229351043701,6.19188928604126,-2.983128786087036,6.836440086364746,-5.255660533905029,6.76924991607666,-4.234254837036133,6.300424575805664,-4.0211896896362305,5.995885848999023,-4.704657554626465,5.477207660675049,-5.290078639984131,6.278721809387207,-5.179018974304199,5.715839385986328,-3.2938342094421387,5.329586982727051,-3.544903516769409,4.872110366821289,-3.974623918533325,4.805371284484863,-3.9014320373535156,4.591213226318359,-5.895025253295898,5.838380813598633,-5.284854888916016,5.958905220031738,124.00311022298045,12.111692412164851,0.024870257824659348,0.020399726927280426,0.11172272438226744,1562.5817366770373,0.6374269005847953,3.8593554653467947,0.004526102915406227,1.976239676565851e-05,0.38596491228070173,1.0,0.0,1.0,0.0,0.0,人が南東ヴァス伝子台スルは皆が山砂庫多いあっ
call246.ogg,Low,sinhala,-398.07049560546875,130.0095672607422,74.10803985595703,54.941123962402344,-5.98314094543457,44.84581756591797,30.687772750854492,54.24863815307617,6.416662693023682,35.70384979248047,-15.36402702331543,39.54796600341797,-18.255924224853516,28.940113067626953,-17.06747055053711,28.8077335357666,-7.485082626342773,23.51526641845703,-2.886413335800171,26.45909309387207,-4.380422115325928,19.742061614990234,-4.7128753662109375,14.796802520751953,-3.9820892810821533,17.218183517456055,-0.127833753824234,13.9099702835083,-12.37575912475586,16.29920768737793,-8.125017166137695,13.654594421386719,-4.214895725250244,12.521985054016113,-5.256033420562744,14.075310707092285,-5.339273452758789,10.738863945007324,-4.098972797393799,9.234041213989258,-4.811034679412842,8.933256149291992,-1.0336402654647827,8.88652515411377,-3.3453333377838135,7.459902763366699,-1.2317276000976562,7.423405170440674,-1.0086801052093506,7.238553047180176,-2.899101495742798,6.884353160858154,-3.3822720050811768,5.623605251312256,-1.989058256149292,6.273252487182617,-3.9500892162323,6.198317527770996,-3.610212564468384,5.395247936248779,-3.5437116622924805,6.078265190124512,-4.7627434730529785,5.769764423370361,-5.143219470977783,5.491048812866211,-4.4374871253967285,5.178219795227051,-4.959696292877197,5.78844690322876,-3.666893482208252,5.043103218078613,-6.484776973724365,5.69243049621582,-3.567291021347046,5.114402770996094,-4.928971767425537,4.698633670806885,-4.883185863494873,3.965898275375366,119.9598357387355,7.136748408470002,0.028301598504185677,0.03206741437315941,0.11473732223053892,1532.6053735952075,0.7048192771084337,3.2866796475219267,-0.02013276517391205,-0.00020092115648421974,0.1807228915662651,0.75,0.0,0.75,0.0,0.0,ங்களے
call247.ogg,Low,sinhala,-384.8442077636719,116.87902069091797,128.52474975585938,44.60538101196289,-7.711177349090576,44.16325759887695,19.72671890258789,53.656009674072266,-14.30834674835205,38.1312141418457,-28.275474548339844,24.129932403564453,-17.020273208618164,34.57524490356445,-15.588138580322266,27.021575927734375,-7.328151702880859,32.329654693603516,-8.9284086227417,23.03350830078125,9.778371810913086,21.252517700195312,8.256193161010742,14.489376068115234,-5.2815260887146,13.617082595825195,3.2384138107299805,9.00232219696045,-10.97718334197998,15.984939575195312,-4.981764793395996,17.065324783325195,-6.121509075164795,13.907933235168457,-2.483764171600342,10.345343589782715,-12.571130752563477,10.843493461608887,-5.142392635345459,11.038592338562012,-7.212128162384033,8.907289505004883,-0.18141937255859375,9.016040802001953,-4.15980863571167,7.949986934661865,-4.374123573303223,7.995187759399414,-2.9854235649108887,5.081998348236084,-3.4202075004577637,6.49859619140625,-3.3164141178131104,5.379129409790039,-4.418432235717773,5.316563606262207,-9.127389907836914,6.320430755615234,-6.897774696350098,6.520298004150391,-3.0700583457946777,6.217151165008545,-6.483506679534912,6.809704303741455,-3.688401222229004,6.127574443817139,-3.0321426391601562,6.154129981994629,-4.532023906707764,6.77372407913208,-4.402465343475342,6.077111721038818,-5.388916015625,5.967100620269775,-5.281765937805176,4.797677040100098,-5.899841785430908,4.231322765350342,-5.591588973999023,5.099700927734375,147.003789289242,67.20861310693807,0.03023686818778515,0.02064664289355278,0.09107653929455446,1127.4158788969298,0.74,12.589590427206547,-0.01235000416636467,-0.0001780832915493095,0.24,0.8,0.0,5.6000000000000005,0.0,0.0, அதہ Programmி نہککا پ varit vagu confident
call276.ogg,High,sinhala,-439.1524353027344,92.74633026123047,93.01274108886719,58.105106353759766,19.82999610900879,44.618988037109375,32.28337097167969,66.66014099121094,-35.05221939086914,47.85647201538086,-12.623534202575684,35.46678924560547,-11.652514457702637,25.439172744750977,-15.28683090209961,31.081344604492188,-13.329450607299805,22.670570373535156,-8.332671165466309,17.34878158569336,-8.318487167358398,14.706398963928223,-5.8995771408081055,13.794154167175293,-7.6545820236206055,18.104509353637695,-11.072275161743164,9.817065238952637,-6.165863990783691,10.817441940307617,-7.153166770935059,9.691675186157227,-7.126833438873291,9.786445617675781,-6.458889484405518,9.061104774475098,-6.9020161628723145,7.972235202789307,-8.606217384338379,8.512628555297852,-3.9913604259490967,6.476519584655762,-10.366130828857422,9.69168758392334,-2.459947109222412,10.414388656616211,-0.12412765622138977,11.303403854370117,-3.012831926345825,13.573201179504395,12.266155242919922,15.947832107543945,8.982075691223145,12.267049789428711,11.655939102172852,14.884875297546387,8.645581245422363,14.26785659790039,1.0816466808319092,11.153605461120605,-1.3195124864578247,7.6678972244262695,-2.2604525089263916,7.59243106842041,-1.594571590423584,7.6731157302856445,-2.525686740875244,7.237190246582031,-1.6602271795272827,7.359653949737549,-4.285977840423584,5.608211040496826,-3.133230447769165,6.495657444000244,-2.975318670272827,5.238737106323242,-3.774101734161377,4.56714391708374,-4.0806708335876465,4.700300693511963,234.00934685954758,24.974520757954004,0.0339096263051033,0.026399027556180954,0.10939259572072071,1380.6938227370488,0.8895192171323216,8.813712058115472,-0.02346155047416687,-0.00041043682181147225,-0.14522762728690963,1.0,0.0,12.0,0.09090909090909091,0.0," But I一次 personnes confrontation, our age between the plank to the right"
call280.ogg,Medium,sinhala,-412.1082763671875,103.7407455444336,70.71490478515625,54.88618850708008,-12.260412216186523,64.46057891845703,19.530733108520508,69.19652557373047,-22.86795425415039,34.837894439697266,-13.915386199951172,38.48597717285156,-12.981144905090332,31.2916316986084,-23.26587677001953,23.274852752685547,-7.392116069793701,30.74677848815918,-8.675704002380371,18.354228973388672,-12.217789649963379,19.11305046081543,-11.732166290283203,12.337092399597168,-4.8488078117370605,13.661297798156738,-6.369555950164795,11.945149421691895,-8.190736770629883,10.033620834350586,-1.3410731554031372,9.989664077758789,-4.336453914642334,10.536110877990723,-4.818455696105957,9.032758712768555,-3.1484947204589844,7.291937351226807,-4.458108425140381,9.445840835571289,-4.019536018371582,8.391250610351562,-3.869426727294922,7.034352779388428,-5.528213977813721,6.79165506362915,-3.6619420051574707,6.331320285797119,-2.451152801513672,6.315272331237793,-4.756622791290283,5.742568492889404,-4.645756721496582,6.7913618087768555,-4.9019455909729,6.765763282775879,-6.3978190422058105,6.770489692687988,-5.077827453613281,7.515261173248291,-4.678364276885986,8.225409507751465,-3.4731173515319824,9.102801322937012,-1.188199758529663,10.0800199508667,0.2375841587781906,13.058027267456055,3.9175734519958496,12.178476333618164,5.277413368225098,12.340932846069336,7.376004695892334,12.377321243286133,9.666217803955078,11.887129783630371,8.456957817077637,10.752642631530762,8.26727294921875,10.3178071975708,164.58289767713282,13.394623078054897,0.03252125158905983,0.03259637951850891,0.12533172123015873,1480.1286978198507,0.8598726114649682,4.477294586741628,-0.014092229306697845,-7.923508794502574e-05,0.01273885350318471,1.0,0.0,21.0,0.23529411764705882,0.0," Manoaras, Giriya Tempai vedea angka hatagedere pahalataktu sampornin me atavela dhein. Paule tundhein kudaiin na ma, paar sampornin me atavela dhein."
call286.ogg,Medium,sinhala,-564.6324462890625,98.54769897460938,127.9629898071289,59.95540237426758,12.506171226501465,51.32008361816406,9.300752639770508,58.386024475097656,-19.711509704589844,32.04071044921875,-39.98580551147461,47.148719787597656,-27.83731460571289,33.14862823486328,-9.261212348937988,25.62080955505371,-0.34505149722099304,25.92230224609375,-19.064302444458008,18.68861198425293,-20.0521240234375,22.51264762878418,-9.67886734008789,16.87281036376953,-8.028886795043945,13.709651947021484,-12.104572296142578,13.071979522705078,-11.720107078552246,14.053939819335938,-12.430763244628906,13.424055099487305,-12.841978073120117,14.160669326782227,-6.718038082122803,14.067619323730469,-0.508528470993042,15.091755867004395,-0.7144199013710022,18.374462127685547,1.1440848112106323,16.789339065551758,4.351969242095947,14.191822052001953,2.474634885787964,14.954913139343262,1.3669557571411133,16.422607421875,4.385784149169922,13.925246238708496,7.224271774291992,13.096768379211426,2.85140061378479,13.607421875,1.5686039924621582,13.010454177856445,1.42464280128479,11.946779251098633,0.01789340004324913,11.108002662658691,0.10717079788446426,9.513382911682129,-0.7791255116462708,9.565685272216797,-3.027728796005249,10.190320014953613,1.2273752689361572,8.50943374633789,0.7472156286239624,7.457296371459961,-3.221092462539673,7.277982234954834,-2.7843828201293945,7.891877174377441,0.26389944553375244,7.553231239318848,-2.12912917137146,8.037360191345215,-2.312439441680908,6.016420364379883,264.8065142759561,43.89281451454801,0.015202037058770657,0.008131327107548714,0.06288151421282799,876.7830581156195,0.8362573099415205,11.00537210266467,-0.0015421630814671516,-1.2751876913236382e-05,0.0,0.9387755102040817,0.0,8.448979591836736,0.0,0.0, enamura pere advanced 10 Simmons huwale mo warriwa Kelurоки
call305.ogg,Medium,tamil,-410.2306213378906,93.50139617919922,39.26653289794922,44.96142578125,5.514330863952637,36.17463302612305,33.66044616699219,38.603309631347656,-24.907344818115234,26.262096405029297,-18.248884201049805,22.699115753173828,-20.947650909423828,26.238567352294922,-29.671165466308594,19.3393611907959,-15.869954109191895,19.304889678955078,-10.189275741577148,14.153471946716309,-9.217436790466309,16.459857940673828,-15.834609031677246,16.528867721557617,-0.44691306352615356,12.013301849365234,-13.984220504760742,12.787702560424805,-11.546917915344238,10.859271049499512,-0.36766761541366577,10.389681816101074,-16.970932006835938,10.418838500976562,-6.971100807189941,9.86582088470459,-7.0854902267456055,9.76816177368164,-9.187932014465332,11.814151763916016,1.9628568887710571,13.060562133789062,6.71107816696167,13.661453247070312,11.547053337097168,14.327550888061523,15.54134464263916,13.600171089172363,16.89927864074707,14.674320220947266,14.444564819335938,14.771490097045898,4.2338080406188965,12.643125534057617,4.653899192810059,12.415643692016602,-0.2751273214817047,11.634270668029785,2.2252397537231445,8.751655578613281,0.03379984200000763,10.115884780883789,-1.2410523891448975,7.848511695861816,-1.2885172367095947,6.955103874206543,-5.584324836730957,5.2966485023498535,-2.940868616104126,6.842759609222412,-2.304701328277588,6.901259422302246,-4.211768627166748,6.5440239906311035,-3.3225250244140625,6.227877616882324,-2.9625303745269775,6.322089672088623,-1.9865531921386719,6.991607666015625,257.65443228667226,23.252152806828747,0.033877722918987274,0.0478564091026783,0.10227241245567376,1642.7858171934804,1.0071428571428571,6.081325323027752,-0.029781995341181755,-0.00044806369794450146,0.014285714285714235,1.0,0.0,6.0,0.0,0.0, எங்கள் வீட்டின் கீழ்தாலை சிற்கு வெள்ளனிருவில் வரக்கடங்கள்
call335.ogg,Medium,tanglish,-513.0066528320312,103.98737335205078,68.19700622558594,60.4805908203125,8.397211074829102,49.035064697265625,16.094552993774414,50.4619255065918,-20.784008026123047,32.16740036010742,-13.19129467010498,36.466800689697266,-13.8433198928833,22.162254333496094,-16.302093505859375,26.69234275817871,-11.91340160369873,26.43096160888672,-16.562646865844727,19.526399612426758,-13.499762535095215,17.82630729675293,-9.779268264770508,14.017996788024902,-6.961228370666504,13.68947982788086,-10.202441215515137,11.832114219665527,-7.59704065322876,9.467151641845703,-10.020055770874023,9.96823501586914,-10.895167350769043,10.787127494812012,-7.52549934387207,11.249714851379395,-8.665386199951172,12.294262886047363,-3.7760231494903564,12.195077896118164,0.6520106792449951,12.910684585571289,1.4753507375717163,13.851458549499512,9.580577850341797,17.515853881835938,11.651412963867188,16.853527069091797,10.694153785705566,16.233386993408203,7.722981929779053,14.9996976852417,8.866988182067871,14.870271682739258,7.697841644287109,14.288251876831055,3.4787683486938477,11.573949813842773,-0.8521588444709778,10.890650749206543,-0.4312868118286133,8.749600410461426,-0.7476378083229065,8.444710731506348,-3.265137195587158,7.770827770233154,-4.595475673675537,6.761595249176025,-3.107025384902954,5.69130277633667,-5.070448398590088,5.66725492477417,-2.5252246856689453,6.100621223449707,-3.0230507850646973,6.8682756423950195,-2.772765874862671,6.119950294494629,-2.4578628540039062,5.6006951332092285,255.03749128733836,32.87534019590793,0.020284123718738556,0.01833505742251873,0.14339741338951312,1532.6278311919102,0.8458646616541353,7.907210676573888,0.012264594435691833,7.423919210218803e-05,0.18796992481203012,0.9803921568627451,0.0,13.72549019607843,0.0,0.0," கண்டி பேராதுன் என்று ரோட் நம்பு 14, ہாஜ் கிராண்ப்ப் பலத்வாட்ட வந்திருக்கிறான் நான் அப்போத் சலோலை இருப்ப்போன்"
call240.ogg,Medium,tanglish,-454.0860290527344,125.80834197998047,81.23009490966797,66.40266418457031,8.985111236572266,57.4193000793457,17.76482582092285,54.75332260131836,-27.289701461791992,71.7202377319336,0.3055180311203003,32.020835876464844,-17.55976676940918,36.0708122253418,-5.371371746063232,24.168474197387695,-2.7596497535705566,18.801416397094727,-10.033950805664062,21.42267417907715,-2.8138818740844727,13.999715805053711,-10.223413467407227,10.740334510803223,-12.757150650024414,14.288941383361816,-3.9899091720581055,10.059733390808105,-7.041693210601807,13.375221252441406,-9.2650728225708,9.618852615356445,-7.256388187408447,14.16026496887207,-6.0726094245910645,11.618339538574219,-4.900297164916992,11.095959663391113,-3.601458787918091,11.289816856384277,-3.2230594158172607,13.945879936218262,4.193326950073242,12.3396635055542,9.086014747619629,13.18934440612793,5.2119975090026855,12.732486724853516,5.677019119262695,14.990046501159668,-0.18175777792930603,10.871938705444336,-1.5141068696975708,7.153658390045166,0.5500887036323547,9.476078987121582,-1.7141143083572388,8.425149917602539,0.6721633672714233,5.742506504058838,-2.332577705383301,8.633962631225586,-2.8348851203918457,6.943666934967041,-3.868995189666748,9.75848388671875,-3.281292676925659,6.374627590179443,-2.8719310760498047,5.031320095062256,-4.566224575042725,6.05247163772583,-4.055730819702148,5.022806167602539,-4.049828052520752,5.9474287033081055,-3.3142685890197754,5.478055000305176,-2.235584020614624,4.015617847442627,283.32681228387503,30.83932958914011,0.025345932692289352,0.020642228424549103,0.13938288103070176,1669.8650916646977,0.5848795347549155,14.45991455070687,-0.006168286316096783,-8.61063067042795e-05,-0.8152866242038217,1.0,0.0,1.0,0.0,0.0,メリケイになっていいの?
call346.ogg,Low,sinhala,-465.6733093261719,102.76897430419922,72.42025756835938,62.80846405029297,15.032177925109863,43.77347946166992,18.40641975402832,55.28594970703125,-8.820127487182617,29.36697006225586,-15.473705291748047,32.49972152709961,-27.699939727783203,33.79568862915039,-16.979352951049805,23.89089012145996,-13.158007621765137,24.061037063598633,-17.268657684326172,18.896150588989258,-17.62818145751953,16.849390029907227,-11.164438247680664,15.677497863769531,-6.609210014343262,14.134249687194824,-5.831340312957764,12.18981647491455,-7.296164035797119,13.225878715515137,-9.870640754699707,12.680076599121094,-8.390552520751953,11.789473533630371,-4.2356038093566895,12.088597297668457,-6.098515510559082,15.008116722106934,-1.4172509908676147,16.312458038330078,1.8684697151184082,12.618693351745605,-2.2104651927948,13.01086139678955,0.7111993432044983,14.418485641479492,1.2838516235351562,12.892537117004395,2.6326382160186768,12.661961555480957,4.657200813293457,14.9232177734375,2.0339102745056152,13.205050468444824,1.065307855606079,12.713959693908691,1.813780426979065,12.754056930541992,2.412738800048828,12.64466667175293,2.6635866165161133,12.9326753616333,2.6239304542541504,13.159724235534668,2.5770044326782227,12.071619987487793,1.0227954387664795,9.892073631286621,1.1439696550369263,10.083900451660156,0.2174978107213974,9.022285461425781,1.5786018371582031,8.326031684875488,0.8029378056526184,7.685677528381348,-0.7887126803398132,7.878973007202148,-0.7443864941596985,5.297442436218262,244.5905644552641,55.88249621773518,0.024066735059022903,0.021496742963790894,0.10775142170936396,1488.9073147218733,0.8404255319148937,13.08408562752743,-0.012531604617834091,-9.114936516185828e-05,-0.21985815602836878,0.8947368421052632,0.0,10.736842105263158,0.0,0.0, ōe n despos k3 emergencea weathert hypnotiz ∴ альное kroundra nsm also
call354.ogg,Low,sinhala,-472.4258728027344,75.13780975341797,79.3276596069336,61.32309341430664,21.546972274780273,47.82731246948242,27.97827911376953,53.80851364135742,5.6021575927734375,31.867277145385742,-5.699817657470703,30.431541442871094,-21.455032348632812,24.897592544555664,-17.105802536010742,26.518495559692383,-17.101285934448242,25.591108322143555,-24.754802703857422,19.551353454589844,-21.535491943359375,19.0853328704834,-8.943300247192383,18.07708740234375,-13.787771224975586,13.240975379943848,-13.339461326599121,11.307530403137207,-3.5720436573028564,11.448505401611328,-13.209580421447754,11.657901763916016,-7.456517696380615,12.634031295776367,-4.611006736755371,9.751296043395996,-10.595588684082031,11.49219036102295,-8.586954116821289,9.890005111694336,-4.259300708770752,9.43274974822998,-5.478164196014404,11.277114868164062,1.2573498487472534,13.054722785949707,0.9081149697303772,13.661144256591797,3.9794692993164062,15.14120864868164,5.4550580978393555,15.091947555541992,0.5371935367584229,12.62699031829834,5.052177429199219,13.637895584106445,3.6107499599456787,12.261823654174805,3.484177350997925,11.302428245544434,3.173740863800049,10.631953239440918,4.654482364654541,12.384389877319336,3.9091601371765137,11.691823959350586,1.5958164930343628,10.481583595275879,2.13797926902771,9.821125984191895,0.14078545570373535,8.995349884033203,0.6013386845588684,6.292022228240967,-1.8078217506408691,5.758076190948486,-2.142676830291748,5.551319599151611,-1.989882469177246,4.946109771728516,232.17192293908667,43.61057216023118,0.02968786470592022,0.01838669180870056,0.09037853422619048,1104.0265177387882,0.9043478260869565,9.219323368511231,-0.005146266892552376,-3.306300453495698e-05,0.20869565217391295,0.0,0.0,0.0,0.0,0.0,
call355.ogg,Low,sinhala,-491.4606628417969,109.21415710449219,92.78801727294922,61.3892822265625,16.054893493652344,45.518306732177734,19.003662109375,60.2601203918457,2.9884121417999268,33.31580352783203,-2.737647294998169,32.4415283203125,-20.35770606994629,32.60396957397461,-13.425471305847168,24.628013610839844,-15.86956787109375,23.566587448120117,-20.618398666381836,23.591480255126953,-22.586118698120117,21.099374771118164,-11.309568405151367,18.19380760192871,-12.654682159423828,15.372859001159668,-12.211149215698242,13.332281112670898,-6.472793102264404,12.022783279418945,-9.51136589050293,12.708429336547852,-3.4325456619262695,14.19287109375,-6.096710681915283,13.205612182617188,-9.950769424438477,13.227052688598633,-3.651308536529541,13.74251937866211,-3.0036277770996094,10.813128471374512,-7.461034774780273,11.559409141540527,1.5477499961853027,12.703361511230469,-0.2640267610549927,11.728747367858887,0.5121491551399231,12.308444023132324,1.0896857976913452,12.418194770812988,0.22829952836036682,12.04538631439209,4.636207103729248,12.152052879333496,4.2267913818359375,12.823067665100098,4.307106971740723,11.532899856567383,2.941330671310425,10.080960273742676,5.786306381225586,12.189775466918945,2.5345635414123535,11.829484939575195,2.5900189876556396,10.681798934936523,1.7406266927719116,9.130043983459473,-0.5546936988830566,7.330215930938721,-0.046438008546829224,6.400523662567139,-2.496685266494751,5.325028896331787,-2.171609401702881,4.8216447830200195,-2.519399404525757,5.1222357749938965,239.88357108391696,50.19622884215108,0.025521084666252136,0.01818760298192501,0.08885501849688474,1066.035750588188,0.8625,11.456579463984383,0.002218419685959816,1.0949334943366833e-05,-0.0625,1.0,1.0,10.0,0.1111111111111111,0.0, Api api at edegipiri behalate Eapbuh Den Langni Hopi podam
call364.ogg,Medium,sinhala,-426.5755310058594,86.55017852783203,78.63191986083984,49.09202194213867,18.10131072998047,24.766468048095703,27.156967163085938,44.89711380004883,-10.93150806427002,31.241817474365234,-30.37949562072754,28.020925521850586,-31.034650802612305,21.375032424926758,-13.160181999206543,21.39698600769043,-17.46086311340332,23.834735870361328,-10.246061325073242,16.917234420776367,-20.87116813659668,14.401849746704102,-5.86497688293457,14.884485244750977,-0.24244672060012817,12.954798698425293,-13.461284637451172,12.926791191101074,-5.337384223937988,13.32870101928711,-8.328874588012695,10.066850662231445,-11.289505004882812,10.704416275024414,-7.3147783279418945,10.840784072875977,-4.586908340454102,10.357033729553223,-7.026820659637451,9.251842498779297,-6.544275283813477,11.933879852294922,-5.919888496398926,11.204549789428711,-1.5754481554031372,12.059855461120605,1.1411148309707642,13.191225051879883,2.7619874477386475,13.622261047363281,4.171481132507324,15.121186256408691,4.539601802825928,15.579092025756836,5.9696364402771,14.336719512939453,6.607865333557129,12.090288162231445,7.971189975738525,13.08656120300293,7.372693061828613,13.754366874694824,5.9825639724731445,13.547515869140625,3.6557517051696777,10.516651153564453,1.4559216499328613,8.789241790771484,0.02723025716841221,7.881528854370117,-0.5976723432540894,8.443876266479492,-0.947234570980072,7.292080402374268,-1.5900322198867798,5.938761234283447,-2.693093776702881,5.269011497497559,-3.232668161392212,4.901309013366699,229.4185777346664,40.774767154466424,0.03009585104882717,0.03539188206195831,0.08579303809171597,1191.7530522856894,0.9761904761904762,9.468110010665091,-0.023674387484788895,-0.00026017777808526733,0.023809523809523836,1.0,0.0,33.0,0.125,0.0," A month later, the bethen filming continued to the park. malta sa da yukak hi regime, to the people of the kingdom, the old figures of Thju, the Vloggeril planned to see the"
call371.ogg,Low,sinhala,-376.42779541015625,98.5479507446289,99.32113647460938,53.42436599731445,20.48918914794922,38.53225326538086,37.94422912597656,47.25910949707031,-38.97116470336914,39.605533599853516,-18.229951858520508,29.30158042907715,-8.815848350524902,41.695194244384766,-9.265806198120117,22.458547592163086,-14.49399185180664,25.136219024658203,-29.830825805664062,27.013931274414062,-7.06608772277832,17.261449813842773,3.2879271507263184,19.150861740112305,-9.928582191467285,20.393409729003906,-7.465812683105469,13.722236633300781,-5.8564324378967285,14.15025520324707,-14.99881362915039,13.122953414916992,-11.00753116607666,12.144290924072266,0.7766375541687012,12.620527267456055,-10.125734329223633,10.891199111938477,-2.297445774078369,9.664987564086914,1.0321511030197144,16.41279411315918,0.28112128376960754,16.444416046142578,10.442190170288086,16.40187644958496,2.2460172176361084,12.341160774230957,1.5200555324554443,15.404607772827148,3.0245487689971924,11.695672988891602,-1.2011011838912964,11.158895492553711,1.1993099451065063,10.737984657287598,-1.7523679733276367,9.241096496582031,0.4292880594730377,11.596151351928711,1.7027405500411987,12.04916763305664,3.7539517879486084,10.484562873840332,4.267791271209717,16.656171798706055,2.6821553707122803,13.67790699005127,-2.3316354751586914,12.180765151977539,-1.8024715185165405,5.711802005767822,-2.350541114807129,5.757198333740234,-4.2814741134643555,4.5798163414001465,-2.569432258605957,4.4520955085754395,-1.4586191177368164,6.093729496002197,241.6921651669502,38.970518326438324,0.03874605521559715,0.016667867079377174,0.1181392346398305,1538.1084450743258,0.9655172413793104,8.088763899773454,0.013742292299866676,0.00025479572969105036,0.13793103448275867,1.0,0.0,8.0,0.0,0.0, ibut apakah saya nak ber takkan semangat hanya
call372.ogg,Low,sinhala,-410.9368896484375,93.46172332763672,123.69146728515625,100.42598724365234,36.007965087890625,51.08303451538086,28.413541793823242,54.25545120239258,-33.553157806396484,37.81934356689453,-16.594379425048828,28.89236831665039,-13.26630687713623,20.359472274780273,-25.924388885498047,20.081806182861328,-10.298185348510742,19.024147033691406,-13.499253273010254,15.15681266784668,-9.348697662353516,12.49806022644043,0.5200682878494263,14.131905555725098,-4.006957530975342,16.867834091186523,-7.117015361785889,11.728675842285156,-11.599719047546387,10.17628288269043,-9.098384857177734,9.338102340698242,-9.653848648071289,10.422247886657715,-2.4915106296539307,5.664248943328857,-12.671887397766113,8.615220069885254,-7.910145282745361,7.228321552276611,-4.433744430541992,10.12324047088623,-4.208916664123535,9.749792098999023,0.27150630950927734,10.015557289123535,4.823558807373047,11.919249534606934,0.46147748827934265,10.090277671813965,5.253849506378174,11.18690299987793,3.7384653091430664,11.672135353088379,1.7456886768341064,9.94715690612793,5.152896881103516,8.418235778808594,2.221419334411621,10.490921974182129,2.020516872406006,13.298952102661133,3.7261786460876465,12.195611000061035,1.5005683898925781,6.360712051391602,-1.2012858390808105,3.855053424835205,-4.379019260406494,5.4670305252075195,-3.60371732711792,4.976741790771484,-1.0032867193222046,6.28654670715332,-2.2718217372894287,4.209022521972656,-4.094186305999756,4.026625156402588,-5.636321544647217,5.245091915130615,233.9798286503351,25.801233601158135,0.04319443553686142,0.02627241425216198,0.1251262796336207,1376.7536144808482,0.631578947368421,7.679118748234614,-0.004939321428537369,-0.00021540308146441613,0.2807017543859649,1.0,0.0,3.0,0.0,0.0,力 Limike 4
call396.ogg,Low,sinhala,-434.64569091796875,124.83987426757812,91.42059326171875,54.08407974243164,14.661968231201172,51.64881896972656,-8.999899864196777,52.120121002197266,-12.681680679321289,28.123672485351562,-7.944321632385254,29.652599334716797,-23.477373123168945,25.175615310668945,-8.97179889678955,25.895252227783203,-16.336135864257812,22.242389678955078,-13.036018371582031,19.060073852539062,-16.237213134765625,14.416718482971191,-8.731338500976562,14.863873481750488,-0.6792175769805908,12.838774681091309,-8.468978881835938,10.720659255981445,-8.987445831298828,10.800235748291016,-7.880203723907471,10.781874656677246,-7.918652057647705,10.243143081665039,-7.00141716003418,8.336130142211914,-7.563647747039795,8.940827369689941,-6.666201114654541,6.6501054763793945,-4.630985736846924,7.781546115875244,-6.085534572601318,7.3302507400512695,-4.669955253601074,7.7004313468933105,-3.165351152420044,9.931846618652344,1.585709810256958,10.953120231628418,4.348093032836914,11.00596809387207,5.151547431945801,10.679764747619629,10.073792457580566,12.568026542663574,7.013999938964844,10.258708000183105,6.589324474334717,11.243566513061523,3.9221465587615967,10.390913009643555,2.3573687076568604,8.456661224365234,0.1838289201259613,6.058650493621826,-1.4101818799972534,5.90574312210083,-0.6896352767944336,4.649780750274658,-3.249990701675415,5.154684543609619,-2.659026861190796,4.383059978485107,-2.0851306915283203,3.7795441150665283,-2.6767938137054443,3.8153302669525146,-2.5282771587371826,3.7274930477142334,210.91174319694892,49.567038638655724,0.02678375132381916,0.02469862997531891,0.09682124803046219,1155.7192249716793,0.7383966244725738,10.103042612838058,-0.010504467412829399,-4.271897808149569e-05,0.07594936708860756,1.0,0.0,4.0,0.0,0.0," ,ytak sa ninignatany 1968-20000."
call403.ogg,Low,sinhala,-497.24017333984375,103.95140838623047,94.62946319580078,69.76848602294922,28.22279930114746,47.84025955200195,30.422386169433594,54.10959243774414,8.791421890258789,27.045461654663086,-10.707454681396484,35.864227294921875,-32.477970123291016,34.48189163208008,-20.086668014526367,28.95021629333496,-18.269943237304688,28.68853759765625,-19.564355850219727,21.146398544311523,-15.455577850341797,19.9351863861084,-0.6469664573669434,17.070358276367188,-12.38923168182373,16.107572555541992,-9.586997032165527,10.531649589538574,-3.943028211593628,12.88183307647705,-13.608622550964355,13.098484992980957,-8.482236862182617,11.177579879760742,-5.286403179168701,11.753625869750977,-9.557579040527344,11.31232738494873,-5.662182331085205,12.090714454650879,-2.7639737129211426,10.563918113708496,-5.655403137207031,12.609784126281738,-1.7376902103424072,12.19192886352539,-2.1308016777038574,12.212151527404785,3.676229238510132,13.368257522583008,8.351116180419922,18.463293075561523,2.550417184829712,10.25126838684082,5.816809177398682,12.914661407470703,2.5381078720092773,12.712634086608887,3.1798622608184814,12.242494583129883,4.796924114227295,11.426433563232422,2.2842798233032227,10.961631774902344,0.47264963388442993,11.90523910522461,0.2501418888568878,10.48917293548584,1.0212962627410889,11.47119140625,-3.126105785369873,8.803924560546875,-2.2033936977386475,6.228963851928711,-4.395248889923096,5.822845935821533,-2.7205822467803955,4.8028340339660645,-2.8111088275909424,4.771120548248291,231.00961522896745,33.06528864479147,0.024937225505709648,0.013529237359762192,0.118059961928934,1334.5098281115365,0.8877551020408163,8.329154571659013,-0.005700135603547096,-3.4250103849590927e-05,0.16326530612244894,1.0,0.0,8.0,0.0,0.0," yawa, arna nami Sh Wasn in representingnem saath路,"
call404.ogg,Medium,sinhala,-501.0655517578125,95.30669403076172,72.899658203125,54.98945617675781,23.285165786743164,38.54767608642578,36.32001876831055,46.874298095703125,8.885163307189941,27.476932525634766,-17.869958877563477,32.14830017089844,-36.94232940673828,32.81175231933594,-19.484745025634766,26.04747200012207,-11.093783378601074,26.693519592285156,-18.585206985473633,21.38288688659668,-14.248738288879395,18.651674270629883,-2.356182098388672,16.133024215698242,-10.660709381103516,15.185644149780273,-10.703498840332031,12.968586921691895,-8.268427848815918,12.88117504119873,-8.724950790405273,10.815260887145996,-6.294168949127197,10.284672737121582,-5.4823126792907715,10.221002578735352,-12.042563438415527,10.794861793518066,-5.502640247344971,10.284588813781738,-4.481040000915527,9.973711013793945,-8.710830688476562,11.226446151733398,-6.9520368576049805,11.64048957824707,-1.2887459993362427,12.122779846191406,4.541346549987793,12.208703994750977,4.235471248626709,14.736572265625,7.070205211639404,12.808367729187012,6.831502437591553,12.25798225402832,6.110555648803711,11.8396577835083,4.355611324310303,12.222079277038574,4.158625602722168,11.238701820373535,1.3795479536056519,10.98530101776123,-2.0480756759643555,8.703019142150879,-0.5581738352775574,7.008126258850098,-2.8228237628936768,6.438720226287842,-2.555136203765869,5.163158416748047,-4.515073299407959,5.615038871765137,-2.783174991607666,5.714581489562988,-2.911545515060425,5.030282020568848,-3.4389867782592773,4.850659370422363,236.6786507073213,32.98621655671912,0.018317533656954765,0.014688792638480663,0.12793356274801587,1430.5329995064762,0.8037135278514589,7.277571663427757,-0.0007546748965978622,-6.151073818810706e-07,-0.13262599469496017,1.0,0.0,7.0,0.0,0.0, sono otra ho Est Wrap introduced to
call459.ogg,Medium,tamil,-460.3854675292969,109.196044921875,68.51922607421875,63.8879508972168,10.348488807678223,54.25669479370117,12.99715518951416,62.5495491027832,-19.299922943115234,37.56978988647461,-7.6091203689575195,32.18120574951172,-28.713594436645508,27.077945709228516,-20.635347366333008,28.944623947143555,-8.349550247192383,22.330137252807617,-16.29231071472168,18.23456382751465,-8.764463424682617,12.188109397888184,-2.7599635124206543,13.767545700073242,-13.071775436401367,12.734044075012207,-8.683082580566406,13.00401496887207,-7.3622541427612305,11.94827651977539,-10.947230339050293,10.494295120239258,-6.133922576904297,10.566661834716797,-6.5254225730896,10.869806289672852,-6.253015041351318,11.822911262512207,-2.033851146697998,11.510260581970215,2.429517984390259,13.99007511138916,4.981237411499023,16.479206085205078,8.893967628479004,14.063922882080078,8.656281471252441,15.144594192504883,9.596158027648926,15.971685409545898,11.473830223083496,15.920607566833496,6.356354713439941,12.99785041809082,6.664357662200928,10.741900444030762,1.3777036666870117,10.243844032287598,-1.6873648166656494,8.965649604797363,-0.45458275079727173,7.2083587646484375,-1.3900359869003296,6.626234531402588,-3.7539758682250977,6.800057888031006,-4.867595195770264,6.782868385314941,-5.161694049835205,6.045548915863037,-3.3531694412231445,6.377739429473877,-3.571104049682617,5.315161228179932,-5.854996204376221,6.801628112792969,-3.025455951690674,5.673645496368408,-2.5598318576812744,6.1094770431518555,266.23961649421614,30.651503503619207,0.025769930332899094,0.02168647199869156,0.17729760021097046,1904.976711333324,0.8983050847457628,11.68017085139818,-0.012834010645747185,-8.178920974787827e-05,0.05084745762711862,1.0,0.0,22.0,0.047619047619047616,0.0, It has been raining on stalker 2 days. The roads are always blocked when this happens. And no one fixed the drain.
call468.ogg,High,tamil,-437.146240234375,110.20265197753906,83.4258041381836,68.73867797851562,-0.6661906838417053,60.17853546142578,8.023083686828613,72.17011260986328,-19.102304458618164,44.52749252319336,-6.459087371826172,34.71343994140625,-12.082324028015137,29.464466094970703,-15.878049850463867,33.407894134521484,-8.759668350219727,23.649452209472656,-4.2919020652771,17.64579963684082,-10.30949878692627,13.401625633239746,-12.02629280090332,15.97158432006836,1.6722007989883423,17.151826858520508,-7.660617828369141,11.839242935180664,-9.07038402557373,11.473320960998535,-2.8572745323181152,12.41161060333252,-10.41543197631836,12.063448905944824,-8.83558464050293,9.46908950805664,-8.264847755432129,9.73609447479248,-5.7299017906188965,11.783114433288574,-1.5662354230880737,12.315386772155762,-1.8577117919921875,10.71274471282959,3.7791221141815186,12.682170867919922,3.4754714965820312,14.196743965148926,5.434985637664795,13.975117683410645,7.441980838775635,12.492311477661133,8.159396171569824,14.895880699157715,7.316661834716797,16.27472496032715,2.7849762439727783,14.168913841247559,0.23981787264347076,12.60704231262207,-3.674264669418335,10.569249153137207,-3.460815906524658,9.374349594116211,-3.077463388442993,8.700153350830078,-3.1248788833618164,7.621391296386719,-4.450779438018799,6.1707844734191895,-4.308745861053467,6.38794469833374,-3.6381380558013916,5.516450881958008,-4.180569171905518,6.76691198348999,-2.5571835041046143,6.634363174438477,-3.7039475440979004,5.998364448547363,229.89206756999562,57.851644242675,0.029853403568267822,0.02681656740605831,0.12615325571498054,1479.327174225986,0.8125,10.910172447019075,-0.01984316110610962,-9.841438152865864e-05,0.015625,1.0,1.0,13.0,0.0,0.0," Candy, Uduvila Garden Street, 29th House School of Water, Valiya Pogra Phadi, Blockcast."
call472.ogg,Medium,tamil,-467.7309265136719,94.15335845947266,89.42925262451172,72.72078704833984,14.642403602600098,52.27634048461914,10.762805938720703,74.31877136230469,-27.873924255371094,38.56086730957031,-13.797212600708008,30.492828369140625,-17.982807159423828,30.860010147094727,-18.366596221923828,24.765945434570312,-13.208382606506348,25.153968811035156,-12.086647987365723,17.596078872680664,-13.524260520935059,15.199645042419434,-13.778501510620117,18.98085594177246,2.985806465148926,18.12082862854004,-6.692971706390381,11.248433113098145,-8.76121997833252,10.823212623596191,-5.4604010581970215,12.541135787963867,-12.370043754577637,10.945904731750488,-9.74650764465332,8.699246406555176,-11.187887191772461,8.97263240814209,-8.638073921203613,9.832823753356934,-4.383517742156982,10.22811508178711,-1.5977091789245605,11.828590393066406,4.45692777633667,13.466970443725586,6.896198272705078,15.072660446166992,8.150075912475586,14.241899490356445,7.27719783782959,13.973502159118652,6.0704121589660645,13.44183349609375,5.439860820770264,13.723099708557129,2.407898426055908,12.509366989135742,1.5609376430511475,11.644871711730957,-2.0699541568756104,10.670705795288086,-2.881535768508911,8.542325019836426,-4.333034992218018,7.432416915893555,-3.1186351776123047,8.520578384399414,-1.8191357851028442,7.100379467010498,-3.786778211593628,7.28947639465332,-3.7366764545440674,5.008242130279541,-3.6305348873138428,5.719577312469482,-3.699774980545044,5.492010593414307,-4.583974838256836,6.023454666137695,246.6605408380858,37.67333444695501,0.026191264390945435,0.026189101859927177,0.12535852819055945,1398.1393719424823,0.8912280701754386,11.393874890473834,-0.005494428798556328,-3.198733520294712e-05,0.15438596491228074,1.0,2.0,14.0,0.0,0.0," கண்டி, சிங்கிராய்கோடு, ரோரோ, இளக்கம் இருவர் திரும்பித்து, கீழ் மட்டம் முடிவது, கண்டிரில் மூட்டியுள்ளது. நாங்கள் மேலே, உதவிகாது."
call474.ogg,Medium,tanglish,-444.59613037109375,114.1713638305664,82.56817626953125,71.87196350097656,-4.610433101654053,49.885284423828125,2.5224080085754395,66.63691711425781,-33.5301628112793,39.11235427856445,-10.955412864685059,29.70226287841797,-22.725757598876953,35.47001647949219,-22.323564529418945,25.188751220703125,-8.843622207641602,23.125770568847656,-14.08998966217041,17.370418548583984,-15.017181396484375,15.063295364379883,-12.02869701385498,14.484457969665527,0.3223720192909241,17.807952880859375,-8.997087478637695,12.901565551757812,-7.953135013580322,11.882086753845215,-8.362391471862793,12.954235076904297,-14.593158721923828,11.701281547546387,-9.066899299621582,8.672819137573242,-8.206765174865723,9.480286598205566,-6.233036994934082,10.716409683227539,-0.6029564142227173,14.367633819580078,0.4468799829483032,14.813057899475098,3.810811996459961,15.268117904663086,6.544501781463623,15.115878105163574,5.5705485343933105,14.716272354125977,7.212979316711426,15.041674613952637,8.798739433288574,14.527101516723633,5.95253849029541,14.448280334472656,4.15532922744751,12.94251537322998,2.588200092315674,13.681635856628418,-0.5845609903335571,10.923517227172852,0.7913410067558289,10.611568450927734,-0.8430727124214172,10.662362098693848,-1.5886908769607544,10.598039627075195,-1.061854600906372,8.69415283203125,-1.762838363647461,7.2976250648498535,-1.6226658821105957,7.059470176696777,-3.0938780307769775,6.291755199432373,-3.3710246086120605,7.462172508239746,-3.2928965091705322,7.227792263031006,246.07388988498334,36.98877595861317,0.028605710715055466,0.02940923348069191,0.13534720839968153,1539.4252515593862,0.7348242811501597,12.325343362972362,-0.005062710493803024,-2.6290355909673492e-05,-0.0638977635782747,1.0,2.0,19.0,0.05555555555555555,-0.05263157894736842," கண்டி, சிங்கராய குடை, Low Road, Number 2, Vick, Low Level, Full Water, Mool Girichet Nala Meela, Help by Pant"
call481.ogg,High,tanglish,-420.85992431640625,132.12606811523438,97.69713592529297,64.46817779541016,-1.5642880201339722,55.11890411376953,7.12137508392334,60.89918518066406,-18.934345245361328,40.460269927978516,-9.513713836669922,26.291152954101562,-23.867475509643555,34.314815521240234,-12.266698837280273,21.72571563720703,-11.295562744140625,26.991559982299805,-11.147343635559082,21.302038192749023,-4.038398265838623,20.087156295776367,-18.32152557373047,22.22646141052246,0.5621917247772217,16.314077377319336,-5.052218914031982,13.127856254577637,-10.465128898620605,15.972578048706055,-0.18691593408584595,10.497673988342285,-8.470768928527832,10.110228538513184,-5.39603853225708,7.856619358062744,-5.540731430053711,7.544722557067871,-4.611551284790039,8.37137508392334,-2.5802769660949707,6.87970495223999,-3.5011465549468994,7.108007907867432,-3.77162766456604,7.607559680938721,-5.474634647369385,7.018420219421387,-4.105664253234863,7.974816799163818,-4.666142463684082,8.215734481811523,-4.7185845375061035,9.37426471710205,-2.636460304260254,9.318679809570312,-1.2294211387634277,10.618021011352539,0.11155734956264496,10.638469696044922,2.5155770778656006,13.202598571777344,2.0437870025634766,11.302696228027344,1.718394160270691,10.368335723876953,3.637812376022339,11.285317420959473,2.7532124519348145,12.577249526977539,2.64436936378479,10.764760971069336,0.8581607341766357,8.770210266113281,-2.910148859024048,7.612879276275635,-2.418001890182495,6.307919979095459,-2.414881467819214,5.3845720291137695,194.1230777132088,44.70000869997103,0.03247671574354172,0.0332183763384819,0.10822550455729167,1257.39038458913,0.7560975609756098,9.131326896040427,-0.015497783198952675,-8.161177145770006e-05,0.04878048780487809,1.0,0.0,1.0,0.0,0.0,wert
call484.ogg,High,tanglish,-441.31317138671875,110.24495697021484,87.16041564941406,75.851318359375,2.088080883026123,64.87152862548828,13.63674545288086,66.1700668334961,-19.077993392944336,37.14811706542969,-13.50864315032959,31.260190963745117,-28.60651206970215,30.616090774536133,-18.346025466918945,21.23867416381836,-15.777444839477539,26.70584487915039,-11.530669212341309,19.63945960998535,-5.127986431121826,18.26333236694336,-20.536128997802734,18.517356872558594,-2.7884581089019775,19.925430297851562,-9.703465461730957,11.783782958984375,-14.233325958251953,12.854208946228027,-2.945678234100342,12.60324764251709,-11.100728034973145,10.987533569335938,-5.86890172958374,9.063949584960938,-8.388660430908203,8.472027778625488,-4.853728294372559,7.523341178894043,-1.6916155815124512,7.230720043182373,-4.8111138343811035,7.333035945892334,-2.153313159942627,5.913305282592773,-2.8555808067321777,6.767792224884033,0.2021292746067047,7.689565658569336,-1.4509625434875488,6.778367042541504,-4.644237995147705,9.42330551147461,-0.6287838220596313,10.233182907104492,0.8455789089202881,11.870475769042969,2.2446389198303223,13.651909828186035,6.803927898406982,14.657366752624512,8.759086608886719,13.071907997131348,8.071236610412598,14.007462501525879,8.121644020080566,12.863921165466309,6.069286823272705,12.82447624206543,4.180863857269287,12.296676635742188,1.3943349123001099,9.265064239501953,0.7030774354934692,8.198736190795898,-0.4312792122364044,8.107284545898438,-3.476212978363037,6.484738349914551,194.53772313782807,31.969184480569183,0.029331112280488014,0.026874521747231483,0.14556458938953487,1538.5343711274747,0.8287937743190662,8.502718828647257,0.0028539150953292847,-1.47443804954719e-05,-0.25680933852140087,0.9838709677419355,0.0,11.806451612903226,0.0,0.0, கலாம்பு தேhiwala murain drive number 10 அப்பார்டமன் கொரிடோ பூலு சமோக фாயரங்கச்டாட்டாயிடிச்சுவின் தெரியல்
call485.ogg,High,tanglish,-441.9532470703125,100.80868530273438,77.45745086669922,74.48439025878906,9.526322364807129,47.15796661376953,23.72167205810547,74.7604751586914,-13.615960121154785,39.49123001098633,-14.740928649902344,30.290611267089844,-28.522375106811523,30.62632179260254,-16.433856964111328,20.201417922973633,-18.691926956176758,25.947010040283203,-14.597661972045898,21.40713882446289,-5.520598411560059,19.56857681274414,-21.442989349365234,18.450441360473633,-2.3069448471069336,15.981314659118652,-8.51644515991211,10.621869087219238,-14.168580055236816,11.794480323791504,-1.1481943130493164,11.518973350524902,-9.851435661315918,9.717706680297852,-6.593467712402344,9.11827278137207,-6.465627193450928,9.676758766174316,-4.737056732177734,7.948296070098877,-3.9657137393951416,6.914318084716797,-5.5122246742248535,7.285445213317871,-2.464094638824463,6.864587783813477,-4.612881183624268,6.9391303062438965,-0.7468773722648621,7.319823265075684,-3.5890564918518066,8.256631851196289,-6.626184463500977,9.745753288269043,-2.1248083114624023,10.00206184387207,-2.1644089221954346,9.06933879852295,-1.025726318359375,11.342696189880371,4.3811726570129395,12.99623966217041,7.2204155921936035,13.968533515930176,7.8071064949035645,15.306278228759766,9.049349784851074,14.110861778259277,8.012968063354492,12.995129585266113,4.5840983390808105,11.190800666809082,1.9481743574142456,10.753786087036133,2.7755439281463623,9.879398345947266,1.6402651071548462,9.296409606933594,-1.024035096168518,6.951397895812988,190.97654553648596,21.361145933209723,0.030475810170173645,0.03010641410946846,0.13336332967458678,1475.448326601564,0.7842323651452282,5.880167500508678,-0.01968436874449253,-0.00011913198454086754,-0.024896265560165887,1.0,1.0,14.0,0.08333333333333333,0.0, கண்டி பெயராது நீண்டு நம்மும் உங்கள் வீட்டு வேண்டும் வாட்டை வாட்டை வாட்டை வருந்து நாங்கள் வெளியவற்கு வரமுடியில்லை.
call491.ogg,Low,singlish,-474.1762390136719,110.99248504638672,69.51145935058594,90.28466033935547,13.444458961486816,44.70744323730469,7.636073589324951,55.09211730957031,-14.135369300842285,26.79332160949707,-12.875304222106934,34.087406158447266,-11.492473602294922,25.35482406616211,-21.725444793701172,24.311464309692383,-19.68553352355957,23.570785522460938,-20.220020294189453,19.664657592773438,-20.12313461303711,17.600631713867188,-16.66807746887207,15.035688400268555,-10.65994930267334,14.300443649291992,-7.574575424194336,12.102679252624512,-1.8590514659881592,12.882129669189453,-6.310914516448975,13.792352676391602,-11.015945434570312,16.9100399017334,0.35964861512184143,16.336435317993164,-4.144529342651367,14.043707847595215,-1.786641240119934,11.981738090515137,-0.47597798705101013,14.724635124206543,2.6733460426330566,15.448640823364258,3.0535547733306885,12.8317232131958,4.578588962554932,13.63302993774414,0.9656779766082764,15.140158653259277,3.11720871925354,11.975918769836426,6.106257915496826,12.253589630126953,3.390693426132202,13.567991256713867,0.8249467611312866,12.077777862548828,1.5141559839248657,9.707540512084961,1.7372769117355347,9.658285140991211,3.1239583492279053,9.039440155029297,2.8238885402679443,8.753179550170898,0.2270975112915039,8.669656753540039,-0.3600243330001831,7.531630039215088,-0.6888417601585388,7.596673488616943,-2.205594062805176,6.201006889343262,-3.0096795558929443,6.494576930999756,-2.860935688018799,5.616201877593994,-1.1905030012130737,6.321090221405029,274.449586189625,59.79433333938257,0.024968916550278664,0.017834244295954704,0.11424394087357954,1413.6793647177483,0.7485714285714286,12.228970798006603,0.006164165213704109,1.3824455753861686e-05,-0.2857142857142857,1.0,0.0,21.0,0.0,0.0," Tomo, look howażer they are. I think its 물own Furthermore we can see ihn n.a. but acceptis the good not sure."
call502.ogg,Medium,singlish,-444.42376708984375,96.85435485839844,90.32825469970703,92.30480194091797,-0.296294242143631,48.06084060668945,8.283600807189941,59.515071868896484,-18.6705379486084,24.889829635620117,-28.559736251831055,41.88960647583008,-22.61553955078125,29.096004486083984,-32.435096740722656,28.10797882080078,-15.734106063842773,25.176063537597656,-19.630388259887695,19.290348052978516,-22.717214584350586,20.273101806640625,-16.587398529052734,16.312314987182617,-14.006551742553711,15.81849479675293,-8.130983352661133,13.64281940460205,-6.730173587799072,12.970816612243652,-7.286877155303955,12.041582107543945,-15.24042797088623,14.363245010375977,-0.42200958728790283,15.827319145202637,-4.950265407562256,15.218480110168457,6.5336432456970215,18.98582649230957,2.08099365234375,17.44673728942871,12.401300430297852,18.947978973388672,7.990795135498047,15.882685661315918,13.449970245361328,16.410991668701172,5.464454174041748,17.058380126953125,3.4468915462493896,12.652417182922363,4.608497619628906,11.338839530944824,1.507015347480774,11.302506446838379,-2.3437561988830566,9.945761680603027,0.5828066468238831,6.631768703460693,-0.4050242006778717,8.18628978729248,-1.4692579507827759,7.480853080749512,-1.0449084043502808,5.7620954513549805,-3.8358798027038574,6.332625389099121,-0.07260871678590775,7.482553958892822,-0.9972184896469116,7.550065517425537,-1.8455787897109985,6.2588982582092285,-2.256972551345825,7.600205898284912,-2.1084816455841064,7.816699504852295,-1.5544888973236084,7.058599472045898,283.08155710956237,37.4726051624294,0.027240481227636337,0.013110978528857231,0.12308830492424243,1498.5777528351657,0.8475609756097561,15.117882703185618,5.6158751249313354e-06,7.50277821670708e-06,-0.13414634146341464,0.8709677419354839,0.0,6.967741935483871,0.0,0.0, Maybe more back to acting at all уровa.
call504.ogg,Low,tamil,-425.4414367675781,112.35081481933594,97.24462890625,64.26708984375,10.618782043457031,54.03871536254883,61.8465461730957,71.30136108398438,-0.4285658001899719,33.90773391723633,-9.48954963684082,31.07602882385254,-25.84837532043457,29.40298843383789,-13.471570014953613,27.34381103515625,-11.637005805969238,25.53490447998047,-19.344547271728516,21.47511100769043,5.652042388916016,21.78774070739746,-6.626438140869141,16.825496673583984,3.908496856689453,14.775101661682129,-2.35896372795105,12.747377395629883,-7.840028285980225,11.533891677856445,3.39349365234375,14.677330017089844,-13.135602951049805,10.489480972290039,-1.7149876356124878,9.366177558898926,-6.885040283203125,8.846683502197266,-8.080168724060059,7.856860160827637,-3.381338596343994,8.091145515441895,-7.192950248718262,8.284446716308594,-8.184006690979004,6.440809726715088,-7.280457973480225,7.3342695236206055,-7.760953426361084,8.105196952819824,-7.258762836456299,5.906219005584717,-7.7665510177612305,7.426241397857666,-7.168125629425049,6.823953151702881,-11.36555004119873,10.018338203430176,-8.724740028381348,8.824908256530762,-4.345098495483398,9.998926162719727,-2.086143970489502,12.567863464355469,4.207197666168213,16.163719177246094,7.241649150848389,14.440402030944824,7.304381847381592,12.829235076904297,7.492671012878418,11.874372482299805,4.9909210205078125,13.290607452392578,1.488571286201477,11.899545669555664,0.8854297995567322,9.537291526794434,-0.5648723244667053,9.818811416625977,177.32678430934902,14.860197119014492,0.028484126552939415,0.019175443798303604,0.1081304335056391,1422.549336912153,0.9772727272727273,3.7315251973646033,0.000591374933719635,-2.023928654867116e-05,0.015151515151515138,1.0,0.0,1.0,0.0,0.0, multiplayer
call506.ogg,Low,tamil,-436.0591125488281,120.01787567138672,74.16570281982422,64.05669403076172,-4.389957904815674,57.63978576660156,49.325069427490234,67.61092376708984,-19.653867721557617,43.402809143066406,-9.393681526184082,22.894363403320312,-21.29090118408203,29.54509162902832,-21.884145736694336,23.013559341430664,-6.706405162811279,20.113784790039062,-24.557607650756836,22.57790756225586,-5.863590240478516,21.68115234375,-12.016732215881348,17.69776725769043,-0.509171187877655,16.205198287963867,-8.609192848205566,13.324525833129883,-15.107611656188965,13.002969741821289,-6.82387638092041,12.19690990447998,-14.45828914642334,12.486542701721191,-8.720643997192383,10.283970832824707,-6.283145904541016,7.850241184234619,-8.006582260131836,9.340950012207031,-7.4536519050598145,9.969928741455078,-7.655221939086914,9.127345085144043,-7.110658168792725,7.321113586425781,-5.7254157066345215,7.481470584869385,-5.382424831390381,8.91108512878418,-5.425528526306152,7.544318199157715,-3.256808280944824,10.699914932250977,0.7201242446899414,13.436951637268066,2.4518370628356934,17.743663787841797,8.311352729797363,18.55614471435547,9.166433334350586,15.769121170043945,9.434121131896973,15.783267974853516,7.575654983520508,17.495559692382812,9.328316688537598,16.713726043701172,5.295228004455566,14.810261726379395,3.957616090774536,10.175219535827637,1.8250298500061035,9.36819839477539,-0.9025431871414185,7.913356781005859,-0.22295604646205902,9.945832252502441,0.36384713649749756,7.621865272521973,194.97771203318553,18.54598785736967,0.030794259160757065,0.029304571449756622,0.13620461856617647,1627.8208241832401,0.9644970414201184,5.9626499392587196,-0.006409240886569023,-5.062367578303584e-05,-0.011834319526627168,1.0,1.0,7.0,0.0,0.0, இப்போது அடிக்கும் மேலை வீட்டு பக்கம் புகை வருட்டு.
call507.ogg,High,tamil,-440.9668273925781,99.06015014648438,84.71893310546875,71.1216049194336,-2.514634847640991,58.173587799072266,39.39387130737305,70.27729034423828,-11.049774169921875,33.56215286254883,-14.188793182373047,31.49698829650879,-15.51064395904541,30.258291244506836,-15.808679580688477,22.49180030822754,-15.932662010192871,23.117536544799805,-17.757266998291016,21.355192184448242,-2.30338716506958,16.57713508605957,-15.729084968566895,16.89756202697754,-3.177311658859253,14.79115104675293,-5.898036003112793,13.824126243591309,-13.811861038208008,13.13688850402832,-9.789361000061035,11.5943603515625,-12.142267227172852,12.79823112487793,-11.2037353515625,10.149526596069336,-8.904701232910156,7.839755535125732,-3.6768062114715576,8.008368492126465,-7.847867012023926,8.355090141296387,-6.091277122497559,6.907125949859619,-7.0751824378967285,7.819742679595947,-5.754059314727783,6.9301066398620605,-2.897977352142334,7.27031946182251,-6.12244176864624,6.793635368347168,-8.562561988830566,6.428266525268555,-4.726958274841309,6.60294771194458,-5.918307781219482,8.82180404663086,-1.7731338739395142,12.363703727722168,3.427049160003662,15.781393051147461,10.436722755432129,17.99687957763672,11.213967323303223,14.902064323425293,14.409354209899902,13.83181095123291,12.245237350463867,14.855112075805664,8.902702331542969,13.751622200012207,6.6834917068481445,11.372448921203613,2.384787082672119,10.530364990234375,-0.4468843936920166,8.572903633117676,-0.5343696475028992,6.583388328552246,186.11484246214405,12.554761436670738,0.026830822229385376,0.018318139016628265,0.11834478997564934,1457.7883884719008,0.9738562091503268,4.272346278986475,-0.008290598168969154,-7.885502730609623e-05,-0.013071895424836555,1.0,0.0,10.0,0.0,0.0, தணியர் முழ்கா விட்டுக்குள் வந்திரித்து நாங்க மேலே நிக்கிரம் உடனை ஓதவி வேண்டும்.
call508.ogg,High,tamil,-434.8963928222656,111.88831329345703,92.60649108886719,55.61955642700195,1.6914421319961548,66.66963195800781,51.97434616088867,69.50336456298828,-10.723942756652832,27.591745376586914,2.451134204864502,30.602052688598633,-22.039108276367188,35.24913787841797,-13.111658096313477,19.803232192993164,-7.469080924987793,27.346940994262695,-17.990863800048828,25.890758514404297,6.50715970993042,18.909183502197266,-11.185214042663574,16.93471908569336,2.051055669784546,20.114233016967773,-1.872464895248413,12.294076919555664,-12.315079689025879,16.13717269897461,-3.958284854888916,14.537919044494629,-9.331611633300781,13.138118743896484,-10.220205307006836,13.23132610321045,-6.666989803314209,7.943860054016113,-5.00944185256958,9.248848915100098,-5.482226848602295,7.038991451263428,-7.332907199859619,9.033451080322266,-4.389852523803711,7.843086242675781,-9.339964866638184,7.857768535614014,-7.347318649291992,7.685904026031494,-4.996730804443359,6.396975994110107,-8.443198204040527,8.51824951171875,-6.254969596862793,9.569347381591797,-2.5482163429260254,13.072623252868652,-0.08779972046613693,12.341182708740234,4.799670696258545,12.30678939819336,11.67049503326416,14.546884536743164,10.294042587280273,15.177732467651367,9.92501449584961,14.06637954711914,5.0397047996521,10.64790153503418,-0.6539382338523865,11.06273365020752,-3.5545945167541504,9.707688331604004,-4.527677536010742,8.702865600585938,-3.0594451427459717,7.569566249847412,-3.365213632583618,7.855321884155273,190.4283284199461,14.084630974699664,0.027240686118602753,0.021133922040462494,0.09854277482269504,1356.4283145921406,0.9571428571428572,3.255170184743688,0.009387858211994171,4.775865077365582e-05,-0.08571428571428574,1.0,1.0,9.0,0.0,0.0, சிக்கிரம் வாங்க கொள்ளம்பில் எங்கள் வீட்டில் கொள்ளந்தேகள் இருக்கும் அரைபக்கம் தீபராவது
call509.ogg,High,tanglish,-373.779541015625,101.76861572265625,80.99134063720703,56.64686965942383,-21.789525985717773,67.76012420654297,20.15908432006836,65.53648376464844,-15.150433540344238,31.8618221282959,-9.631365776062012,33.909034729003906,-20.362585067749023,28.983837127685547,-14.516853332519531,22.207733154296875,-4.481206893920898,28.895401000976562,-16.91339874267578,23.914770126342773,1.2192997932434082,14.857260704040527,-6.894268989562988,15.197196006774902,-8.259733200073242,16.22880744934082,-3.578376054763794,13.484298706054688,-13.80599308013916,15.120118141174316,-5.761363506317139,12.590928077697754,-8.417426109313965,11.731127738952637,-8.741884231567383,7.8756585121154785,-4.387531280517578,7.135526180267334,-7.189193248748779,9.177617073059082,-5.8038811683654785,7.471385478973389,-4.721767425537109,6.690422058105469,-5.5059332847595215,5.9497809410095215,-4.032846927642822,6.384320259094238,-3.9852046966552734,7.567803859710693,-4.484499931335449,8.889252662658691,-4.494107246398926,9.244864463806152,-1.806642770767212,11.942075729370117,0.8826537132263184,13.464000701904297,2.8022117614746094,15.69810676574707,3.1596970558166504,13.927910804748535,3.655194044113159,14.956704139709473,3.6438958644866943,15.737213134765625,4.255937576293945,13.711209297180176,4.205064296722412,13.555115699768066,3.4380366802215576,12.959739685058594,2.456482172012329,11.848010063171387,1.1763505935668945,9.581610679626465,-0.5930368900299072,8.97188663482666,-0.9804959893226624,7.466485977172852,194.26056462090042,22.00564905492752,0.03634364530444145,0.030271243304014206,0.12702101437165775,1477.6224731489006,0.9247311827956989,6.47703567902701,-0.003955122083425522,-9.282179224466677e-05,-0.08602150537634412,1.0,0.0,13.0,0.0,0.0," கொல்லம் மரதான, சொப்பு நம்ப பாணண்டு, பேக்கும்லைப் பயர்ஸ்பைத் தாகுத்து, விண்டிஜாக் கொள்ளை இருக்காங்கள் வெளியும் வரமுடியல்"
call511.ogg,Medium,tamil,-432.0279541015625,83.4349365234375,62.10626983642578,47.29819869995117,10.308897018432617,45.48133850097656,28.275367736816406,51.625213623046875,-23.8929386138916,30.752012252807617,-9.078968048095703,23.463666915893555,-26.10780906677246,23.1646785736084,-33.23484802246094,25.30280303955078,-16.509382247924805,25.09193229675293,-16.68413543701172,16.017597198486328,-13.878914833068848,15.298721313476562,-7.275347709655762,15.709634780883789,-4.443119525909424,13.312352180480957,-10.9819974899292,11.228677749633789,-2.428809642791748,9.842623710632324,-7.325414657592773,10.440438270568848,-12.526532173156738,9.924483299255371,-7.361171245574951,8.888086318969727,-12.689738273620605,9.591788291931152,-5.9470014572143555,9.562485694885254,-7.122946739196777,8.708663940429688,-6.314331531524658,9.926006317138672,1.1582940816879272,11.036809921264648,-0.04445606842637062,12.325143814086914,5.79708194732666,14.462029457092285,9.25833797454834,13.882494926452637,11.975120544433594,13.410087585449219,17.655981063842773,14.268026351928711,14.91947078704834,14.847602844238281,10.061178207397461,14.373108863830566,4.180978298187256,12.750274658203125,0.6916245222091675,10.446676254272461,0.6145251989364624,8.455244064331055,1.063718318939209,8.779630661010742,-0.1409614384174347,7.780628681182861,-2.666062355041504,7.438660144805908,-3.2483460903167725,6.01311731338501,-2.875955581665039,6.546273231506348,-1.8088650703430176,6.143588542938232,-3.856706380844116,5.858424186706543,228.5581755219732,24.44649078954894,0.02490074187517166,0.026983099058270454,0.10319010416666667,1413.439148361856,0.9457013574660633,7.11873760984734,-0.014910580590367317,-0.00013765123042322968,0.09954751131221717,1.0,0.0,15.0,0.0,0.0, கொள்ளும்பு போரல் ரால் ராஸ்பிடில் தோட்டில்லக்காமாக வீட்டின கீல் மாடில் தான்னிர் முலங்கால வரை வேண்டும்லது குடும்பக்கள் மேலை நிக்கின்
call513.ogg,Low,sinhala,-445.1214904785156,128.8713836669922,70.54993438720703,65.30398559570312,11.769218444824219,46.86573791503906,11.727361679077148,57.61104965209961,-13.393718719482422,24.311626434326172,-24.573043823242188,38.101287841796875,-11.073354721069336,31.988292694091797,-25.304794311523438,28.685670852661133,-9.728917121887207,27.482892990112305,-13.958834648132324,18.452707290649414,-20.31498908996582,17.671829223632812,-10.274578094482422,19.99323081970215,-18.541576385498047,18.248804092407227,-8.128304481506348,12.537402153015137,-11.00033950805664,15.474164962768555,-1.3174185752868652,13.032781600952148,-12.747088432312012,13.617189407348633,-4.133952617645264,12.427450180053711,-8.285552978515625,11.987032890319824,-3.2717456817626953,10.964757919311523,-1.0605363845825195,13.086710929870605,5.3885650634765625,12.916390419006348,4.7611494064331055,14.880634307861328,9.951030731201172,15.350849151611328,3.7409915924072266,11.996169090270996,4.539181709289551,11.375307083129883,5.984163761138916,10.23630142211914,1.3770066499710083,10.123211860656738,5.267009735107422,10.443260192871094,2.347748041152954,8.311277389526367,0.768423318862915,8.64911937713623,0.9427226185798645,7.134453296661377,-0.27999305725097656,8.801929473876953,-0.6750632524490356,6.920108318328857,-0.4710278809070587,6.389278411865234,-2.523897409439087,6.094201564788818,-2.582704544067383,5.2980780601501465,-2.189884901046753,4.8242292404174805,-3.384366512298584,4.944790363311768,-2.835855722427368,5.035362720489502,254.36364789637392,37.007574803978656,0.024677420035004616,0.01843850128352642,0.1134228515625,1761.3042673084437,0.8140703517587939,12.545689852505722,-0.00013286061584949493,1.875032151697765e-05,-0.20100502512562812,1.0,0.0,8.0,0.0,0.0, wali im inoluedre feet sólo med tam leh
call516.ogg,Medium,tamil,-301.385498046875,97.3682861328125,52.75264358520508,55.738014221191406,25.57394027709961,47.446311950683594,64.67950439453125,42.978973388671875,-37.42529296875,41.31332778930664,-3.491672992706299,23.85829734802246,-34.99656295776367,23.391374588012695,-24.980480194091797,17.778583526611328,-10.985615730285645,19.530216217041016,-19.614919662475586,13.509260177612305,-5.585231781005859,17.75387191772461,-5.521240711212158,14.41097354888916,-5.65777063369751,11.852449417114258,-12.438787460327148,11.386357307434082,-1.3770771026611328,10.703730583190918,-13.66750431060791,11.003312110900879,-14.466094970703125,6.4516682624816895,-4.639344692230225,5.821237087249756,-16.225725173950195,9.493069648742676,-5.02591609954834,7.740292072296143,-7.613106727600098,9.900215148925781,-4.743139743804932,14.578282356262207,4.760290145874023,12.753561973571777,-0.3566553592681885,15.754974365234375,5.811046600341797,15.084607124328613,5.608083248138428,12.15554141998291,-0.10629457235336304,15.948515892028809,6.8554582595825195,14.370735168457031,4.418088912963867,10.465609550476074,8.528533935546875,16.877103805541992,10.398499488830566,16.315710067749023,3.872325897216797,17.87457847595215,3.826765537261963,11.563058853149414,-1.0827765464782715,7.219008445739746,-2.8344571590423584,7.844786167144775,-3.3304147720336914,6.533163070678711,0.21160253882408142,8.035578727722168,-2.391695737838745,5.101701259613037,-2.7199478149414062,4.518378257751465,-3.2547006607055664,6.504965782165527,234.5674631511825,27.149293247210892,0.09357831627130508,0.08530912548303604,0.1488494873046875,2098.7967079022164,1.032258064516129,5.876050720022951,-0.16263897716999054,-0.0071079219449748455,0.0,1.0,0.0,2.0,0.0,0.0,ửairste ein
call517.ogg,High,tamil,-339.669921875,128.65589904785156,80.64724731445312,37.32973098754883,15.975346565246582,57.015830993652344,34.799068450927734,51.99591827392578,-26.802278518676758,43.85579299926758,-8.246350288391113,28.468610763549805,-35.58589172363281,25.772293090820312,-25.620763778686523,21.18394660949707,-4.615819931030273,15.201258659362793,-17.477272033691406,12.256671905517578,-6.3976521492004395,10.28475570678711,-6.7549920082092285,10.564403533935547,-5.955282211303711,11.374598503112793,-14.26025676727295,9.916622161865234,-5.046267032623291,9.295989990234375,-11.510123252868652,8.162479400634766,-17.994380950927734,12.505330085754395,-3.9908926486968994,8.703084945678711,-18.383079528808594,11.200549125671387,-8.682379722595215,5.05043363571167,-3.507089853286743,9.1056547164917,-2.9902751445770264,14.190949440002441,9.51952075958252,15.207306861877441,5.075287818908691,18.811275482177734,9.88200855255127,21.127635955810547,10.327396392822266,18.020984649658203,2.8122377395629883,16.073259353637695,10.107287406921387,19.121999740600586,8.674515724182129,17.433130264282227,7.7070841789245605,16.585052490234375,5.553175926208496,19.77658462524414,3.332895517349243,20.079330444335938,-0.6107606887817383,11.9988431930542,-3.2904446125030518,9.414916038513184,-1.9899846315383911,8.764582633972168,-0.860926628112793,7.093381404876709,1.0187435150146484,9.210137367248535,-3.2805566787719727,7.822896480560303,-4.525767803192139,7.37603759765625,-3.7041287422180176,8.50385856628418,233.91193642991124,25.752131524696118,0.0677851140499115,0.05869279056787491,0.12810832698170732,1643.6161600077148,1.025,5.715077726083558,-0.10006465017795563,-0.003816129905836922,0.050000000000000044,1.0,0.0,6.0,0.0,0.0, aya vi say yudha guh done
call518.ogg,High,tamil,-255.44154357910156,80.52467346191406,65.26508331298828,65.94541931152344,-16.396991729736328,35.174007415771484,40.64652633666992,48.3931770324707,-50.65203094482422,38.36174774169922,-4.498358726501465,24.102272033691406,-34.76396942138672,17.687562942504883,-24.32576560974121,13.464259147644043,-15.890515327453613,12.213714599609375,-22.935213088989258,12.17123031616211,-4.559750080108643,9.840052604675293,-13.009160041809082,13.458539962768555,-12.256808280944824,10.371692657470703,-9.757512092590332,6.52987813949585,-0.9196072816848755,10.573753356933594,-13.18931770324707,7.814435958862305,-14.244153022766113,10.392284393310547,-6.6468610763549805,7.818112373352051,-16.38538360595703,8.019675254821777,-9.63884162902832,6.3686699867248535,-11.068181991577148,7.169274806976318,-5.543063640594482,15.181167602539062,8.401959419250488,18.504440307617188,9.546631813049316,17.57402801513672,21.677066802978516,17.024860382080078,22.988216400146484,16.181238174438477,17.49522590637207,15.435171127319336,14.253011703491211,15.64023494720459,3.581063985824585,12.763702392578125,-0.7854263186454773,8.615558624267578,-2.9100162982940674,8.7445650100708,-0.8579371571540833,8.21572494506836,-3.529811143875122,8.757110595703125,-1.8393508195877075,7.271329402923584,-1.7121610641479492,7.324460029602051,-5.851622104644775,5.867081642150879,0.03996387496590614,7.3105244636535645,-1.6253917217254639,5.67497444152832,-3.109088897705078,6.461580276489258,-5.378786563873291,6.206000328063965,247.61907565468172,19.701736131199517,0.1155816987156868,0.10750185698270798,0.10923549107142858,1844.7508926512514,1.037037037037037,9.121291571910671,-0.20546197891235352,-0.009727781210308784,0.0,1.0,0.0,1.0,0.0,0.0, Idz
call519.ogg,High,tamil,-317.1260681152344,132.33978271484375,92.65827941894531,42.36949920654297,3.82000732421875,49.901206970214844,26.16095542907715,48.954769134521484,-40.567745208740234,43.346431732177734,-5.486001014709473,23.315349578857422,-37.598899841308594,19.542261123657227,-24.2647705078125,20.344974517822266,-7.236920356750488,17.921979904174805,-12.92670726776123,15.1056547164917,-16.41672706604004,12.877593040466309,-6.393783092498779,12.31383228302002,-8.750901222229004,8.442863464355469,-16.041282653808594,8.47173023223877,-3.9890501499176025,10.341134071350098,-13.142175674438477,8.570048332214355,-15.24135971069336,9.682076454162598,-6.357680797576904,7.432130813598633,-11.82459831237793,9.857454299926758,-8.451933860778809,8.638839721679688,-1.83157479763031,9.267728805541992,-7.898610591888428,10.723949432373047,2.316607713699341,13.133218765258789,5.2772111892700195,15.036625862121582,5.719514846801758,17.3680362701416,10.442556381225586,19.675273895263672,6.89385461807251,17.122180938720703,8.866759300231934,15.135046005249023,5.5249223709106445,15.274589538574219,5.1930251121521,16.037527084350586,5.383647918701172,16.534400939941406,3.9256327152252197,10.692340850830078,-0.9325993657112122,8.79686450958252,-3.874274492263794,7.6653289794921875,-2.947843074798584,6.765284061431885,-2.923147201538086,7.642300605773926,-0.08129701763391495,5.615293025970459,-1.9073394536972046,5.3642191886901855,-5.175066947937012,6.8172688484191895,-4.667391777038574,6.88546895980835,233.78482601019206,20.8253180804583,0.08393178880214691,0.0609101802110672,0.08504585597826086,1297.2727992041803,0.9777777777777777,4.623496357278781,-0.12927153706550598,-0.0037417923478077065,0.0888888888888888,1.0,0.0,2.0,0.0,0.0, இங்களைக் காப்பாத்துங்கள்
call524.ogg,High,tamil,-420.5682067871094,105.12693786621094,53.944122314453125,54.42951202392578,21.218957901000977,47.902523040771484,56.443721771240234,68.4806137084961,-41.81407928466797,45.708038330078125,-24.230133056640625,34.53841781616211,-23.347593307495117,31.23780059814453,-16.86237335205078,30.93104362487793,-22.622089385986328,25.41805648803711,-4.636203765869141,16.909902572631836,-5.300419807434082,20.379093170166016,-7.676058292388916,18.48891830444336,-0.8927670121192932,18.320693969726562,-14.298587799072266,16.23166275024414,-1.4162825345993042,14.046854972839355,-9.120318412780762,14.576685905456543,-14.040902137756348,13.092698097229004,-1.689096450805664,15.29421329498291,-8.653380393981934,14.5582275390625,-2.2601535320281982,18.71324920654297,6.172666072845459,17.73675537109375,4.933435916900635,18.326505661010742,8.7897310256958,16.531532287597656,12.777641296386719,15.818081855773926,7.922138214111328,15.804852485656738,8.46747875213623,17.617664337158203,5.007625579833984,16.03366470336914,0.6359036564826965,13.734640121459961,-1.946362018585205,10.50147533416748,-2.6946418285369873,11.719019889831543,-4.3816046714782715,10.217229843139648,-4.791876316070557,9.4765043258667,-3.5231049060821533,8.860934257507324,-7.534599304199219,8.45246410369873,-3.8277249336242676,7.723044395446777,-5.393568992614746,8.976719856262207,-3.704698085784912,8.536901473999023,-3.085287570953369,9.723966598510742,-4.5930495262146,9.161093711853027,-1.8028000593185425,8.598134994506836,271.1197790311894,35.33289509128411,0.031422682106494904,0.019762631505727768,0.1260699103860294,1838.1477335380232,0.9548565715604092,8.213350784978335,-0.003143642097711563,-2.712408826454149e-05,-0.07875105744828115,1.0,3.0,16.0,0.0,0.0," இில் கிரது, குகை நிரிய வரகிரது, முக்க வரு சரியாக தெரிய வில்லை பேருந்த நிலையம் அருகை, போல வரகிிில் கிரது"
call530.ogg,Low,sinhala,-512.9718627929688,144.13330078125,68.10164642333984,66.70294952392578,3.8713977336883545,62.49913787841797,17.030742645263672,63.641326904296875,-23.598068237304688,41.076576232910156,-9.51259994506836,39.89645004272461,-27.78537368774414,39.62452697753906,-7.385892868041992,19.831106185913086,-6.398350715637207,23.274829864501953,-12.32224178314209,20.278274536132812,-17.13308334350586,18.243316650390625,-8.373620986938477,15.908602714538574,0.9182742238044739,15.062277793884277,-20.190101623535156,15.70968246459961,-6.618897914886475,11.910222053527832,-12.060674667358398,12.959010124206543,-7.972749710083008,11.661187171936035,-2.331338405609131,12.371180534362793,-4.6497931480407715,15.245894432067871,1.0558388233184814,18.256277084350586,-2.038628578186035,13.285126686096191,-2.4632039070129395,10.437531471252441,-4.024014472961426,11.751951217651367,1.0117977857589722,12.02450942993164,-0.19565850496292114,12.303245544433594,3.399031162261963,13.714079856872559,4.698770999908447,15.092779159545898,3.209761142730713,13.44686508178711,4.763697624206543,13.335277557373047,3.4675066471099854,12.633063316345215,1.576985239982605,12.125965118408203,1.2212365865707397,9.427736282348633,-0.9792031049728394,8.547673225402832,-0.6657803058624268,7.794836044311523,1.2938189506530762,8.127610206604004,1.2310829162597656,8.625296592712402,0.9009256362915039,8.145715713500977,0.651276171207428,8.112028121948242,-1.657364845275879,7.588015556335449,0.5520514249801636,5.9982099533081055,240.82454036780933,50.25627353167749,0.014629337936639786,0.011678824201226234,0.11902910397376543,1647.710752295555,0.7639751552795031,12.240798199037817,-0.006170441396534443,-4.237311612862167e-05,-0.06211180124223592,0.9746835443037974,0.0,16.569620253164558,0.0,0.0, Adhambuddha wa soy semmuijk Sy smoking. Neka talugu ni hek изmate na da mu hiba? Paratihi Whelkar
call531.ogg,High,sinhala,-475.5423583984375,113.90446472167969,75.23171997070312,61.03343963623047,-13.765830039978027,61.75556945800781,16.893484115600586,63.96738052368164,-30.03961753845215,44.0214958190918,-10.389610290527344,45.6990852355957,-42.88980484008789,34.89480209350586,-14.716279029846191,25.438547134399414,-2.808983325958252,26.472976684570312,-18.284826278686523,21.882715225219727,-14.424736022949219,18.868255615234375,-12.201494216918945,17.70151138305664,8.062312126159668,19.393354415893555,-17.72359275817871,15.719215393066406,-10.021166801452637,12.211679458618164,-6.788370609283447,11.406764030456543,-12.308773040771484,13.781883239746094,-2.0153732299804688,11.84284782409668,-14.803561210632324,11.317645072937012,-6.529883861541748,9.159965515136719,1.2956657409667969,14.843749046325684,4.99507999420166,16.42687225341797,7.49877405166626,19.472091674804688,14.881630897521973,20.153194427490234,12.102357864379883,16.536968231201172,6.698001384735107,16.715890884399414,6.083484172821045,16.427043914794922,1.8842672109603882,15.27029037475586,2.394144296646118,12.465925216674805,2.4356637001037598,12.13083553314209,-3.3550124168395996,11.78072452545166,-1.8814610242843628,11.362054824829102,-3.4606919288635254,9.09218692779541,-0.23333390057086945,8.67383098602295,-2.990178108215332,7.790627479553223,-5.432285308837891,8.402579307556152,-3.252863645553589,8.998263359069824,-2.5290281772613525,7.6111226081848145,-2.6801211833953857,8.030630111694336,-5.554306983947754,7.550427436828613,257.85421653027873,29.216625320268175,0.01596926525235176,0.009481777437031269,0.1574269923580786,1882.5408369406118,0.868421052631579,8.903816903883477,-0.0013100598007440567,-3.847902207687608e-06,-0.01754385964912275,1.0,1.0,14.0,0.0,0.0, kid api gonva tra M epidak lagen digan colder vi mjake nda cyrru nasim
call532.ogg,High,sinhala,-479.3501892089844,114.9438705444336,57.46883773803711,70.55472564697266,0.058353058993816376,51.20503616333008,8.706389427185059,63.71746826171875,-29.539989471435547,39.89238739013672,-12.510489463806152,41.63603210449219,-30.70775032043457,33.907344818115234,-12.010305404663086,24.758039474487305,-9.703746795654297,27.88905906677246,-16.598804473876953,20.955759048461914,-16.70619773864746,19.830459594726562,-13.091708183288574,16.181188583374023,-1.806033968925476,16.31536102294922,-19.226890563964844,15.365181922912598,-7.105218410491943,14.710186958312988,-8.987814903259277,12.588014602661133,-5.10871696472168,16.114973068237305,7.931042671203613,21.509294509887695,3.7481725215911865,17.190717697143555,10.171049118041992,19.315975189208984,9.128963470458984,16.326108932495117,7.588644027709961,17.19377899169922,3.7930829524993896,16.040340423583984,4.469290733337402,17.039398193359375,0.7931042313575745,13.344078063964844,-0.664801836013794,10.786553382873535,-2.8602283000946045,10.85657787322998,-3.534497022628784,10.966164588928223,-3.980839967727661,8.889030456542969,-1.2162024974822998,10.370681762695312,-4.168324947357178,13.014209747314453,-2.357311487197876,10.820369720458984,-3.1946141719818115,10.836584091186523,-1.5671354532241821,6.926689624786377,-1.939073085784912,9.250224113464355,-2.225611686706543,9.270124435424805,-0.22253663837909698,11.453018188476562,1.3221101760864258,8.577825546264648,-0.3707493841648102,7.668271064758301,0.6721379160881042,7.2814130783081055,300.9988464050827,43.56112700371323,0.017604567110538483,0.01273444015532732,0.13678499921482412,1881.0605067901909,0.8333333333333334,10.415569083285343,-0.0037318523973226547,-2.244035563248784e-05,-0.29292929292929293,1.0,0.0,23.0,0.10526315789473684,0.0,uren kodak ke no. Manghaere yad d hakna ab episode Kavedeinin ke elap. Pang syllable ke mai mai habit ke bhandan keenno am
call535.ogg,Low,tamil,-434.1506652832031,127.38780975341797,54.05199432373047,51.93022918701172,14.84963607788086,54.858909606933594,31.22197914123535,64.2890396118164,-35.96186447143555,51.97752380371094,-19.82757568359375,34.3469123840332,-23.381126403808594,25.606775283813477,-20.971595764160156,23.35164451599121,-14.873559951782227,28.697669982910156,-4.639925479888916,15.894775390625,-5.913635730743408,20.229026794433594,-4.620178699493408,17.256580352783203,-1.6834012269973755,15.508817672729492,-11.19950008392334,14.994521141052246,-4.680875301361084,13.78884220123291,-7.6544671058654785,11.583152770996094,-10.780820846557617,11.423832893371582,-3.021352767944336,11.553201675415039,-8.359081268310547,12.207632064819336,-2.370455265045166,13.083892822265625,4.071955680847168,15.277910232543945,6.749973773956299,18.28776741027832,9.755541801452637,18.94409942626953,13.622166633605957,18.419479370117188,5.371870517730713,15.455512046813965,8.405445098876953,17.929868698120117,3.4380087852478027,16.17055320739746,0.48559966683387756,11.516753196716309,0.021561069414019585,10.70687484741211,-2.9399800300598145,11.441469192504883,-2.5749411582946777,9.716893196105957,-3.0686957836151123,7.719913005828857,-3.3149635791778564,6.706801891326904,-5.127964019775391,7.653233051300049,-3.7012832164764404,6.881112575531006,-4.2203192710876465,7.326505661010742,-4.453362941741943,7.230883598327637,-2.977961778640747,7.653708457946777,-3.8694489002227783,6.662116527557373,-2.9844970703125,8.215137481689453,265.8861615733688,26.329749560622396,0.033755142241716385,0.02673039771616459,0.12448299632352941,1761.973775285534,0.7880424046882202,7.756329720292836,-0.010881025344133377,-6.13168632295413e-05,-0.2275630473431225,0.0,0.0,0.0,0.0,0.0,
call536.ogg,High,tanglish,-462.1152038574219,103.94435119628906,67.75305938720703,68.01194763183594,19.47517204284668,55.49121856689453,17.315387725830078,68.18075561523438,-38.86503601074219,40.325374603271484,-15.727865219116211,26.064041137695312,-26.256866455078125,25.99452018737793,-16.677370071411133,27.537281036376953,-7.902798652648926,30.478235244750977,-21.249269485473633,20.134103775024414,3.380617380142212,16.487646102905273,-4.739142894744873,18.39361000061035,-3.6388182640075684,15.666643142700195,-4.135155200958252,13.11650562286377,-5.986758232116699,12.553383827209473,-11.66135025024414,11.191201210021973,-6.459370136260986,9.01240348815918,-9.18233585357666,10.88422679901123,-10.851025581359863,12.378911018371582,-3.7740020751953125,12.01384162902832,-5.819271564483643,13.224482536315918,0.6764252781867981,18.556133270263672,10.374449729919434,20.044559478759766,8.879242897033691,17.809612274169922,14.778481483459473,17.901453018188477,7.334234714508057,16.42164421081543,6.092718124389648,14.602012634277344,6.24760103225708,14.329182624816895,1.0730972290039062,11.40835952758789,-1.3332961797714233,11.125395774841309,1.6512218713760376,10.050175666809082,-3.495347499847412,9.333563804626465,-2.835775852203369,8.823470115661621,-1.181861400604248,6.416796684265137,-5.678764820098877,7.971983909606934,-4.8817853927612305,5.854571342468262,-3.774789571762085,5.973351001739502,-4.415250301361084,6.018845081329346,-3.3738298416137695,5.357617378234863,-5.70079231262207,7.453272819519043,250.01257224539296,26.640547398598706,0.02582106739282608,0.018564410507678986,0.15970958362926135,1817.450211091145,0.9184419288706658,7.94461351221837,0.0028828028589487076,3.349782863139937e-06,-0.1255013815848115,0.9649122807017544,0.0,6.754385964912281,0.0,0.0," யொ வட்டளவோ seekorama rajzaagende Pweetle, Uндheve,waysyabharan mujhe"
call537.ogg,Low,tamil,-442.7581787109375,113.90974426269531,35.457061767578125,50.00572967529297,2.555680274963379,49.575355529785156,20.33968162536621,49.81369400024414,-35.268924713134766,36.99007797241211,-17.70926856994629,30.890838623046875,-23.79652976989746,26.05788803100586,-15.635869026184082,26.450355529785156,-8.669352531433105,26.718494415283203,-19.1717472076416,20.665815353393555,-7.021470546722412,20.260509490966797,-7.8920793533325195,16.753820419311523,-11.84787654876709,14.59872055053711,-8.012100219726562,13.322094917297363,-7.061089038848877,10.912724494934082,-10.019134521484375,12.489794731140137,-1.2611620426177979,13.652619361877441,-0.02536519430577755,16.384174346923828,0.6750594973564148,18.3284854888916,7.520023345947266,18.13121223449707,6.878837585449219,15.182792663574219,6.678933620452881,15.51374626159668,12.487319946289062,17.705753326416016,9.621769905090332,15.84411334991455,6.440489292144775,13.561753273010254,5.434953212738037,15.278095245361328,0.37555813789367676,12.180727005004883,-3.1740598678588867,10.798097610473633,-2.0326740741729736,9.023515701293945,-3.8002145290374756,7.372683525085449,-2.147581100463867,6.627453804016113,-2.5994277000427246,8.63886547088623,-5.089661121368408,7.072983741760254,-1.4686272144317627,7.822808265686035,-2.4225072860717773,6.589961528778076,-3.632000684738159,6.85545015335083,-1.7637304067611694,8.371796607971191,-1.6502394676208496,8.938779830932617,-0.9902012348175049,7.5615620613098145,-0.8690758943557739,7.091300010681152,289.71434491944655,36.014793709918706,0.03132294863462448,0.03296242654323578,0.16340748856707318,2067.977218798377,0.8857142857142857,9.15903824610407,0.00226597860455513,5.330285329868448e-05,-0.0897959183673469,1.0,0.0,14.0,0.0,0.0, His entire punches before crime was finally done. He carries back all the punches.
call538.ogg,High,sinhala,-321.25946044921875,122.92478942871094,88.98589324951172,31.707305908203125,-24.8814754486084,39.659423828125,36.303226470947266,42.87164306640625,-4.53090763092041,27.47452163696289,12.223783493041992,30.62867546081543,-35.39849853515625,22.516983032226562,-3.3580052852630615,19.80445098876953,-7.989202499389648,17.50577163696289,-12.139626502990723,21.700735092163086,-11.026199340820312,14.622970581054688,-4.368137836456299,17.141258239746094,-0.03533775731921196,12.834415435791016,-11.028132438659668,12.822463989257812,-9.236686706542969,10.525227546691895,-8.59327507019043,9.588932991027832,-10.731046676635742,12.56478214263916,-14.818720817565918,8.258973121643066,-13.405081748962402,10.206246376037598,-9.104135513305664,9.426164627075195,-1.608527421951294,6.702165126800537,-8.098140716552734,7.92026948928833,-8.721395492553711,7.298364162445068,-4.377567291259766,7.559464931488037,-2.616103410720825,8.829097747802734,5.20977258682251,14.530078887939453,1.8014165163040161,11.368524551391602,9.354447364807129,15.75295352935791,7.972165107727051,11.118435859680176,7.274082183837891,10.367889404296875,7.136807918548584,11.961953163146973,4.832230567932129,11.433290481567383,5.849001407623291,6.670733451843262,3.1210429668426514,8.405531883239746,1.742841124534607,11.266525268554688,-1.5626165866851807,10.046466827392578,-0.048878997564315796,9.221648216247559,-2.044466018676758,5.930321216583252,-2.5820727348327637,4.46221923828125,-5.098301410675049,4.903439521789551,216.39388928394146,27.219436189633416,0.05115760117769241,0.02408134937286377,0.07337007068452381,1415.6378523311198,1.024390243902439,7.501252049498238,-0.034995995461940765,-0.0011172341432619513,0.0,1.0,0.0,7.0,0.0,0.0,warz the hace for my birthday つい
call539.ogg,High,sinhala,-379.1704406738281,95.6370620727539,69.72944641113281,64.2264404296875,6.06738805770874,37.527584075927734,45.58964920043945,38.820255279541016,-3.8453752994537354,42.339996337890625,-19.021772384643555,24.325542449951172,-16.118061065673828,31.900758743286133,2.998201608657837,18.757722854614258,-12.047664642333984,20.65895652770996,-17.699357986450195,18.789566040039062,-3.1979522705078125,12.450706481933594,-15.14559555053711,17.766281127929688,-12.826834678649902,16.693756103515625,-11.320711135864258,11.113868713378906,-3.092877149581909,10.97526741027832,-14.508782386779785,8.121429443359375,-17.5172176361084,11.600409507751465,-8.681733131408691,13.259756088256836,-12.343021392822266,7.762495994567871,-13.295658111572266,7.008686542510986,-4.766799449920654,8.229747772216797,-6.772055625915527,9.572813987731934,-4.738506317138672,8.382638931274414,4.550090789794922,11.433907508850098,7.832154750823975,12.875185012817383,11.230703353881836,14.766572952270508,9.667442321777344,13.222504615783691,10.764551162719727,11.08706283569336,6.984401226043701,11.106977462768555,2.4879555702209473,10.151568412780762,3.067448854446411,9.440866470336914,2.6880719661712646,7.497621059417725,1.527034044265747,7.884990215301514,0.9269499182701111,9.828173637390137,-1.8876198530197144,9.628524780273438,-5.079707622528076,8.219646453857422,-2.813918113708496,7.334840774536133,-2.881242275238037,4.592416763305664,-7.125880241394043,4.571366310119629,-2.6015331745147705,5.036424160003662,228.11570908343816,22.838388158965806,0.047668974846601486,0.030390111729502678,0.11833767361111111,1680.400415028989,0.9545454545454546,5.469247285660808,0.01392066478729248,0.0003724326035412763,0.18181818181818177,1.0,0.0,4.0,0.0,0.0," please, it maintain the..."
call540.ogg,High,sinhala,-374.29022216796875,105.3667221069336,81.49745178222656,40.44902038574219,7.359768390655518,40.83279800415039,62.415184020996094,55.60914611816406,3.832732677459717,29.084266662597656,-6.234766483306885,23.58684730529785,-26.411529541015625,29.879493713378906,-11.679744720458984,17.55223274230957,-13.120454788208008,15.531134605407715,-22.62108612060547,17.72578239440918,-5.11630916595459,14.232580184936523,-10.401810646057129,17.092721939086914,-9.018342018127441,12.629043579101562,-9.289482116699219,14.17534065246582,-10.215557098388672,7.868710041046143,-8.815912246704102,10.955303192138672,-6.501945495605469,10.597034454345703,-6.571228504180908,8.539875984191895,-11.649370193481445,9.768738746643066,-10.399316787719727,10.133498191833496,-4.0071492195129395,7.587638854980469,-11.28004264831543,8.671950340270996,-7.545263290405273,7.9355621337890625,-5.254875183105469,9.949089050292969,-4.822105884552002,6.0320143699646,-0.9905090928077698,6.0222673416137695,1.8997262716293335,7.931014060974121,7.864125728607178,10.355464935302734,12.720165252685547,10.860568046569824,18.822731018066406,11.669380187988281,13.891448974609375,10.830187797546387,8.421756744384766,11.001938819885254,3.6454763412475586,8.981583595275879,-1.1355180740356445,7.512401103973389,-1.9330452680587769,5.7614312171936035,-3.222261667251587,5.643495082855225,-0.7383435368537903,5.055821418762207,-2.8750271797180176,4.851830959320068,-5.24464225769043,3.8237087726593018,-1.985927700996399,3.944396734237671,212.55131786919972,5.528655417307247,0.0565652921795845,0.03501894697546959,0.06885704627403846,1104.101631417499,0.9411764705882353,2.6752479095226622,0.011388566344976425,0.0002481687502728163,-0.1568627450980391,1.0,0.0,5.0,0.25,0.0, पिर पिर वेला तमाहीं ते...
call541.ogg,High,sinhala,-399.2422180175781,114.34062957763672,87.44670104980469,62.234413146972656,9.182467460632324,51.32521057128906,56.95267868041992,42.61150360107422,-3.837249279022217,48.37723922729492,-20.11170196533203,21.959585189819336,-19.05389404296875,21.11113929748535,-16.072519302368164,30.210657119750977,-21.95496368408203,18.873119354248047,-17.925865173339844,19.945077896118164,-7.024083137512207,13.033004760742188,-4.110831260681152,18.404403686523438,-12.0177001953125,13.46744155883789,-7.813515663146973,13.049928665161133,-7.397305965423584,16.201297760009766,-15.357894897460938,8.892256736755371,-12.084627151489258,10.242528915405273,-13.497597694396973,8.179620742797852,-15.618560791015625,9.521900177001953,-4.952511787414551,9.091716766357422,-4.339794635772705,7.588619232177734,-2.4578301906585693,10.998197555541992,4.898446083068848,14.59765911102295,8.36153507232666,9.633129119873047,13.007999420166016,16.38515853881836,10.120431900024414,14.309141159057617,6.832878589630127,11.143170356750488,5.7073259353637695,8.655319213867188,-0.29036083817481995,10.524710655212402,1.2730636596679688,9.672661781311035,2.296468734741211,11.397643089294434,0.3935459554195404,11.155447006225586,0.7525118589401245,12.239553451538086,1.2123115062713623,11.774572372436523,-0.8362899422645569,6.549642086029053,-1.1937181949615479,4.488681793212891,-3.1028902530670166,4.102926254272461,-6.362004280090332,3.867612838745117,-6.18243408203125,4.476146221160889,-5.446815013885498,4.583998680114746,234.28561724586746,28.133863769453555,0.05337826535105705,0.051801469177007675,0.06260329026442307,1200.1095757028404,1.0,4.693369514161527,-0.06102299317717552,-0.0018191835274119171,0.039215686274509776,1.0,0.0,1.0,0.0,0.0,lands
call542.ogg,High,sinhala,-415.7373352050781,140.2133331298828,66.4311752319336,60.84605407714844,11.597040176391602,41.030906677246094,34.905555725097656,34.47712707519531,2.113398551940918,28.155576705932617,-6.890042304992676,24.611085891723633,-34.61550521850586,37.10279846191406,0.6575787663459778,23.386070251464844,-8.03845500946045,25.002471923828125,-7.332197189331055,18.915523529052734,-7.331972599029541,10.936171531677246,-7.730620861053467,13.433601379394531,-2.960338830947876,14.600790023803711,-10.093769073486328,10.149994850158691,-11.142915725708008,9.55301570892334,-5.990993022918701,7.679586887359619,-10.419471740722656,9.561092376708984,-7.86350679397583,9.63963508605957,-9.5808687210083,11.054366111755371,-7.8097615242004395,6.777512550354004,-6.219250202178955,7.619765281677246,-3.4278600215911865,6.414820671081543,-6.199854373931885,8.538597106933594,2.253818988800049,12.86369514465332,2.2725296020507812,10.473311424255371,4.491726875305176,12.356225967407227,4.383671283721924,11.178749084472656,5.75342321395874,9.938968658447266,4.875909805297852,11.536969184875488,3.900097131729126,12.135467529296875,4.992278575897217,10.754624366760254,1.5093843936920166,8.035883903503418,-2.0124213695526123,6.484085559844971,-2.390371084213257,5.144332408905029,-2.3539602756500244,5.064764976501465,-1.7833157777786255,5.306187152862549,-1.105029821395874,4.6397271156311035,-3.610600471496582,4.912578582763672,-3.6966893672943115,4.594762325286865,-4.018811225891113,4.5339531898498535,226.80145312811229,18.32587000985471,0.02853838913142681,0.02489589899778366,0.09175130208333333,1629.9216736697185,0.6486486486486487,6.056844625633908,0.002112189307808876,0.00022501887239150092,0.48648648648648646,1.0,0.0,6.0,0.0,0.0, kawahoand unbatu da na 꿈al ornu
call543.ogg,High,singlish,-444.17718505859375,72.88387298583984,60.66680908203125,52.084144592285156,10.299925804138184,39.734127044677734,19.166263580322266,44.894683837890625,-4.569319725036621,23.314420700073242,-22.795053482055664,27.935739517211914,-31.977148056030273,25.31610870361328,-11.030033111572266,23.75453758239746,-10.7280912399292,26.120586395263672,-15.178813934326172,18.762371063232422,-13.293604850769043,15.840784072875977,-15.889254570007324,19.412189483642578,-11.179594993591309,17.99414825439453,-12.532869338989258,12.959234237670898,-7.956823348999023,11.396142959594727,-4.570255756378174,9.873519897460938,-10.344293594360352,10.455266952514648,-5.90331506729126,10.436038970947266,-6.825463771820068,8.495981216430664,-0.3282632827758789,10.368098258972168,3.871535301208496,11.960491180419922,7.762269973754883,14.404430389404297,12.717280387878418,14.75901985168457,12.193438529968262,13.430113792419434,12.753983497619629,13.475373268127441,7.102942943572998,12.518549919128418,6.039775371551514,11.437875747680664,1.453826665878296,10.10020637512207,0.30132684111595154,7.9155473709106445,1.0032317638397217,7.826561450958252,-0.9842545986175537,7.95373010635376,-1.4480382204055786,6.866958141326904,-2.76898193359375,5.641746520996094,-2.6024255752563477,5.252630233764648,-3.3118979930877686,5.677299499511719,-3.881765604019165,5.600522518157959,-3.528529644012451,5.342778205871582,-4.010262966156006,5.400454044342041,-4.918607711791992,5.543964862823486,-5.232180118560791,5.101449966430664,265.8908435762198,27.56042891187508,0.024907611310482025,0.027434907853603363,0.11992692618534483,1416.496332402023,0.8546712802768166,8.896591197104444,-0.009425314143300056,-6.438369434637007e-05,-0.08996539792387548,0.0,0.0,0.0,0.0,0.0, ھانے اپنے بیرا گاند ھا سالواسی کیوال بانیم اپنے گدر تطگینے پیترے نا ایک مانیم او داؤ کراند ھا اپنے بس ایپلے سے کرگینیاند او داؤ کر
call544.ogg,High,sinhala,-478.6952209472656,88.2828598022461,79.00312805175781,58.58361053466797,7.905904293060303,46.10996627807617,23.24425506591797,65.44380950927734,-5.9835333824157715,28.254310607910156,-20.03549575805664,35.18552780151367,-38.396263122558594,31.54558563232422,-13.845255851745605,25.39748191833496,-12.740876197814941,27.8043155670166,-11.566971778869629,22.774574279785156,-13.711807250976562,15.296242713928223,-14.275845527648926,18.07659912109375,-10.538463592529297,18.13041877746582,-12.456446647644043,16.31479263305664,-9.545387268066406,13.00816822052002,-5.405594825744629,13.675835609436035,-11.733705520629883,11.38813591003418,-7.036083221435547,10.964041709899902,-7.635403633117676,10.32797622680664,-5.996410369873047,10.527596473693848,-4.098881721496582,8.452031135559082,-5.791701316833496,9.93244743347168,1.55511474609375,13.557755470275879,3.9950156211853027,13.285903930664062,10.898820877075195,14.056086540222168,14.108983039855957,12.640396118164062,14.808384895324707,13.842548370361328,13.41203498840332,14.60018539428711,5.558317184448242,11.867822647094727,1.9995771646499634,9.880906105041504,-0.36601635813713074,9.18012523651123,-1.4101874828338623,7.358890533447266,-0.6968367695808411,6.614120960235596,-0.47330525517463684,6.5404558181762695,-1.935704231262207,5.971920013427734,-3.228381633758545,6.4333953857421875,-3.2855358123779297,5.689188480377197,-2.3322322368621826,5.197597503662109,-3.105635643005371,5.280881881713867,-4.267786026000977,5.767505645751953,241.62301047095562,18.627170540436516,0.019016554579138756,0.013846508227288723,0.09813355863764045,1279.2512730776457,0.895774647887324,6.163354876819053,-0.004937311634421349,-2.3151325448323095e-05,0.033802816901408406,0.9714285714285714,0.0,23.314285714285713,0.04223602484472049,0.0, Karnu durgahaните hainanakatorar Aanderula kendgaanWith achieve your nature Heteom hainade Eye then Ke tasted her Ikar'U Dargahin Her 막it Karnap Allah Te bhe beenda
call545.ogg,High,sinhala,-478.68377685546875,102.09996795654297,77.74723815917969,71.94452667236328,12.285057067871094,49.6114387512207,21.954723358154297,58.645172119140625,-8.531923294067383,27.464832305908203,-20.1734561920166,33.791927337646484,-33.2540283203125,31.73053741455078,-11.381786346435547,26.336252212524414,-12.906441688537598,26.904560089111328,-10.71978759765625,20.796165466308594,-14.58889389038086,15.409463882446289,-19.117597579956055,18.391462326049805,-8.88119125366211,17.82260513305664,-13.166596412658691,13.813658714294434,-12.426607131958008,12.648021697998047,-5.557910442352295,12.931394577026367,-9.354096412658691,13.107376098632812,-5.5019731521606445,11.25132942199707,-8.18744945526123,12.062464714050293,-2.879662036895752,9.044057846069336,-4.591628074645996,9.179248809814453,-1.9583168029785156,10.475732803344727,2.0874598026275635,12.120824813842773,5.4161834716796875,15.329070091247559,12.481889724731445,15.2066650390625,12.614157676696777,12.607144355773926,12.780548095703125,13.72796630859375,8.612560272216797,13.12950325012207,3.5222625732421875,11.96280288696289,2.446185827255249,9.244063377380371,0.03895727917551994,7.604894638061523,-0.5518097877502441,7.056506633758545,-1.0640745162963867,6.720047950744629,-1.3687456846237183,6.039958953857422,-1.3958648443222046,5.185798168182373,-2.7427804470062256,5.649841785430908,-3.7041170597076416,5.816157817840576,-4.055569171905518,5.275856971740723,-3.3951632976531982,5.630946636199951,-3.7768256664276123,4.816250324249268,242.48149401386516,20.522288966332656,0.022671114653348923,0.015938270837068558,0.09360248300604229,1232.8463984875887,0.8454545454545455,6.738705615268212,-0.003230646252632141,-2.725798765470035e-06,-0.11515151515151523,1.0,1.0,25.0,0.14285714285714285,0.0, Apidu daukaran api sunbunu liin vattavela ini. Enissa api trai lietai aganu i diha kai. Ikmaning api du daukaran. Anen karuna karla kaubara ikmaning daukaran.
call546.ogg,High,tamil,-399.0291442871094,108.30419158935547,29.832406997680664,48.7115364074707,19.371623992919922,39.479366302490234,32.969573974609375,50.392120361328125,-52.423553466796875,38.7081184387207,-29.254819869995117,34.03448486328125,-24.66728973388672,25.326072692871094,-16.18442153930664,25.56844139099121,-23.041858673095703,23.12013053894043,-6.907069206237793,20.99294090270996,-10.583061218261719,13.756759643554688,-10.615180969238281,16.871662139892578,-4.41483211517334,16.225542068481445,-15.698670387268066,18.300966262817383,-5.631013870239258,14.394914627075195,-5.213315486907959,13.725930213928223,-10.058341979980469,19.257198333740234,-1.6196554899215698,19.597795486450195,0.8848612904548645,18.738391876220703,3.118887424468994,20.580280303955078,5.1597089767456055,17.372629165649414,6.946193218231201,16.33920669555664,7.241988658905029,18.26132583618164,7.888925552368164,15.343758583068848,3.3190362453460693,16.00855255126953,4.711742877960205,13.662040710449219,2.719667434692383,13.173318862915039,-1.8496246337890625,12.668217658996582,1.4105993509292603,10.69245433807373,-0.5943872332572937,10.377107620239258,-0.0001408386160619557,9.432089805603027,-3.844320058822632,9.560063362121582,-1.7966430187225342,9.096522331237793,-2.918091058731079,7.212790012359619,-2.3875441551208496,7.738539218902588,-1.830735206604004,7.321329593658447,-3.074434280395508,10.288663864135742,-0.2882620692253113,7.689445972442627,-2.300309896469116,7.576958656311035,-0.8019284009933472,7.14412784576416,283.51835839450325,45.4011842413773,0.03202095627784729,0.03276318311691284,0.1598388671875,2165.2604046631195,0.9346733668341709,9.555948922022235,-0.011164426803588867,-0.0001110875771102802,0.0,1.0,3.0,11.0,0.0,0.0, ஓ்தவி செய்யுங்கள் வெள்ளனிர் விட்டுக்குள் வந்து விட்டது இரண்டு குளந்தைகளுடன் நாங்கள் உள்ளே சிறிக்கிறிக்கிறோம்.
call547.ogg,High,sinhala,-441.373779296875,94.441650390625,82.68876647949219,53.76615905761719,6.352006912231445,48.215065002441406,7.94283390045166,52.95834732055664,-10.28461742401123,23.22705078125,-14.790504455566406,31.08765411376953,-34.48417663574219,27.29021453857422,-19.926834106445312,21.827625274658203,-11.245080947875977,24.285024642944336,-8.237359046936035,18.363977432250977,-10.813718795776367,16.824941635131836,-17.97081756591797,15.536018371582031,-12.51659870147705,16.868579864501953,-11.358113288879395,12.77672290802002,-9.434823036193848,11.853421211242676,-6.199962615966797,11.03085708618164,-8.884919166564941,11.460768699645996,-5.577281951904297,9.050413131713867,-7.433259963989258,9.068970680236816,-4.587646007537842,9.005721092224121,0.5446742177009583,9.459731101989746,-0.15265487134456635,11.071874618530273,5.416738510131836,12.657132148742676,9.375517845153809,14.678956031799316,15.214478492736816,13.852633476257324,14.08156967163086,14.684361457824707,10.280362129211426,13.15493392944336,6.7166547775268555,11.759305953979492,1.3236303329467773,10.524141311645508,0.3167727291584015,9.057963371276855,-0.8214045166969299,8.029568672180176,-0.7117185592651367,7.336970329284668,-2.19516658782959,6.589846611022949,-2.4307003021240234,6.096181392669678,-1.1854592561721802,6.2058844566345215,-3.810645341873169,5.397622108459473,-4.996933937072754,6.785272598266602,-4.87270450592041,5.703642845153809,-4.474460124969482,6.177619934082031,-3.603672504425049,5.697722911834717,249.4136822288139,35.0157239180508,0.02818560041487217,0.031117262318730354,0.08994943858225109,1142.225284761525,0.8826086956521739,9.621923614391868,-0.011346327140927315,-0.00011515973141269705,-0.09565217391304348,1.0,0.0,16.0,0.06666666666666667,0.0, nanidain-mu daugar nabiyarbha naryini ni makangnatu da advocate75 nan kadud protein 300 nan mika hadi sitaptja
call548.ogg,Low,sinhala,-445.5964660644531,138.30526733398438,100.39439392089844,58.237709045410156,24.875566482543945,45.42644119262695,-2.2602529525756836,54.461700439453125,-37.23501205444336,33.14024353027344,-24.044931411743164,30.17083740234375,-27.22924041748047,25.320383071899414,-8.177241325378418,20.476139068603516,-8.343205451965332,21.7016658782959,-6.138682842254639,13.907828330993652,-7.82687520980835,16.51170539855957,-8.092568397521973,11.781731605529785,-7.158937454223633,11.782209396362305,-9.65302848815918,10.02908992767334,-9.662331581115723,10.56875991821289,-11.67013931274414,9.73923397064209,-11.007425308227539,9.653876304626465,-4.423802852630615,8.956375122070312,-8.536157608032227,10.654821395874023,-7.101109504699707,11.857860565185547,-3.407414197921753,11.057440757751465,-4.334084987640381,14.407291412353516,2.6542911529541016,13.07906436920166,3.369860887527466,12.018584251403809,5.293103218078613,12.432918548583984,8.83878231048584,14.597664833068848,5.869004249572754,13.73275089263916,5.994704723358154,11.812965393066406,-0.9174765348434448,10.872812271118164,-3.349019765853882,9.030831336975098,-3.054661750793457,8.161052703857422,-3.13763165473938,6.001191139221191,-2.6560661792755127,7.5089850425720215,-3.252582550048828,7.0604071617126465,-3.28432297706604,6.275352954864502,-3.4990274906158447,5.6357340812683105,-3.4251046180725098,5.23532247543335,-4.0118184089660645,5.18300724029541,-3.50577712059021,4.931167125701904,-2.0002455711364746,5.925605773925781,257.07143824600223,35.635105469600234,0.02554977685213089,0.022306645289063454,0.10328917572463768,1211.10988950163,0.8248175182481752,8.473655628152846,0.006194563582539558,7.742283027340778e-05,-0.3065693430656935,1.0,0.0,13.0,0.0,0.0," Ege investigative bomba el Allāh ﷻ mightimnight versesin Parents'un seven deKuduverin surface len,"
call551.ogg,High,singlish,-460.5171813964844,104.51642608642578,75.0761947631836,64.41731262207031,9.864891052246094,54.03420639038086,16.875720977783203,54.00874328613281,-29.484277725219727,42.24396514892578,-21.349531173706055,35.8238639831543,-28.336166381835938,33.79379653930664,-6.179492473602295,30.166576385498047,5.865278720855713,29.64476203918457,-6.310492038726807,20.976829528808594,-3.2225334644317627,16.834537506103516,-3.9935450553894043,17.43821907043457,-9.947490692138672,13.267949104309082,-7.1408281326293945,13.06514835357666,-7.158862590789795,14.494330406188965,-5.159116744995117,12.868932723999023,-4.598482608795166,11.712000846862793,0.8788096308708191,10.464341163635254,-4.069493293762207,10.239423751831055,-5.514256477355957,10.385393142700195,-2.2750861644744873,8.954909324645996,-5.261280536651611,9.92607593536377,-4.377662181854248,9.306761741638184,-5.709996223449707,11.57004451751709,-0.5220715403556824,10.790830612182617,0.13316403329372406,12.58573055267334,-1.0815640687942505,11.779486656188965,5.973001480102539,13.424787521362305,6.329753398895264,12.338924407958984,6.283862113952637,13.359004020690918,7.541637420654297,13.021058082580566,3.7734463214874268,9.761126518249512,2.4846208095550537,10.258774757385254,-1.4736673831939697,6.881511211395264,-2.496534824371338,7.522430419921875,-2.7889370918273926,6.590430736541748,-4.65504789352417,6.183615684509277,-4.412151336669922,5.257566452026367,-4.178488254547119,4.5287346839904785,-4.162963390350342,4.567785263061523,239.02502225946768,53.045825649544554,0.022560376673936844,0.025385359302163124,0.15591859626004015,1715.79632330928,0.6591722665326886,12.666727068004525,-0.00034062378108501434,-6.267865031923088e-06,-0.28939270238020476,0.9634146341463414,0.0,15.414634146341463,0.0,0.0," alo boh frougram ,bommel pipятиa�� fakor forests h체가 fahik やpathata nyangal a strawberry na die nใชä"
call552.ogg,Medium,sinhala,-410.6097412109375,111.53043365478516,103.77489471435547,57.74822235107422,12.549606323242188,52.387874603271484,24.9957332611084,39.384254455566406,-15.78451919555664,66.43366241455078,-3.239149808883667,32.02558135986328,-12.120389938354492,26.579147338867188,-7.065673351287842,24.961637496948242,-0.5583096742630005,26.95000648498535,1.1760059595108032,16.863819122314453,-0.4934459924697876,20.549779891967773,2.347578287124634,12.84493350982666,2.3084557056427,13.23147964477539,-7.388123512268066,10.256294250488281,-10.770547866821289,11.480323791503906,-8.490574836730957,12.653544425964355,-5.359038352966309,8.508689880371094,-4.034937381744385,5.959076881408691,-1.4952369928359985,8.52518367767334,-1.9401476383209229,6.720996379852295,-6.289102077484131,8.213191986083984,-5.121484279632568,9.793450355529785,-6.048960208892822,7.069815158843994,-3.249279499053955,7.385140895843506,0.3977225422859192,11.28227710723877,0.7111238241195679,14.053851127624512,4.803197860717773,12.256853103637695,8.108818054199219,12.777631759643555,6.352022647857666,12.329442024230957,6.7658467292785645,11.00187873840332,4.574329376220703,12.627028465270996,0.257457435131073,10.437427520751953,-1.7642145156860352,6.885021209716797,-2.8699984550476074,7.789773941040039,-2.3712308406829834,5.582273006439209,-2.1835079193115234,5.934380531311035,-1.886413812637329,4.228488922119141,-4.622546195983887,5.322661876678467,-5.395594596862793,5.41684627532959,-4.120436191558838,5.010327339172363,215.69858319877827,16.27941898547793,0.030456658452749252,0.026211461052298546,0.07029474431818182,1177.4681711705211,0.6431237438989377,3.0294176103037054,-0.02943217009305954,-0.0005091281618834255,-0.6982486362331324,1.0,0.0,10.0,0.0,0.0," silam archsheel ang bao me, mga examined syntpikraya on slashingavilijiang"
call554.ogg,High,sinhala,-415.2803649902344,139.85797119140625,75.3412857055664,46.39375686645508,13.573254585266113,50.72008514404297,34.8785400390625,53.96172332763672,-39.84135818481445,59.63670349121094,4.673943519592285,38.23280334472656,-27.43354606628418,38.212127685546875,-9.339417457580566,29.039836883544922,-5.17242431640625,20.214176177978516,1.7177315950393677,22.359174728393555,-1.977462649345398,15.370872497558594,-5.001466751098633,12.505634307861328,-14.1078519821167,14.312520980834961,-6.551464557647705,13.054160118103027,-6.5368828773498535,10.311623573303223,-9.979049682617188,10.822890281677246,-11.163661003112793,7.340091705322266,-3.5939292907714844,13.86877155303955,-1.451586365699768,9.806591987609863,0.8787172436714172,16.677011489868164,5.732395648956299,14.976702690124512,7.676988124847412,14.514023780822754,14.962671279907227,13.783356666564941,6.356748580932617,13.931397438049316,1.1847505569458008,11.87539005279541,-1.8403637409210205,10.332540512084961,-3.4247565269470215,10.254090309143066,-0.11255340278148651,13.408842086791992,-1.4592788219451904,7.471800327301025,-1.8223155736923218,6.366453170776367,-4.187095642089844,7.7550859451293945,-6.220660209655762,6.498524188995361,-5.540511608123779,7.553820610046387,-5.397078037261963,6.269294261932373,-6.928024768829346,6.301218509674072,-3.8859596252441406,5.274045467376709,-1.6328274011611938,7.398792743682861,-4.690474510192871,6.565760135650635,-6.8765482902526855,11.032279014587402,-6.486753463745117,6.078027248382568,283.0437403083097,26.05854201898828,0.030009232461452484,0.01882634498178959,0.09794523278061225,1475.3660035115156,0.7708333333333334,7.004436928154468,-0.002110227942466736,-0.00012322150536679774,-0.45833333333333337,1.0,0.0,6.0,0.0,0.0, I'll be here every line next.
call555.ogg,Medium,sinhala,-450.9024658203125,125.27906036376953,75.50153350830078,62.963462829589844,9.302983283996582,53.563804626464844,21.526628494262695,58.59004592895508,-24.91082000732422,48.76035690307617,-0.06887650489807129,47.19233322143555,-23.256364822387695,37.86480712890625,-5.676931858062744,28.548269271850586,3.6252591609954834,19.596092224121094,-2.062002658843994,15.266143798828125,-4.3302459716796875,16.865097045898438,-1.6163828372955322,16.881309509277344,-11.836241722106934,16.404016494750977,-5.367780685424805,9.763260841369629,-7.74120569229126,16.712203979492188,-8.467247009277344,11.660309791564941,-4.8518500328063965,9.060722351074219,-6.559603214263916,13.963374137878418,-3.1766817569732666,13.294612884521484,-2.735809803009033,13.742453575134277,-2.5441977977752686,16.41814422607422,0.9407749176025391,13.080413818359375,4.033657550811768,12.469416618347168,3.5859341621398926,13.284385681152344,7.18898344039917,15.454779624938965,3.0699679851531982,11.007871627807617,2.1721248626708984,10.7262601852417,0.738246738910675,10.250361442565918,-2.782560348510742,8.97629451751709,-3.325056314468384,7.244704246520996,-3.4063172340393066,7.198103427886963,-3.2665419578552246,6.8568220138549805,-3.7292556762695312,5.628567695617676,-3.5075199604034424,7.195241928100586,-4.0532002449035645,4.883918762207031,-1.4125022888183594,5.175559997558594,-3.461137294769287,7.224601745605469,-3.0920705795288086,7.047411918640137,-3.8286378383636475,6.263115406036377,-4.922109603881836,5.347050189971924,281.064920379801,38.907117501992474,0.023504192009568214,0.019187571480870247,0.11937473244863013,1731.286151506884,0.6388888888888888,9.690495708723072,-0.01733052358031273,-0.00027169351926408067,-0.7222222222222222,1.0,0.0,4.0,0.0,0.0, பேங்கள் திருடுவாகத் திருடைய கேனாமா
call557.ogg,High,tamil,-381.30126953125,92.15308380126953,33.30913543701172,53.47703170776367,11.187007904052734,39.08302307128906,28.42790412902832,49.40046691894531,-34.06300354003906,37.92681884765625,-20.897096633911133,30.770496368408203,-24.045459747314453,22.533061981201172,-20.958740234375,21.46202278137207,-23.673702239990234,24.282508850097656,-6.271985054016113,16.58144187927246,-10.112687110900879,15.223006248474121,-10.23841667175293,16.106884002685547,2.124500036239624,15.22482681274414,-12.796704292297363,17.115219116210938,-3.309155225753784,11.82762336730957,-5.108152866363525,11.92570686340332,-11.177525520324707,10.97067642211914,-3.025892972946167,15.029606819152832,-4.363350868225098,11.845060348510742,-1.3820505142211914,17.833263397216797,7.160727024078369,16.2455997467041,5.5742058753967285,16.51784896850586,6.804673194885254,15.37369155883789,9.92796802520752,16.757503509521484,4.929140567779541,16.368661880493164,7.05706262588501,15.437790870666504,4.381287574768066,13.186517715454102,4.184976577758789,12.62629222869873,2.7780048847198486,13.231463432312012,2.4277987480163574,14.915888786315918,-0.18538640439510345,11.52077579498291,-1.7297282218933105,9.587430000305176,-1.646962285041809,8.886890411376953,-5.711497783660889,7.916346549987793,-1.1303021907806396,8.120137214660645,-2.9489786624908447,6.27049446105957,-4.132817268371582,8.098566055297852,-2.5842509269714355,7.597424030303955,-2.7959182262420654,7.3195366859436035,-1.028643012046814,7.743532180786133,261.5067884021065,38.014380537665936,0.036000676453113556,0.03895539417862892,0.1644733048892989,2091.501562013725,0.9666666666666667,9.496989589080208,-0.012873627245426178,-8.348178369750123e-05,-0.007407407407407418,0.7681159420289855,0.0,11.521739130434781,0.0,0.0, دائیں میں سے یہ سیکிரம் வாருங்கள் எங்கள் வீட்டை ஓட்டி பிடித்துவிட்டதே சமையாலாகிலிருந்து திப்பரவேகிறதے உள்ளை மூர் இடிக்கிறார்
call559.ogg,Low,sinhala,-475.1859130859375,96.38587951660156,99.9843521118164,51.49368667602539,36.558082580566406,45.22650146484375,17.15250587463379,49.60340881347656,-33.46440887451172,51.89484405517578,-13.44283390045166,27.566516876220703,-22.02631950378418,28.480995178222656,-18.36905860900879,29.112621307373047,2.6416385173797607,23.174226760864258,-5.339904308319092,18.577659606933594,-8.769567489624023,16.254831314086914,-6.110568046569824,11.019963264465332,-5.688634872436523,11.92104721069336,-6.53305721282959,9.697031021118164,-4.7394304275512695,12.7686185836792,-9.093433380126953,11.407622337341309,-12.319324493408203,11.427628517150879,-6.852999687194824,10.569336891174316,-7.970977783203125,9.319671630859375,-6.076022148132324,8.46849250793457,-6.280129909515381,10.123611450195312,-2.541893243789673,12.608729362487793,0.4770086407661438,14.024658203125,-0.1434202343225479,12.459709167480469,3.6271777153015137,12.060027122497559,3.1376073360443115,13.610508918762207,7.368383407592773,13.414487838745117,6.6639580726623535,11.9810209274292,1.155992031097412,10.811042785644531,0.787799596786499,11.730913162231445,-1.6995689868927002,9.392109870910645,-0.5748175382614136,6.681926727294922,-0.733542799949646,6.5879950523376465,-3.12143611907959,6.174034118652344,-2.047076940536499,6.443325042724609,-1.1912745237350464,6.157374858856201,-1.068572759628296,4.959043025970459,-3.5431997776031494,5.4575653076171875,-3.3739235401153564,5.133305549621582,-2.5569050312042236,4.99461030960083,243.67255888088116,23.781419147046027,0.01958216354250908,0.013896694406867027,0.09449317020440251,1139.9540775454618,0.7276322293623332,6.144525117896181,0.00014035217463970184,-2.0977613579795516e-06,-0.544142362827484,1.0,0.0,14.0,0.16666666666666666,0.0, Lets give me that what you can tell me is that I am shopping
call560.ogg,Low,singlish,-469.0435485839844,90.93727111816406,98.63838195800781,72.06922149658203,30.9932918548584,53.786468505859375,17.773418426513672,65.87142181396484,-22.406814575195312,39.15031051635742,-14.323407173156738,27.80425453186035,-29.478771209716797,31.82415199279785,-14.578422546386719,27.69691276550293,-0.04686584323644638,19.078754425048828,-0.18891087174415588,19.240612030029297,-4.544404029846191,17.294559478759766,-1.159367561340332,11.291055679321289,-5.056949615478516,11.757428169250488,-6.228611946105957,9.735869407653809,-6.89008092880249,11.463159561157227,-7.109427452087402,8.463701248168945,-8.490612983703613,10.773222923278809,-5.946893215179443,9.502930641174316,-10.82532024383545,8.307896614074707,-9.56871509552002,9.295409202575684,-8.681708335876465,9.34786319732666,-3.4290401935577393,8.861141204833984,-1.8867019414901733,12.336616516113281,-1.0765645503997803,14.048404693603516,5.513829708099365,12.67916488647461,4.217043399810791,11.760207176208496,7.3027024269104,11.002894401550293,5.489565372467041,12.706448554992676,1.2256909608840942,12.30801010131836,0.7275257706642151,9.59067153930664,-1.1721012592315674,7.997811794281006,-1.91166090965271,7.454227924346924,-3.7655303478240967,6.556018829345703,-1.8043267726898193,6.38328742980957,-0.496751070022583,6.227819442749023,-2.1476147174835205,5.230504035949707,-2.187239170074463,5.25872802734375,-2.2735378742218018,3.8468101024627686,-1.7567203044891357,4.347285747528076,-2.633490800857544,3.868215560913086,242.37536613899383,28.19548846809002,0.023545924574136734,0.01829581707715988,0.1208831787109375,1405.535582704925,0.8238993710691824,10.116920416754443,0.004567014053463936,5.613898870011083e-05,-0.16352201257861643,1.0,0.0,1.0,0.0,0.0,ブーブーブーナのカランデカウントエッテンキージャンニクパッティンスマーキーガッキーの
call561.ogg,Low,singlish,-471.47271728515625,114.21562194824219,103.55982971191406,70.19074249267578,20.231290817260742,37.00617599487305,-0.7221313118934631,53.635555267333984,-31.222848892211914,38.34671401977539,-5.822186470031738,21.586923599243164,-18.083965301513672,26.668241500854492,-12.172921180725098,22.057498931884766,-3.0345003604888916,15.162761688232422,-8.28031063079834,14.430670738220215,-2.360891580581665,12.282023429870605,-6.753553867340088,11.340043067932129,-8.397083282470703,11.069210052490234,-5.55067777633667,7.235532283782959,-7.1222333908081055,10.93480396270752,-6.503221035003662,9.679727554321289,-7.186124801635742,7.666919708251953,-6.126301288604736,8.267159461975098,-8.61518669128418,8.697070121765137,-7.815834045410156,7.96953821182251,-6.264811038970947,8.45722770690918,-4.749751567840576,10.99351978302002,-0.22885222733020782,11.28252124786377,0.413254052400589,13.787724494934082,2.34391713142395,11.855453491210938,4.424747943878174,11.169713020324707,4.74222993850708,11.01671314239502,6.464558124542236,12.845678329467773,4.611003398895264,12.695094108581543,3.175381898880005,9.211284637451172,1.443589687347412,7.316269874572754,-4.41957426071167,6.662238121032715,-3.200772285461426,6.74244499206543,-0.7050071954727173,6.363343238830566,-0.6419987082481384,6.14567756652832,-0.9551133513450623,5.51616907119751,-2.648484468460083,6.299633979797363,-4.59179162979126,4.408834934234619,-2.848371982574463,4.05173921585083,-1.8744949102401733,4.320176124572754,245.91119123881145,43.75432249487009,0.024272430688142776,0.026711469516158104,0.10927644782110092,1284.6537842870823,0.7870370370370371,13.578792063707985,-1.5735626220703125e-05,3.8991728738970034e-05,0.2407407407407408,1.0,0.0,2.0,0.0,0.0, di affiseni.
call562.ogg,Low,sinhala,-448.49517822265625,106.24626922607422,99.47265625,63.8336296081543,12.531719207763672,42.88877868652344,-11.753640174865723,51.0008430480957,-27.92006492614746,31.21064567565918,-11.523448944091797,29.62711524963379,-27.40872573852539,34.90156936645508,-5.3598408699035645,23.10312843322754,-1.9028489589691162,19.332067489624023,-6.18973970413208,15.501616477966309,-6.027740955352783,16.888072967529297,-4.462266445159912,14.896270751953125,-1.0858019590377808,14.104382514953613,-2.142587900161743,11.88916301727295,-2.9366986751556396,12.92575740814209,-4.352329254150391,11.60577392578125,-6.194967746734619,9.651932716369629,-6.891124725341797,10.137598037719727,-12.863630294799805,12.36087703704834,-5.726197719573975,9.891693115234375,-2.05147647857666,13.834625244140625,-0.2050863355398178,16.211833953857422,-1.1447172164916992,11.465497970581055,-1.6026391983032227,12.081439971923828,1.5766708850860596,13.48259449005127,3.0800552368164062,14.027365684509277,3.345923900604248,13.136432647705078,2.3140337467193604,12.470477104187012,2.5871164798736572,10.799365997314453,-0.10811121016740799,10.671100616455078,-1.6565715074539185,9.403877258300781,-2.340261936187744,6.330003261566162,-1.0681560039520264,7.496670722961426,-1.9900275468826294,7.304829120635986,-2.7975568771362305,6.489347457885742,-3.522096872329712,6.121265411376953,-3.910614490509033,5.667159080505371,-4.6847686767578125,5.730474472045898,-4.739715576171875,6.457320213317871,-2.6858839988708496,5.348236083984375,249.59436415064204,38.10460570476857,0.023845605552196503,0.019992714747786522,0.13941291360294117,1451.6312641056327,0.7455621301775148,7.682691053217383,-0.002537490800023079,8.95470598721176e-07,0.023668639053254448,1.0,1.0,10.0,0.0,0.0," அடுதான் செல்லாமும் தீர்மினே, கேல் அங்கு தார்த்துக் கொள்ளும் அம்மித்துமாம் நங்கு தெரி."
call563.ogg,Low,sinhala,-448.9749755859375,169.56333923339844,77.87318420410156,65.04582214355469,0.24246925115585327,52.07839584350586,49.32350158691406,67.34661102294922,-1.610364317893982,34.74433517456055,-10.796171188354492,33.595523834228516,-21.85338592529297,28.457759857177734,-20.40059471130371,33.049530029296875,-11.648706436157227,25.694889068603516,-12.94177532196045,29.968299865722656,2.914330244064331,24.751787185668945,-10.40914249420166,16.133371353149414,-3.126007318496704,15.273722648620605,1.796172022819519,14.079473495483398,-15.336414337158203,16.21126365661621,-4.31945276260376,15.56071662902832,-5.404999732971191,14.070070266723633,-2.3635799884796143,12.004721641540527,-6.567065715789795,12.087818145751953,-2.0330636501312256,11.291524887084961,-4.498198986053467,8.978706359863281,-3.6868531703948975,6.645618438720703,-0.5252268314361572,6.794645309448242,-3.137815237045288,6.896902084350586,-0.5530040860176086,6.605943202972412,-1.2211710214614868,5.917476654052734,-4.283229351043701,6.19188928604126,-2.983128786087036,6.836440086364746,-5.255660533905029,6.76924991607666,-4.234254837036133,6.300424575805664,-4.0211896896362305,5.995885848999023,-4.704657554626465,5.477207660675049,-5.290078639984131,6.278721809387207,-5.179018974304199,5.715839385986328,-3.2938342094421387,5.329586982727051,-3.544903516769409,4.872110366821289,-3.974623918533325,4.805371284484863,-3.9014320373535156,4.591213226318359,-5.895025253295898,5.838380813598633,-5.284854888916016,5.958905220031738,124.00311022298045,12.111692412164851,0.024870257824659348,0.020399726927280426,0.11172272438226744,1562.5817366770373,0.6374269005847953,3.8593554653467947,0.004526102915406227,1.976239676565851e-05,0.38596491228070173,1.0,0.0,3.0,0.0,0.0,魚浸がで人員から物とはみんな exit キャグ
call564.ogg,Low,sinhala,-398.07049560546875,130.0095672607422,74.10803985595703,54.941123962402344,-5.98314094543457,44.84581756591797,30.687772750854492,54.24863815307617,6.416662693023682,35.70384979248047,-15.36402702331543,39.54796600341797,-18.255924224853516,28.940113067626953,-17.06747055053711,28.8077335357666,-7.485082626342773,23.51526641845703,-2.886413335800171,26.45909309387207,-4.380422115325928,19.742061614990234,-4.7128753662109375,14.796802520751953,-3.9820892810821533,17.218183517456055,-0.127833753824234,13.9099702835083,-12.37575912475586,16.29920768737793,-8.125017166137695,13.654594421386719,-4.214895725250244,12.521985054016113,-5.256033420562744,14.075310707092285,-5.339273452758789,10.738863945007324,-4.098972797393799,9.234041213989258,-4.811034679412842,8.933256149291992,-1.0336402654647827,8.88652515411377,-3.3453333377838135,7.459902763366699,-1.2317276000976562,7.423405170440674,-1.0086801052093506,7.238553047180176,-2.899101495742798,6.884353160858154,-3.3822720050811768,5.623605251312256,-1.989058256149292,6.273252487182617,-3.9500892162323,6.198317527770996,-3.610212564468384,5.395247936248779,-3.5437116622924805,6.078265190124512,-4.7627434730529785,5.769764423370361,-5.143219470977783,5.491048812866211,-4.4374871253967285,5.178219795227051,-4.959696292877197,5.78844690322876,-3.666893482208252,5.043103218078613,-6.484776973724365,5.69243049621582,-3.567291021347046,5.114402770996094,-4.928971767425537,4.698633670806885,-4.883185863494873,3.965898275375366,119.9598357387355,7.136748408470002,0.028301598504185677,0.03206741437315941,0.11473732223053892,1532.6053735952075,0.7048192771084337,3.2866796475219267,-0.02013276517391205,-0.00020092115648421974,0.1807228915662651,1.0,0.0,7.0,0.16666666666666666,0.0, Crowd to make swing swing axisWorld speed
call565.ogg,Low,sinhala,-384.8442077636719,116.87902069091797,128.52474975585938,44.60538101196289,-7.711177349090576,44.16325759887695,19.72671890258789,53.656009674072266,-14.30834674835205,38.1312141418457,-28.275474548339844,24.129932403564453,-17.020273208618164,34.57524490356445,-15.588138580322266,27.021575927734375,-7.328151702880859,32.329654693603516,-8.9284086227417,23.03350830078125,9.778371810913086,21.252517700195312,8.256193161010742,14.489376068115234,-5.2815260887146,13.617082595825195,3.2384138107299805,9.00232219696045,-10.97718334197998,15.984939575195312,-4.981764793395996,17.065324783325195,-6.121509075164795,13.907933235168457,-2.483764171600342,10.345343589782715,-12.571130752563477,10.843493461608887,-5.142392635345459,11.038592338562012,-7.212128162384033,8.907289505004883,-0.18141937255859375,9.016040802001953,-4.15980863571167,7.949986934661865,-4.374123573303223,7.995187759399414,-2.9854235649108887,5.081998348236084,-3.4202075004577637,6.49859619140625,-3.3164141178131104,5.379129409790039,-4.418432235717773,5.316563606262207,-9.127389907836914,6.320430755615234,-6.897774696350098,6.520298004150391,-3.0700583457946777,6.217151165008545,-6.483506679534912,6.809704303741455,-3.688401222229004,6.127574443817139,-3.0321426391601562,6.154129981994629,-4.532023906707764,6.77372407913208,-4.402465343475342,6.077111721038818,-5.388916015625,5.967100620269775,-5.281765937805176,4.797677040100098,-5.899841785430908,4.231322765350342,-5.591588973999023,5.099700927734375,147.003789289242,67.20861310693807,0.03023686818778515,0.02064664289355278,0.09107653929455446,1127.4158788969298,0.74,12.589590427206547,-0.01235000416636467,-0.0001780832915493095,0.24,1.0,0.0,26.0,0.041666666666666664,0.0, आब वह थाय काँने बार सहकाय देन काये उर वह होए भी वह बिये वि कवा भि समारह चोाज्राने देल वमीड़ सह काता हमारे बस्टख़े、 चोंगे।
call567.ogg,Medium,sinhala,-428.9975891113281,151.0365753173828,101.47808837890625,56.80682373046875,-4.791474342346191,47.61122131347656,30.170093536376953,59.355777740478516,-1.4771102666854858,26.17422866821289,-31.625959396362305,36.88402557373047,-20.57448387145996,22.385555267333984,-8.859975814819336,20.669776916503906,-3.4040353298187256,25.992521286010742,-15.580696105957031,30.560691833496094,-0.49892517924308777,20.483304977416992,3.252507209777832,14.797440528869629,-11.94045639038086,21.017736434936523,2.5860931873321533,17.1870059967041,-6.9129838943481445,14.254715919494629,-5.475339889526367,14.276078224182129,-4.898962020874023,10.921113014221191,-0.7942543029785156,10.543829917907715,-9.01643180847168,13.681497573852539,-5.686039924621582,8.944519996643066,-7.453994274139404,8.161280632019043,-2.5206401348114014,6.108613014221191,-2.136813163757324,7.589308261871338,-3.2018532752990723,7.808517932891846,-1.3924440145492554,6.721002578735352,0.20435360074043274,6.6389336585998535,-3.258920431137085,6.1474995613098145,-4.305504322052002,6.8452630043029785,-4.672778606414795,6.208017826080322,-4.656043529510498,6.2915520668029785,-5.222448348999023,4.915597438812256,-4.279416561126709,6.179924011230469,-4.9953789710998535,5.5671234130859375,-2.6519227027893066,4.559969902038574,-3.649522066116333,4.867022514343262,-1.710171103477478,5.646182537078857,-5.784297943115234,6.745467662811279,-3.0351171493530273,6.09879207611084,-6.723796844482422,5.811212062835693,-3.9178528785705566,4.78114652633667,146.2345215108004,50.750810598791254,0.030495060607790947,0.03213511034846306,0.09112944019784172,1206.7709857466573,0.7536231884057971,10.740705321795668,-0.0004453733563423157,-4.947946755399553e-05,-0.23188405797101452,0.9444444444444444,0.0,13.222222222222221,0.0,0.0, फे दोौखोने रहे िहीडाने थिएा... ओ म़रेमयत पішरेp बपरेम ल लामने वह जहन व।
call568.ogg,High,tamil,-377.24554443359375,88.52713012695312,27.047977447509766,46.89603042602539,5.597116470336914,29.502838134765625,18.99246597290039,49.89035415649414,-44.24769592285156,37.905914306640625,-22.65502166748047,31.573108673095703,-21.2673397064209,21.4844913482666,-14.130184173583984,20.865602493286133,-14.140856742858887,22.424406051635742,-5.852064609527588,17.39246940612793,-4.38508415222168,15.41156005859375,-5.557498455047607,17.849470138549805,-4.2084059715271,15.50440502166748,-13.158001899719238,14.753852844238281,-5.718364715576172,12.791831016540527,-6.192879676818848,10.624909400939941,-12.246180534362793,15.070259094238281,1.4428799152374268,15.882511138916016,0.6516174674034119,16.49678611755371,6.3011393547058105,20.23652458190918,9.24691104888916,14.769303321838379,9.766287803649902,17.404531478881836,12.263933181762695,17.630361557006836,8.013389587402344,15.115816116333008,3.5567498207092285,16.187028884887695,4.933687686920166,14.727690696716309,1.225589632987976,14.655147552490234,-0.8803531527519226,12.666788101196289,-1.4172545671463013,8.616427421569824,-2.535909652709961,9.406755447387695,-1.0458836555480957,7.8449835777282715,-2.9151644706726074,8.014351844787598,-3.4594178199768066,7.7453765869140625,-4.538996696472168,7.706318378448486,-1.5108922719955444,6.717320442199707,-3.529829502105713,7.759353160858154,-2.963794231414795,7.958005905151367,-0.38127538561820984,8.319785118103027,-0.6188815832138062,8.03959846496582,-0.43590494990348816,7.476857662200928,284.41913391987646,34.12546249569153,0.0367581844329834,0.04066086187958717,0.15750319332224336,2002.6121522230078,0.9961832061068703,9.062994360986313,-0.015400614589452744,-9.573822397288299e-05,0.007633587786259555,1.0,1.0,17.0,0.0625,0.0, நான் ஒரு தீ விபத்தைப் பட்சி தகுவல் தருகிறேன் இதையால் பானத்தில் ஒரு சிரியைக் கடையிலேட் பட்டுவிட்டுவிட்டது. ஒருவன் இன்னும் ஒள்ளே இருக்கலாம்
call569.ogg,High,sinhala,-407.02178955078125,104.72227478027344,74.69005584716797,48.595977783203125,19.263704299926758,79.83645629882812,55.82228469848633,47.36444091796875,-21.21502113342285,34.56627655029297,-41.119808197021484,31.39824104309082,-10.767692565917969,18.878076553344727,-17.533967971801758,30.68889808654785,-19.84404182434082,22.834991455078125,-1.5609177350997925,14.36274528503418,-5.286017894744873,16.329395294189453,-8.309382438659668,10.70819091796875,-4.030577182769775,12.871190071105957,-9.422277450561523,12.69847297668457,-13.475356101989746,14.92663860321045,-2.8879449367523193,15.008736610412598,-10.665210723876953,9.176728248596191,0.2359306514263153,8.687950134277344,-9.588448524475098,10.477739334106445,-5.755695343017578,7.556065559387207,-6.42047643661499,7.733360767364502,-3.207821846008301,7.4075026512146,-3.158994197845459,10.0704345703125,-3.1773593425750732,10.64120864868164,-0.5437711477279663,12.986822128295898,0.22153295576572418,14.108760833740234,0.9472623467445374,16.190542221069336,10.081077575683594,16.157983779907227,10.852398872375488,14.452385902404785,13.221755027770996,15.678085327148438,12.613776206970215,16.998722076416016,5.937033176422119,15.168607711791992,1.059906244277954,9.356745719909668,-3.565703868865967,9.04749870300293,-3.7306175231933594,7.080833435058594,-4.5864057540893555,5.882068634033203,-2.0440242290496826,6.5372843742370605,-4.123634338378906,7.223652362823486,-3.8015739917755127,4.087345123291016,-3.9757022857666016,7.298013687133789,218.1349790397557,20.350592308705238,0.04182516783475876,0.027475818991661072,0.09352565456081081,1325.4097071587978,1.0,7.449009047207856,-0.008763302117586136,-0.00016855548818998117,-0.027397260273972712,0.6153846153846154,0.0,1.8461538461538463,0.0,0.0, Wa銀 ناغウаг Form
call570.ogg,High,sinhala,-369.3909606933594,114.50231170654297,68.0784683227539,67.5419921875,-5.3794965744018555,73.42034149169922,38.58468246459961,48.972599029541016,-21.38681983947754,37.748985290527344,-39.872047424316406,42.67802429199219,-20.588096618652344,26.77933692932129,-15.541245460510254,32.46329879760742,-17.609981536865234,17.984935760498047,-8.274812698364258,11.591540336608887,-5.0778093338012695,15.325542449951172,-10.752351760864258,13.269177436828613,-10.921820640563965,16.47693634033203,-14.411346435546875,12.442595481872559,-11.017297744750977,10.383148193359375,-1.3507188558578491,11.872554779052734,-7.3608551025390625,9.45079231262207,-6.876369953155518,10.72210693359375,-6.688599586486816,10.917062759399414,-7.186315059661865,7.536166667938232,-4.833369255065918,7.172580718994141,-7.045546531677246,8.77867317199707,-4.8997087478637695,8.857897758483887,-3.5081968307495117,8.617730140686035,-8.70985221862793,10.537516593933105,2.348320484161377,13.111950874328613,2.7132818698883057,15.193928718566895,10.87559986114502,17.897802352905273,10.688629150390625,14.630449295043945,15.546645164489746,15.800505638122559,9.751912117004395,16.297090530395508,4.600104808807373,13.90041446685791,3.899486780166626,13.695218086242676,-2.5984904766082764,8.006202697753906,-2.327038288116455,8.958698272705078,-3.818854808807373,10.61619758605957,-2.808682918548584,8.789969444274902,-1.8543822765350342,9.226728439331055,-3.3529117107391357,7.623104095458984,-5.009150981903076,7.459231853485107,215.3540804449157,23.801757612815056,0.043526504188776016,0.034998539835214615,0.11194317157451923,1623.2792458421661,0.9902912621359223,6.60876461589938,-0.03325175121426582,-0.0005227511993674058,-0.03883495145631066,0.9473684210526316,0.0,6.631578947368421,0.0,0.0, Aneeprocessa binebe egig hodap ko kati dinاف.
call571.ogg,High,sinhala,-408.926025390625,105.06505584716797,82.06401062011719,51.186946868896484,2.4088430404663086,56.6226692199707,20.86552619934082,54.21739196777344,-6.340059280395508,31.01679039001465,-26.299152374267578,36.321746826171875,-12.195533752441406,28.177087783813477,-8.06624698638916,29.128446578979492,-10.057153701782227,18.247512817382812,-4.723443984985352,14.490391731262207,-3.7107207775115967,15.015811920166016,-13.823539733886719,13.854825973510742,-8.08834171295166,15.291439056396484,-10.815141677856445,11.074138641357422,-16.241928100585938,12.190997123718262,1.8693472146987915,11.072561264038086,-11.319160461425781,8.5272855758667,-12.19101619720459,8.863038063049316,-6.975646018981934,7.163299083709717,-5.183564186096191,8.112752914428711,-5.931840896606445,7.306885242462158,-5.528420925140381,8.461058616638184,-4.603360176086426,7.5812578201293945,-7.39272403717041,8.836968421936035,-7.729010105133057,9.250836372375488,1.0857754945755005,14.012726783752441,3.8460919857025146,14.014517784118652,10.97629451751709,15.942032814025879,11.551850318908691,15.603291511535645,12.14708423614502,16.161903381347656,8.57850170135498,16.557113647460938,4.930324554443359,14.379754066467285,2.2779600620269775,11.333107948303223,-4.250760555267334,11.40812873840332,-2.0439341068267822,9.72683048248291,-4.033435344696045,8.644253730773926,-3.2260422706604004,7.846938133239746,-3.4400477409362793,5.824724197387695,-4.294773101806641,6.402462005615234,-3.7149786949157715,5.644115924835205,211.149244546298,23.220112916239128,0.03711950406432152,0.033694855868816376,0.11686197916666667,1510.7371912372632,0.92,6.939268087744371,-0.03618640825152397,-0.0004832976994871272,0.17600000000000005,0.962962962962963,0.0,5.777777777777779,0.0,0.0, ni katinaї malin uppas taken End
call572.ogg,High,sinhala,-394.2940368652344,120.8665542602539,73.51325988769531,62.28852844238281,-6.177882194519043,50.199745178222656,32.2197265625,48.0680046081543,-10.22536563873291,41.098968505859375,-37.7515754699707,39.19882583618164,-16.51690101623535,24.1751708984375,-1.3398765325546265,23.39626693725586,-9.806729316711426,18.324050903320312,-11.681204795837402,18.04303550720215,-6.9163899421691895,13.133599281311035,-6.32980489730835,16.80604362487793,-10.00290298461914,18.582990646362305,-15.183263778686523,11.369383811950684,-10.651613235473633,12.617033958435059,1.5534415245056152,9.382704734802246,-9.430709838867188,10.560136795043945,-7.698328971862793,9.37147331237793,-9.207413673400879,10.324868202209473,-5.343648433685303,8.3468017578125,-7.382009506225586,7.6814656257629395,-4.182566165924072,8.996301651000977,-5.806396007537842,10.473184585571289,-4.7461957931518555,7.500143527984619,-8.383532524108887,10.731054306030273,-4.085931301116943,8.900947570800781,1.640176773071289,16.081905364990234,8.152642250061035,18.0758056640625,9.982548713684082,15.21225643157959,12.734782218933105,17.63422393798828,10.067667961120605,14.874388694763184,6.059521198272705,15.67544174194336,6.025759696960449,12.777857780456543,-0.23484094440937042,10.827516555786133,0.9338330626487732,9.480891227722168,-2.7237894535064697,4.698173999786377,-5.740281105041504,7.556424617767334,-4.055800914764404,5.955007553100586,-4.155795574188232,5.60981559753418,-2.4865262508392334,5.081235408782959,206.76886125335295,16.93455311520527,0.03440991789102554,0.02245226688683033,0.089090792932243,1460.5340133591244,0.9056603773584906,4.1707125516364565,-0.01483827456831932,-0.00020860016679434394,-0.037735849056603765,1.0,0.0,9.0,0.0,0.0," amputeur beie re, sera pa ataterae te na vana!"
call574.ogg,High,sinhala,-357.3350830078125,122.41146850585938,81.78744506835938,39.473663330078125,-13.208388328552246,61.636104583740234,18.432798385620117,48.816165924072266,7.241297721862793,17.293155670166016,-23.479076385498047,29.380985260009766,-11.582755088806152,17.783205032348633,-6.413055896759033,27.425403594970703,-15.544264793395996,15.570935249328613,-2.4215946197509766,13.371541023254395,-18.114517211914062,11.566923141479492,-10.510361671447754,13.039334297180176,-1.8645087480545044,16.33491325378418,-5.285088539123535,15.89601993560791,-17.882848739624023,13.65807819366455,2.5973031520843506,7.493462562561035,-11.766643524169922,6.5207977294921875,-11.163771629333496,9.294898986816406,-10.092573165893555,7.686851501464844,-5.533791542053223,9.825177192687988,-10.19890022277832,8.102204322814941,-3.4748551845550537,7.6361565589904785,-4.541440010070801,11.768592834472656,2.192307949066162,17.28380012512207,6.173800468444824,23.233604431152344,12.614038467407227,18.114072799682617,17.284120559692383,17.54313850402832,16.313138961791992,15.119510650634766,14.344727516174316,20.73320770263672,10.02352523803711,16.322595596313477,3.7786009311676025,10.803106307983398,-3.2518417835235596,10.388349533081055,-6.0403852462768555,9.715880393981934,-3.6834075450897217,8.855184555053711,0.9088144898414612,9.781984329223633,-6.263816833496094,8.021065711975098,-6.683346271514893,6.52055549621582,-8.724042892456055,7.501370429992676,-3.1694529056549072,7.369862079620361,-2.236793041229248,8.12704849243164,232.02745961815674,15.82535055153217,0.04883303865790367,0.030240755528211594,0.09206321022727272,1436.3823382505782,1.0232558139534884,2.5855344987625117,-0.0024864263832569122,-8.390107690248253e-05,0.0,1.0,0.0,2.0,0.0,0.0, woundanationalimpr michia
call578.ogg,High,sinhala,-321.246826171875,123.50098419189453,94.82079315185547,35.95212173461914,-44.078895568847656,73.48301696777344,39.26960754394531,43.75254821777344,-21.711280822753906,27.163686752319336,-23.26229476928711,36.51462936401367,-20.601850509643555,25.519733428955078,-7.532062530517578,26.1987247467041,-2.650938034057617,20.461515426635742,-6.4096527099609375,16.25619125366211,-3.2543981075286865,16.194612503051758,-11.449117660522461,11.909146308898926,2.339787006378174,14.074122428894043,-18.820920944213867,12.376925468444824,-13.327929496765137,12.520560264587402,7.5031418800354,8.873042106628418,-15.568892478942871,9.077978134155273,-8.952138900756836,11.194334030151367,-8.703076362609863,9.749422073364258,-9.64168930053711,9.45351791381836,-2.798706293106079,6.202093601226807,-8.750447273254395,5.986511707305908,-6.524417877197266,11.204878807067871,-6.275698661804199,10.032318115234375,2.969369649887085,13.22623348236084,10.059240341186523,16.626781463623047,11.033092498779297,21.95583724975586,16.023298263549805,17.00092315673828,4.275691032409668,16.767847061157227,1.4036967754364014,14.36654281616211,-0.30078381299972534,17.25860023498535,0.40958353877067566,15.399829864501953,4.675342082977295,13.614792823791504,-0.699607789516449,11.485116004943848,-6.156337738037109,10.212605476379395,-3.7079334259033203,7.224515914916992,-0.7170550227165222,8.644808769226074,-0.2338392436504364,8.129687309265137,-3.3984169960021973,9.68752384185791,-3.7349681854248047,9.852801322937012,227.0213877281135,39.62104413139224,0.060716863721609116,0.05032406747341156,0.10858950407608696,1469.5652509126846,0.9555555555555556,12.73960779095149,-0.04029201343655586,-0.0009872007895073813,-0.1333333333333333,1.0,0.0,11.0,0.0,0.0, तो चरन अम ये बणाे कॡठिं सीक हीडहा चरो ऒ directed-
call579.ogg,High,sinhala,-455.1854248046875,115.12361145019531,114.92789459228516,65.66707611083984,38.31269836425781,34.29732894897461,10.700920104980469,54.66903305053711,-16.038562774658203,45.82497024536133,-3.949313163757324,28.656299591064453,-23.871957778930664,40.30173873901367,-6.177201271057129,23.32413673400879,-22.389514923095703,20.683748245239258,-9.262581825256348,23.318466186523438,-7.947612762451172,16.6241512298584,-12.45804214477539,16.695398330688477,-2.6067795753479004,15.439369201660156,-6.979310989379883,11.012874603271484,-9.277066230773926,9.183837890625,-6.51632833480835,9.258060455322266,-6.113214492797852,11.192886352539062,-7.184025764465332,12.036874771118164,-6.011952877044678,11.382848739624023,-9.634947776794434,10.651463508605957,-8.278121948242188,7.397331237792969,-5.64128303527832,8.017728805541992,-5.183878421783447,7.1087212562561035,-3.3139259815216064,7.450639247894287,-6.25588321685791,7.174025058746338,-2.4153859615325928,7.407995223999023,-5.007263660430908,6.384912490844727,-2.540140151977539,5.93632173538208,-4.431777477264404,5.725887775421143,-3.255854845046997,5.80259895324707,-3.6543080806732178,5.447089672088623,-4.0593719482421875,4.724403381347656,-1.375806212425232,4.928116798400879,-4.510382652282715,5.645365238189697,-4.024600505828857,4.081593990325928,-4.405226707458496,4.862663269042969,-4.253559589385986,4.487912654876709,-4.320992946624756,4.190699100494385,-4.392435550689697,4.917062282562256,-3.139469623565674,4.135546684265137,124.7488431101325,12.621235662334115,0.023123806342482567,0.021201662719249725,0.08392602692610063,1253.6633791724182,0.9367088607594937,5.305123923053566,-0.00484892912209034,-5.181331564493207e-06,0.07594936708860756,1.0,0.0,5.0,0.0,0.0," aga2 Argentina, AgaEToAktaraa mad Music2"
call595.ogg,High,sinhala,-401.4273376464844,88.65811157226562,100.08300018310547,44.30419921875,11.237671852111816,66.28783416748047,15.48849868774414,53.29558181762695,-42.740692138671875,36.526424407958984,-6.1003923416137695,43.72230911254883,-0.9873520135879517,28.446300506591797,-15.065282821655273,23.447265625,-3.481456995010376,17.506114959716797,-10.010003089904785,17.917638778686523,-14.968204498291016,16.226837158203125,-8.780155181884766,19.28756332397461,-7.21001672744751,13.377864837646484,-12.421064376831055,10.632403373718262,-4.261784076690674,9.947933197021484,-8.335201263427734,9.334555625915527,-7.219435214996338,11.002196311950684,-4.286164283752441,8.768580436706543,-10.540743827819824,9.046615600585938,-7.2857666015625,8.953229904174805,-6.014697074890137,9.002114295959473,-8.670504570007324,10.629341125488281,-4.817452907562256,8.39101505279541,-3.6571505069732666,9.954689979553223,-0.444818377494812,12.485960960388184,3.4744372367858887,13.57600212097168,6.821004867553711,12.301044464111328,9.826945304870605,14.360251426696777,9.32075023651123,12.919126510620117,7.975351810455322,13.711459159851074,1.1616756916046143,15.277787208557129,0.13068561255931854,11.897064208984375,-1.2865623235702515,8.098264694213867,-4.500946044921875,7.584377288818359,-2.700472593307495,8.326252937316895,-2.317875623703003,7.845827579498291,-2.6957924365997314,7.252145767211914,-2.20216703414917,7.347688674926758,-5.288639545440674,6.644153118133545,-5.289292335510254,5.537651062011719,236.12296822563584,34.49734327741479,0.04288763180375099,0.03946300968527794,0.0950927734375,1235.2155659553594,0.8695652173913043,9.476397263256809,-0.007181204855442047,-0.0002135159863459422,-0.27826086956521734,1.0,0.0,3.0,0.5,0.0,SpitFF vets vets
call597.ogg,High,sinhala,-439.1524353027344,92.74633026123047,93.01274108886719,58.105106353759766,19.82999610900879,44.618988037109375,32.28337097167969,66.66014099121094,-35.05221939086914,47.85647201538086,-12.623534202575684,35.46678924560547,-11.652514457702637,25.439172744750977,-15.28683090209961,31.081344604492188,-13.329450607299805,22.670570373535156,-8.332671165466309,17.34878158569336,-8.318487167358398,14.706398963928223,-5.8995771408081055,13.794154167175293,-7.6545820236206055,18.104509353637695,-11.072275161743164,9.817065238952637,-6.165863990783691,10.817441940307617,-7.153166770935059,9.691675186157227,-7.126833438873291,9.786445617675781,-6.458889484405518,9.061104774475098,-6.9020161628723145,7.972235202789307,-8.606217384338379,8.512628555297852,-3.9913604259490967,6.476519584655762,-10.366130828857422,9.69168758392334,-2.459947109222412,10.414388656616211,-0.12412765622138977,11.303403854370117,-3.012831926345825,13.573201179504395,12.266155242919922,15.947832107543945,8.982075691223145,12.267049789428711,11.655939102172852,14.884875297546387,8.645581245422363,14.26785659790039,1.0816466808319092,11.153605461120605,-1.3195124864578247,7.6678972244262695,-2.2604525089263916,7.59243106842041,-1.594571590423584,7.6731157302856445,-2.525686740875244,7.237190246582031,-1.6602271795272827,7.359653949737549,-4.285977840423584,5.608211040496826,-3.133230447769165,6.495657444000244,-2.975318670272827,5.238737106323242,-3.774101734161377,4.56714391708374,-4.0806708335876465,4.700300693511963,234.00934685954758,24.974520757954004,0.0339096263051033,0.026399027556180954,0.10939259572072071,1380.6938227370488,0.8895192171323216,8.813712058115472,-0.02346155047416687,-0.00041043682181147225,-0.14522762728690963,1.0,0.0,13.0,0.0,0.0, n Barkan rad overcome niyaya vaturi liya nama tawutti ki murgaidara mein atavai
call601.ogg,Low,sinhala,-518.6962280273438,136.18905639648438,102.11575317382812,79.16011810302734,19.972148895263672,37.6806526184082,23.61663055419922,43.053375244140625,1.8657220602035522,39.20696258544922,-9.179204940795898,28.217512130737305,-6.93947172164917,31.568864822387695,-7.6365532875061035,25.18182373046875,-8.169938087463379,21.856197357177734,-8.514867782592773,23.00984764099121,-6.798125267028809,16.370738983154297,-8.116844177246094,14.465934753417969,-0.8778824806213379,11.600762367248535,-6.480213165283203,11.775959968566895,-5.222801685333252,9.505804061889648,-3.2060656547546387,8.652972221374512,-7.3966522216796875,10.098732948303223,-4.967495441436768,9.38597297668457,-5.192624568939209,8.248613357543945,-6.745572566986084,8.136330604553223,-5.597816467285156,6.596224308013916,-4.699648380279541,6.670555591583252,-4.679771423339844,6.127219200134277,-5.340599060058594,5.673764705657959,-3.551236391067505,5.095834255218506,-2.394369125366211,5.627643585205078,-5.260806560516357,5.64890718460083,-2.1850342750549316,5.032008647918701,-2.7128913402557373,4.946321487426758,-3.02327561378479,5.4911017417907715,-1.646816372871399,3.465564489364624,-2.42270827293396,4.655218601226807,-2.329927444458008,4.429616928100586,-3.653144598007202,4.453039169311523,-3.008883476257324,4.116760730743408,-2.8403987884521484,3.7796387672424316,-4.384930610656738,4.634387969970703,-2.765249013900757,3.138965129852295,-3.84543514251709,3.92197585105896,-2.8596413135528564,3.193650484085083,110.14095001915778,10.845592169341622,0.017353888601064682,0.018185516819357872,0.05985493875628141,997.7582981679144,0.5808080808080808,3.3677778852332025,0.003547344356775284,1.3686595607599135e-05,-0.19191919191919193,1.0,0.0,1.0,0.0,0.0," Andniri,"
call603.ogg,Medium,sinhala,-445.25445556640625,120.58883666992188,81.29861450195312,69.51331329345703,4.7187676429748535,68.15550231933594,30.319223403930664,74.27586364746094,-25.037254333496094,43.098167419433594,-20.32859230041504,36.929588317871094,-16.19757652282715,32.24172592163086,-15.348958015441895,24.761198043823242,-19.803024291992188,27.87765884399414,-7.746936321258545,17.509441375732422,-7.062993049621582,19.841657638549805,-14.68613052368164,17.257932662963867,-1.05715811252594,17.063871383666992,-10.924063682556152,13.0142183303833,-9.700100898742676,15.393420219421387,-4.829522609710693,10.983844757080078,-6.406113147735596,12.620377540588379,-7.753580570220947,10.087967872619629,-6.604914665222168,9.641135215759277,-3.4515268802642822,8.37435245513916,-6.24177360534668,7.362801551818848,-6.1877851486206055,8.642229080200195,-4.442296504974365,7.515263557434082,-4.859487056732178,5.72360897064209,-6.171238899230957,6.617432594299316,-4.479065895080566,6.208197593688965,-4.942633628845215,5.8593974113464355,-6.382927417755127,6.399561405181885,-3.5671679973602295,7.45579195022583,-4.822903633117676,8.991275787353516,-2.7003681659698486,9.789258003234863,-1.0634194612503052,10.626638412475586,0.5808305740356445,11.86524486541748,2.162290334701538,12.399664878845215,3.6434617042541504,12.471451759338379,5.746312141418457,12.35384464263916,5.807738304138184,12.982759475708008,5.485189437866211,11.833356857299805,5.344208240509033,10.997472763061523,5.697128772735596,10.406912803649902,169.23576207534535,18.000976788611407,0.03045157715678215,0.030240189284086227,0.13643289346988796,1572.7780083436082,0.8623595505617978,5.090888848050003,-0.005219988524913788,-4.5715532509565115e-05,-0.1067415730337079,1.0,0.0,1.0,0.0,0.0, ITHETAenger
call604.ogg,Medium,singlish,-425.0556945800781,113.6715316772461,79.87890625,65.6420669555664,-9.196638107299805,61.39452362060547,22.486297607421875,74.92633056640625,-31.536495208740234,38.0212516784668,-14.393909454345703,38.38703918457031,-28.765491485595703,35.51245880126953,-17.498153686523438,24.82259750366211,-8.641461372375488,26.833759307861328,-14.212346076965332,17.372312545776367,-1.8420432806015015,20.849369049072266,-15.12964916229248,16.78215789794922,-0.6216330528259277,17.20029067993164,-7.717499732971191,14.184531211853027,-14.76923942565918,15.56091594696045,0.5802488327026367,11.558931350708008,-9.222210884094238,12.431121826171875,-5.655543804168701,13.054069519042969,-4.342467308044434,10.017760276794434,-7.009302616119385,8.951823234558105,-4.2531538009643555,7.826017379760742,-6.781191825866699,9.170181274414062,-5.326756954193115,8.510599136352539,-4.6935906410217285,6.596807956695557,-4.499322891235352,6.799945831298828,-3.858896017074585,6.767991065979004,-4.701908588409424,6.475434303283691,-3.66874098777771,6.816917419433594,-3.9539096355438232,7.618867874145508,-4.5656304359436035,8.267608642578125,-2.5644969940185547,9.225509643554688,-2.5143964290618896,10.474288940429688,-0.3932516574859619,13.03056526184082,2.4362142086029053,13.101259231567383,6.415213108062744,12.921825408935547,8.037229537963867,13.442431449890137,10.118505477905273,13.362406730651855,8.460908889770508,12.3075532913208,7.032720565795898,11.192479133605957,5.9349822998046875,9.77628231048584,169.56677925742574,15.247049365648355,0.03116096556186676,0.028198419138789177,0.12738334841844512,1575.4954932090266,0.8409785932721713,4.746871614479024,-0.01030862145125866,-6.028013434124838e-05,0.05504587155963303,1.0,0.0,4.0,0.0,0.0,uest. k mín tosh
call607.ogg,High,sinhala,-567.76611328125,73.93804168701172,106.17720794677734,52.728084564208984,34.58988571166992,43.336997985839844,18.440876007080078,51.492610931396484,-8.166736602783203,27.377063751220703,-30.939695358276367,31.82020378112793,-29.7705078125,28.48137092590332,-18.113935470581055,27.115646362304688,-12.707520484924316,27.006256103515625,-18.195486068725586,16.291208267211914,-20.336376190185547,13.954508781433105,-10.287787437438965,14.834543228149414,-9.20068359375,12.329716682434082,-10.180254936218262,14.04157543182373,-10.784761428833008,11.791609764099121,-10.476766586303711,11.267967224121094,-12.635499954223633,10.298321723937988,-10.521053314208984,12.750296592712402,-6.648445129394531,14.552183151245117,-2.218759536743164,16.491270065307617,-0.44138309359550476,15.925272941589355,3.012223243713379,13.97501277923584,3.993284225463867,15.097062110900879,4.9451212882995605,16.18307876586914,8.112964630126953,14.355391502380371,7.225316524505615,12.823710441589355,3.9809296131134033,12.13794231414795,4.3800153732299805,11.768198013305664,3.4476585388183594,10.895638465881348,1.9532759189605713,10.358839988708496,1.3712431192398071,9.192596435546875,-0.1084722951054573,10.294835090637207,-0.8438740372657776,10.891412734985352,1.387882113456726,9.208293914794922,-0.4898378551006317,8.563703536987305,-4.2621355056762695,7.4160308837890625,-1.970874547958374,7.682384490966797,-0.5382744669914246,6.850354194641113,-2.9507408142089844,6.077797889709473,-3.4814045429229736,5.391805648803711,252.8825610678454,39.952053841631844,0.014703014865517616,0.01109364628791809,0.07502122961956521,822.2146276784125,0.9126637554585153,9.998765814952142,0.007132327184081078,4.2258146639833e-05,-0.18340611353711778,1.0,0.0,4.0,0.0,0.0, h normal Naiul Saar
call608.ogg,Medium,sinhala,-564.6324462890625,98.54769897460938,127.9629898071289,59.95540237426758,12.506171226501465,51.32008361816406,9.300752639770508,58.386024475097656,-19.711509704589844,32.04071044921875,-39.98580551147461,47.148719787597656,-27.83731460571289,33.14862823486328,-9.261212348937988,25.62080955505371,-0.34505149722099304,25.92230224609375,-19.064302444458008,18.68861198425293,-20.0521240234375,22.51264762878418,-9.67886734008789,16.87281036376953,-8.028886795043945,13.709651947021484,-12.104572296142578,13.071979522705078,-11.720107078552246,14.053939819335938,-12.430763244628906,13.424055099487305,-12.841978073120117,14.160669326782227,-6.718038082122803,14.067619323730469,-0.508528470993042,15.091755867004395,-0.7144199013710022,18.374462127685547,1.1440848112106323,16.789339065551758,4.351969242095947,14.191822052001953,2.474634885787964,14.954913139343262,1.3669557571411133,16.422607421875,4.385784149169922,13.925246238708496,7.224271774291992,13.096768379211426,2.85140061378479,13.607421875,1.5686039924621582,13.010454177856445,1.42464280128479,11.946779251098633,0.01789340004324913,11.108002662658691,0.10717079788446426,9.513382911682129,-0.7791255116462708,9.565685272216797,-3.027728796005249,10.190320014953613,1.2273752689361572,8.50943374633789,0.7472156286239624,7.457296371459961,-3.221092462539673,7.277982234954834,-2.7843828201293945,7.891877174377441,0.26389944553375244,7.553231239318848,-2.12912917137146,8.037360191345215,-2.312439441680908,6.016420364379883,264.8065142759561,43.89281451454801,0.015202037058770657,0.008131327107548714,0.06288151421282799,876.7830581156195,0.8362573099415205,11.00537210266467,-0.0015421630814671516,-1.2751876913236382e-05,0.0,1.0,0.0,14.0,0.0,0.0," Girl, malesobgullahi  보여�idades PashtARIya gidan along itf Ladriye, parangat sadha L nahitarbi ra interesting"
call609.ogg,High,sinhala,-568.6101684570312,82.86036682128906,109.70555114746094,65.16172790527344,18.382158279418945,49.21770095825195,11.359265327453613,54.083457946777344,-24.039709091186523,32.2314567565918,-34.56708908081055,34.43035888671875,-20.35810661315918,25.299312591552734,-16.812349319458008,27.876911163330078,-11.214323997497559,22.639116287231445,-17.372055053710938,17.109012603759766,-19.71761131286621,15.759686470031738,-12.086350440979004,16.367321014404297,-9.301353454589844,12.279561042785645,-11.66629695892334,12.090191841125488,-10.58967113494873,12.786561012268066,-9.87362003326416,9.16401481628418,-13.420146942138672,12.09043025970459,-9.275819778442383,14.879289627075195,-1.8986845016479492,16.190534591674805,-2.011028528213501,16.58176040649414,2.1550698280334473,16.31262969970703,7.1270751953125,18.043575286865234,7.280993938446045,17.020645141601562,8.665032386779785,18.527103424072266,7.264310359954834,15.940217018127441,7.0620598793029785,15.632018089294434,4.384007453918457,14.897616386413574,5.104684352874756,14.159741401672363,3.9436933994293213,11.976286888122559,-0.1672811061143875,11.806913375854492,-0.9367423057556152,10.607489585876465,-1.7913278341293335,8.394264221191406,-4.210151672363281,7.920849800109863,0.6099790334701538,7.19874382019043,0.7212296724319458,6.984834671020508,-3.05290150642395,7.398740291595459,-2.2395482063293457,8.335408210754395,-0.9370980262756348,7.85241174697876,-4.457763671875,6.102742671966553,-3.514946460723877,6.548491477966309,262.1319163864211,42.383199200403695,0.015579722821712494,0.008950346149504185,0.07131154913651316,906.5044940373717,0.9174917491749175,9.115315083975645,-0.0014659706503152847,-4.715614641506191e-06,-0.11881188118811892,1.0,2.0,26.0,0.0,0.0," klim, mandlapid hi tem urdimabadang Atapat mant favourst, counterpart Mandi ki Storage runne roller mit p탄안 h rantin Pulle olur, lwame kutatulINnavane ginnue avege parillan we"
call610.ogg,High,sinhala,-534.0618286132812,80.58610534667969,112.41050720214844,48.65756607055664,12.289786338806152,45.6673469543457,8.834935188293457,49.30099105834961,-23.1285400390625,31.26605224609375,-36.03374481201172,33.3682746887207,-26.176395416259766,26.732295989990234,-15.032206535339355,23.061473846435547,-9.424131393432617,24.94224739074707,-19.057369232177734,18.886423110961914,-17.325929641723633,16.972009658813477,-9.36547565460205,15.914779663085938,-11.566173553466797,14.449305534362793,-10.089930534362793,11.719109535217285,-9.143233299255371,11.077933311462402,-12.111512184143066,11.423707008361816,-15.126933097839355,11.173542976379395,-9.719316482543945,11.896974563598633,-3.9768879413604736,12.109415054321289,-5.648676872253418,16.191932678222656,0.8637294769287109,16.360729217529297,7.380145072937012,16.235286712646484,8.845311164855957,15.748559951782227,9.964278221130371,17.86798667907715,9.751851081848145,17.423524856567383,8.953324317932129,16.117000579833984,4.231351375579834,13.007729530334473,3.8349766731262207,12.280760765075684,3.0915253162384033,12.146331787109375,-0.34480181336402893,12.434167861938477,1.003305196762085,10.860968589782715,0.033334169536828995,9.733830451965332,-3.3532016277313232,8.815434455871582,-0.8722662925720215,6.714770793914795,1.0316646099090576,7.22704553604126,-3.912801504135132,7.988283634185791,-3.8691744804382324,7.078666687011719,-2.0575685501098633,7.554871082305908,-4.425706386566162,7.780895233154297,-2.580099105834961,7.276355743408203,257.3521829821294,33.984423822045464,0.016082724556326866,0.008740453980863094,0.07421509246254682,851.884192141474,0.924812030075188,8.808747421222387,-0.0007381364703178406,-8.002587209996713e-06,-0.12030075187969924,0.8571428571428572,0.0,11.142857142857144,0.0,0.0, Więcижуழ Teilenowik ф Єтنمبادagles Saudi ad JEN Carole isionsal humbled MTSC MTSM Bagh거든요
call611.ogg,High,sinhala,-563.9107055664062,83.67395782470703,107.18571472167969,62.60138702392578,24.647624969482422,57.436195373535156,12.179866790771484,58.590606689453125,-22.45321273803711,31.099422454833984,-41.68455505371094,35.93649673461914,-30.24513053894043,29.311174392700195,-10.746658325195312,26.81319236755371,-12.687356948852539,24.279720306396484,-21.638290405273438,18.57012367248535,-17.769405364990234,19.489543914794922,-9.757038116455078,14.897576332092285,-6.444956302642822,17.817964553833008,-14.839393615722656,13.333891868591309,-7.391059398651123,13.014440536499023,-7.388279438018799,13.516772270202637,-13.938539505004883,14.246786117553711,-12.523606300354004,13.509946823120117,-6.148104190826416,12.14570140838623,-8.635838508605957,11.439949989318848,-6.8061652183532715,12.55692195892334,0.22803805768489838,14.732359886169434,5.510841369628906,17.716136932373047,8.744915962219238,18.73177146911621,10.988715171813965,19.191011428833008,9.822402000427246,17.079910278320312,9.899312019348145,16.20237922668457,8.644954681396484,15.709383964538574,7.100279331207275,15.358366966247559,3.753600597381592,13.445045471191406,4.391266345977783,12.588492393493652,1.524293065071106,11.135966300964355,-0.30919983983039856,9.20210075378418,0.7119379639625549,7.921061992645264,2.418151617050171,8.386174201965332,-1.475602149963379,8.702603340148926,-2.6304869651794434,7.833772659301758,-0.7946441769599915,6.791658878326416,-3.6902923583984375,6.42948055267334,-3.390855073928833,5.991696357727051,248.21542030928677,41.03088742848104,0.01380135491490364,0.0072586447931826115,0.11266217912946429,1264.7046137901746,0.978494623655914,8.169310339297063,-0.0032343780621886253,-1.6475744777108788e-05,-0.021505376344086002,1.0,1.0,25.0,0.041666666666666664,0.0," Since the incident En prints an en tu Edwardsphy Was jinnak, jest jinnak per si illini Sarah Krigehen möchte ya Kannirak, muri gannara di marquee"
call613.ogg,High,singlish,-545.4119262695312,99.74104309082031,97.1875991821289,83.06230926513672,23.255332946777344,55.21610641479492,25.823421478271484,74.8126220703125,-27.674226760864258,38.57805633544922,-39.233734130859375,36.315650939941406,-26.599336624145508,35.936824798583984,-16.099592208862305,27.665239334106445,-8.575058937072754,25.99959945678711,-23.76859474182129,17.20071792602539,-15.725971221923828,18.43297004699707,-9.27004623413086,17.424678802490234,-10.803694725036621,16.15074348449707,-17.95167350769043,14.609400749206543,-8.502192497253418,13.21359634399414,-8.031231880187988,10.172111511230469,-13.610294342041016,12.494579315185547,-9.816222190856934,13.565800666809082,-3.2476322650909424,12.60351276397705,-0.7941007614135742,14.957488059997559,0.3353498578071594,14.859318733215332,4.353475570678711,16.05242919921875,4.980048656463623,16.490861892700195,2.915351152420044,15.52067756652832,4.480588912963867,13.023246765136719,5.985077857971191,12.859068870544434,4.907382488250732,12.859184265136719,6.07382345199585,13.35878849029541,6.249713897705078,14.043760299682617,5.062612056732178,12.227360725402832,1.9337489604949951,12.39326000213623,2.9296438694000244,9.918086051940918,-1.6132972240447998,8.749777793884277,-0.48554784059524536,8.269855499267578,1.4866232872009277,6.421522617340088,-1.0867515802383423,7.701464653015137,-2.720696210861206,6.683413505554199,-1.0460602045059204,7.538606643676758,-2.5855798721313477,5.401885986328125,-1.2432992458343506,5.000761985778809,254.6231734773084,44.05916248590849,0.01720300130546093,0.0109988022595644,0.10262140012254901,1347.4376177029235,0.8937007874015748,13.942302073950957,0.004256580024957657,1.7629833826229126e-05,-0.10236220472440949,1.0,0.0,3.0,0.0,0.0, tern Di Malvakta
call614.ogg,High,singlish,-563.5241088867188,110.35884094238281,102.503173828125,71.00114440917969,15.569769859313965,49.177940368652344,15.643171310424805,58.11420440673828,-20.080646514892578,33.10538864135742,-30.321121215820312,35.289791107177734,-28.88739013671875,33.605220794677734,-13.904284477233887,29.002552032470703,-5.6769280433654785,23.27845573425293,-21.029251098632812,21.43485450744629,-15.750506401062012,18.15098762512207,-10.792240142822266,15.039196968078613,-8.566789627075195,15.096925735473633,-9.891327857971191,14.129268646240234,-10.021880149841309,12.456923484802246,-7.181239604949951,13.14979362487793,-10.845158576965332,13.113412857055664,-6.475313663482666,14.77302074432373,-2.1602487564086914,13.080785751342773,-1.8681252002716064,14.089407920837402,0.6927784085273743,16.871334075927734,3.94887113571167,15.631937026977539,4.821881294250488,16.93270492553711,4.438482284545898,15.027676582336426,4.435879707336426,13.465962409973145,6.6105146408081055,13.308713912963867,2.0295660495758057,12.995222091674805,2.4858527183532715,12.534396171569824,3.6756694316864014,12.001184463500977,1.6669310331344604,11.041461944580078,1.0088245868682861,9.957067489624023,0.8454051613807678,10.35230827331543,-1.7609525918960571,10.604148864746094,1.8185241222381592,8.916126251220703,2.2268147468566895,7.454333305358887,-3.0052666664123535,7.382624626159668,-2.3386833667755127,7.388401031494141,-0.030234165489673615,6.4540791511535645,-2.8656766414642334,6.67073917388916,-3.173336982727051,6.0382399559021,264.09780876944495,49.89152454556285,0.015200386755168438,0.009813975542783737,0.08549033717105263,1086.476383775285,0.8839050131926122,12.117281183934132,-0.0011042989790439606,-4.0038328358692145e-06,0.12137203166226918,1.0,0.0,1.0,0.0,0.0, Mutabadeyoran.
call617.ogg,High,sinhala,-574.3701171875,84.96728515625,107.43097686767578,56.13873291015625,13.759964942932129,54.430721282958984,23.058961868286133,53.765228271484375,-22.913597106933594,33.86624526977539,-42.84354782104492,33.468929290771484,-29.074905395507812,33.415225982666016,-19.329286575317383,22.52825927734375,-15.167466163635254,22.585145950317383,-16.534311294555664,18.010583877563477,-17.56271743774414,17.20526695251465,-12.725625038146973,15.234548568725586,-8.098298072814941,14.695585250854492,-11.26096248626709,11.971635818481445,-12.565896987915039,12.948054313659668,-10.10669994354248,11.273483276367188,-13.905390739440918,9.843382835388184,-13.377923965454102,11.325981140136719,-4.43626070022583,13.43020248413086,0.8861097097396851,17.18422508239746,6.502991676330566,18.97943878173828,13.840295791625977,19.452327728271484,14.497639656066895,16.312091827392578,12.589677810668945,16.45185661315918,9.232880592346191,16.44376564025879,8.168990135192871,16.253692626953125,4.8240647315979,12.964008331298828,3.3703224658966064,11.216976165771484,2.047193765640259,11.499632835388184,-1.7402938604354858,10.294116020202637,-0.5769227147102356,7.638326644897461,-0.8742669224739075,7.11614990234375,-4.561173915863037,7.2294511795043945,-2.1461358070373535,6.530475616455078,-0.112624391913414,6.349248886108398,-3.1150872707366943,6.294137954711914,-4.859593868255615,6.8206586837768555,-4.154641628265381,7.823050022125244,-2.20015287399292,7.179872035980225,-1.7582542896270752,7.209989070892334,270.8904247392477,32.897967803117965,0.014447958208620548,0.007458976935595274,0.07362777467757936,954.163267440358,0.9482071713147411,8.21947869201088,0.002197086811065674,9.578561119396977e-06,-0.015936254980079667,0.9655172413793104,0.0,17.379310344827587,0.0,0.0, அணை அப்படியாக கண்டி உடு வழு சக்கொள்ளலை நம்ப 22 گதிருடைவோட்டேனும் அந்த சமர் دுக்கு ரார் இங்கன் தேவை யாவில் என்ன துளி
call622.ogg,Medium,sinhala,-417.8585510253906,87.66793060302734,97.38771057128906,59.35954666137695,17.711870193481445,57.856868743896484,39.01183319091797,77.7548599243164,-29.833471298217773,38.04910659790039,-19.663066864013672,44.66301345825195,-24.184764862060547,33.5130729675293,-18.543434143066406,24.469051361083984,-10.705050468444824,24.456064224243164,-3.828068256378174,21.03299331665039,-11.814178466796875,18.270692825317383,-16.34963607788086,17.267837524414062,-4.260855197906494,18.351158142089844,-20.12513542175293,16.954547882080078,-10.51273250579834,13.139922142028809,-5.635544776916504,10.80496597290039,-10.26473617553711,10.907548904418945,-4.184804916381836,7.791836261749268,-3.2448010444641113,8.101791381835938,-6.773813247680664,10.080290794372559,-6.7176690101623535,8.766192436218262,-6.818371772766113,7.6547698974609375,-5.462166786193848,8.378046989440918,-7.357648849487305,11.135692596435547,-6.9732561111450195,9.016286849975586,-2.775709629058838,8.627495765686035,-1.1112980842590332,12.620508193969727,3.515439033508301,14.49633502960205,9.388875961303711,15.24698543548584,12.556417465209961,13.233487129211426,14.034086227416992,14.572075843811035,12.288657188415527,16.35738754272461,8.395756721496582,16.19069480895996,3.12532901763916,11.131861686706543,-0.5340253710746765,9.388524055480957,0.3980177640914917,10.088229179382324,-1.122545599937439,9.980507850646973,-0.48589569330215454,7.197720527648926,-0.7939243316650391,6.9288330078125,-3.5546045303344727,6.935904502868652,222.6932621309086,51.33837557212969,0.03425990417599678,0.0162031352519989,0.09018766983695652,1287.6385079662036,0.8421052631578947,9.937875078603577,-0.005980361253023148,-3.0195050969306973e-05,0.0,1.0,0.0,4.0,0.0,0.0, diagnosed a back up
call625.ogg,Medium,tanglish,-472.8083190917969,102.08642578125,75.53575897216797,52.62397766113281,-8.101545333862305,65.3314437866211,22.827329635620117,53.1264762878418,-10.831155776977539,31.596927642822266,-32.548641204833984,35.72721481323242,-28.545560836791992,27.617557525634766,-22.39430046081543,23.463109970092773,-19.507307052612305,22.296083450317383,-8.497626304626465,16.776290893554688,-4.721839427947998,17.5037784576416,-13.965032577514648,14.918375968933105,-8.03294563293457,15.692956924438477,-10.370864868164062,13.064017295837402,-12.179777145385742,9.951560974121094,-3.6451575756073,11.083247184753418,-16.34845733642578,11.635769844055176,-13.309739112854004,9.488317489624023,-8.759854316711426,8.955172538757324,-8.222947120666504,10.164276123046875,-3.7884888648986816,10.915956497192383,1.0037115812301636,11.47887134552002,5.769038200378418,11.938122749328613,8.870674133300781,12.559582710266113,15.596819877624512,11.56446647644043,18.56482696533203,12.414284706115723,18.71010398864746,16.338260650634766,15.417083740234375,16.568504333496094,3.472996473312378,12.589179992675781,-2.674160957336426,9.609909057617188,-3.765638828277588,9.727900505065918,-3.4223437309265137,7.722856044769287,-1.411734700202942,7.594295978546143,-1.3230770826339722,7.337417125701904,-5.27547025680542,6.197974681854248,-4.073476791381836,6.787323474884033,-0.7771583795547485,6.423279762268066,-2.074193000793457,6.445955276489258,-4.228093147277832,6.901119709014893,-4.817798137664795,6.9966535568237305,245.76813874816128,15.297606972337785,0.025307029485702515,0.017484167590737343,0.11171549479166666,1334.254587882468,0.9731543624161074,7.077072221381073,0.0085995402187109,6.445836887765581e-05,-0.06711409395973167,1.0,0.0,2.0,0.0,0.0,ifts起來 G
call627.ogg,High,tanglish,-445.8706359863281,105.6671142578125,62.71196746826172,64.58654022216797,12.24881649017334,64.05755615234375,22.25324821472168,60.03618240356445,-16.020259857177734,40.191768646240234,-11.823310852050781,27.826093673706055,-33.187049865722656,28.293378829956055,-26.828205108642578,19.006853103637695,-20.137237548828125,24.055971145629883,-14.910848617553711,14.98018741607666,-8.896392822265625,18.623437881469727,-18.41938591003418,17.611175537109375,0.7548372149467468,16.253538131713867,-12.980961799621582,11.937882423400879,-11.587550163269043,10.332124710083008,-4.044180393218994,9.573057174682617,-11.351442337036133,13.543412208557129,-11.228693962097168,10.6734619140625,-11.470996856689453,10.605876922607422,-10.276407241821289,11.176980018615723,-3.986619234085083,12.66031265258789,4.637349605560303,12.522838592529297,8.253958702087402,15.185812950134277,15.620577812194824,14.520310401916504,21.977079391479492,15.341316223144531,18.7557430267334,13.671725273132324,11.349977493286133,16.2844181060791,5.1778998374938965,13.068524360656738,-0.7090740203857422,9.859320640563965,-2.993569850921631,7.652607440948486,-2.086033582687378,7.564364433288574,-2.177521228790283,7.444911956787109,-4.1257429122924805,6.613373756408691,-6.935972690582275,6.09919548034668,-4.776131629943848,5.745293617248535,-1.9261759519577026,6.851192474365234,-3.7961907386779785,6.203826427459717,-3.1851487159729004,6.681643962860107,-3.1807706356048584,5.97133731842041,-3.4931750297546387,5.306317329406738,256.48648334726806,22.497830386257196,0.031967125833034515,0.019869711250066757,0.11505793723739496,1548.7237494458461,0.9745762711864406,7.948022394933587,0.0014985017478466034,1.7177520238224334e-05,-0.016949152542372947,0.9583333333333334,0.0,5.75,0.0,0.0, ஒரு چாயில் இணுமுலே இருக்குப் பிற்சிக்கிரம் வாங்கா.
call629.ogg,High,tamil,-480.652099609375,93.5245132446289,56.2159423828125,59.90011215209961,15.095477104187012,57.4248161315918,43.399627685546875,62.08921813964844,-19.329132080078125,36.65940856933594,-21.74289321899414,33.30903625488281,-21.435375213623047,30.333040237426758,-28.157108306884766,24.355016708374023,-22.60006332397461,19.953411102294922,-12.091291427612305,14.923869132995605,-12.216436386108398,15.127890586853027,-17.517902374267578,19.212617874145508,-4.143392086029053,14.796432495117188,-14.083274841308594,10.312263488769531,-14.86828899383545,11.76062297821045,-4.485379695892334,11.92990779876709,-13.943033218383789,11.319308280944824,-11.738492965698242,10.020052909851074,-9.122496604919434,10.361772537231445,-11.144063949584961,11.49028491973877,-6.562777519226074,11.04336166381836,-0.18879976868629456,14.446803092956543,4.397166728973389,15.495335578918457,12.916842460632324,14.670794486999512,16.440433502197266,14.586282730102539,19.335567474365234,14.714253425598145,14.745953559875488,15.5763578414917,12.20873737335205,14.165119171142578,6.109106540679932,12.244587898254395,1.684760332107544,11.19176959991455,0.28330308198928833,9.67274284362793,-1.6527032852172852,6.791666507720947,-1.2585365772247314,7.048741817474365,-4.920122146606445,5.230205535888672,-5.330735683441162,6.397162914276123,-2.211456298828125,7.537227153778076,-3.8783507347106934,5.915043830871582,-2.642880439758301,6.239485263824463,-2.4638924598693848,5.478609085083008,-4.8981475830078125,6.009153366088867,245.2697183632471,18.291541816359572,0.024500947445631027,0.016648313030600548,0.0987152099609375,1590.1124083306925,0.9748427672955975,5.5601703634096715,0.006164496764540672,8.052376598525561e-05,0.037735849056603765,0.7777777777777778,0.0,3.888888888888889,0.0,0.0, يع crítہ מUDAVAیاھ முறதெvär 까pletை.
call631.ogg,High,tamil,-442.01812744140625,107.79020690917969,63.82246017456055,48.08378219604492,5.474534034729004,53.944366455078125,34.49742126464844,63.510353088378906,-28.233388900756836,33.793434143066406,-10.183873176574707,31.227951049804688,-22.62986946105957,23.517356872558594,-32.48546600341797,18.708118438720703,-21.83042335510254,21.322872161865234,-14.71104907989502,14.698460578918457,-7.264550685882568,18.820295333862305,-19.01197052001953,13.888144493103027,-0.3377721309661865,18.05807113647461,-14.436614990234375,11.19650936126709,-12.532120704650879,11.62863826751709,-5.053537368774414,9.27562141418457,-13.767963409423828,10.69958209991455,-11.638047218322754,8.984071731567383,-9.996061325073242,6.8420891761779785,-9.013849258422852,10.591571807861328,0.7984256744384766,15.570886611938477,9.243894577026367,19.854389190673828,12.508373260498047,16.05225372314453,19.59752655029297,17.61878204345703,17.694793701171875,14.66230297088623,13.586024284362793,16.84220314025879,9.15982437133789,12.325939178466797,6.091322898864746,16.148366928100586,4.5272908210754395,10.184428215026855,0.8325936794281006,9.27603530883789,-3.384690284729004,11.261588096618652,-4.170186996459961,7.2731757164001465,-4.328538417816162,7.883177757263184,-5.27201509475708,6.630778789520264,-5.94612979888916,7.733821392059326,-4.092463970184326,6.263747692108154,-4.8141303062438965,6.471124172210693,-4.841264724731445,6.914315700531006,-4.866909027099609,6.391490936279297,-4.52232027053833,6.2368879318237305,257.7540815305367,23.71130562069515,0.02878911793231964,0.020940668880939484,0.08566755589430894,1352.627531279367,1.0081967213114753,6.439008730858356,-0.008427098393440247,-0.00016907666706458382,0.016393442622950838,1.0,0.0,9.0,0.0,0.0," Eehei mahaw'u madiituationaha, illkiodehte eine nits kabea mudiya unforgettable."
call640.ogg,High,tanglish,-438.3017272949219,122.19815826416016,73.10823822021484,45.997188568115234,-7.93102502822876,65.63152313232422,18.722536087036133,62.82926940917969,-33.545440673828125,47.31583786010742,2.1328113079071045,41.53306198120117,-24.265443801879883,20.220762252807617,-25.53377914428711,24.02096939086914,-12.469472885131836,27.843706130981445,-18.9918270111084,18.171571731567383,-12.414546012878418,18.261266708374023,-10.958621978759766,14.138671875,3.603527069091797,15.927334785461426,-16.013500213623047,13.341368675231934,-7.408612251281738,8.970867156982422,-5.494383335113525,12.941856384277344,-18.296783447265625,11.394150733947754,-8.190749168395996,11.134757995605469,-7.454663276672363,12.368762969970703,-5.844590187072754,15.043378829956055,-3.415534019470215,14.694199562072754,-1.6367132663726807,12.867141723632812,2.6343319416046143,18.26749610900879,7.045162677764893,18.998394012451172,9.985245704650879,18.7259464263916,13.384886741638184,19.68049430847168,12.370955467224121,18.721887588500977,6.763558864593506,17.675365447998047,3.814180374145508,14.53737735748291,0.31465333700180054,14.292132377624512,-1.5974289178848267,13.543116569519043,0.11439208686351776,10.075216293334961,0.0014978343388065696,10.011296272277832,-4.557656288146973,10.092631340026855,-4.649430751800537,8.036974906921387,-4.9215593338012695,7.112598419189453,-3.6080524921417236,6.778323173522949,-3.559382677078247,7.708466053009033,-3.6879982948303223,7.352924823760986,-5.205812931060791,7.511991024017334,250.00041937034536,29.051283418414208,0.02875952236354351,0.01694124937057495,0.13431101831896552,1621.709229414076,0.9236111111111112,7.634183312479408,-0.010282935574650764,-0.00012014952616357891,-0.06944444444444453,1.0,0.0,7.0,0.0,0.0, வாட்ட வாஸ்டா ராஸாகத்து நான் அப்பா சலோலே இருக்கும்
call644.ogg,Medium,tanglish,-434.5113220214844,108.02581787109375,67.82474517822266,51.558746337890625,-5.792896747589111,55.42277526855469,40.96858215332031,58.9040641784668,-27.001047134399414,38.464839935302734,-15.07656192779541,26.100732803344727,-19.309972763061523,25.691295623779297,-32.23527145385742,23.557836532592773,-22.21208381652832,26.65055274963379,-18.242647171020508,17.714670181274414,-6.39924955368042,14.025491714477539,-17.020055770874023,16.28192901611328,3.7903895378112793,14.064957618713379,-7.748061656951904,13.445972442626953,-12.670565605163574,12.295695304870605,-1.873089075088501,13.129798889160156,-17.971187591552734,10.696490287780762,-11.189736366271973,10.104168891906738,-8.847912788391113,8.757657051086426,-10.776110649108887,11.641633033752441,-2.536581039428711,10.397541046142578,-0.5638361573219299,12.779093742370605,6.311701774597168,15.312784194946289,11.761957168579102,16.97684669494629,18.484460830688477,15.424579620361328,16.955801010131836,17.67850112915039,12.786966323852539,18.078065872192383,10.748967170715332,17.139081954956055,2.71639347076416,12.423084259033203,0.3283764123916626,8.660829544067383,-2.472113847732544,9.450000762939453,-2.5408222675323486,8.045513153076172,-2.3214077949523926,9.712492942810059,-5.557709217071533,6.67786169052124,-4.303516864776611,6.801821231842041,-3.1670825481414795,7.809105396270752,-2.444432497024536,7.819362163543701,-4.024712085723877,7.176728248596191,-4.396288871765137,6.206570148468018,-4.7263898849487305,6.578970909118652,249.6741168459276,21.38135507189896,0.034448347985744476,0.020020177587866783,0.0957306892641129,1428.4195824184446,0.959349593495935,5.690531901987665,-0.027466392144560814,-0.00034462680504034483,-0.06504065040650397,1.0,0.0,3.0,0.0,0.0,毕と �ating pleating
call646.ogg,Medium,singlish,-443.43402099609375,142.53494262695312,57.53126907348633,57.89397430419922,-2.187314748764038,44.6531982421875,15.289079666137695,61.79411697387695,-18.383602142333984,39.23430633544922,5.852244853973389,33.741336822509766,-18.0297794342041,25.64026641845703,-25.496902465820312,27.588817596435547,-11.518865585327148,24.303409576416016,-11.815583229064941,16.563661575317383,-9.911558151245117,16.519189834594727,-4.955275535583496,13.940292358398438,-1.9439542293548584,11.750418663024902,-7.699153423309326,9.601386070251465,-5.334589004516602,9.402174949645996,-7.010735511779785,12.211885452270508,-6.464264869689941,9.529871940612793,-5.048642635345459,7.143585205078125,-6.549654483795166,8.525609970092773,-3.033256769180298,7.388513565063477,-3.6419081687927246,7.199419975280762,-6.3292975425720215,7.363373279571533,-3.9472873210906982,6.62430477142334,-5.119391918182373,6.682247638702393,-7.478176116943359,7.568679332733154,-2.3600575923919678,6.171206951141357,-4.195434093475342,6.328217029571533,-3.836202621459961,7.736231803894043,-0.8290926814079285,8.697530746459961,-0.22396889328956604,9.083553314208984,1.0654879808425903,11.296561241149902,4.775941848754883,12.467329025268555,7.911209583282471,13.871979713439941,9.192797660827637,14.100482940673828,11.361861228942871,15.619332313537598,7.206332683563232,13.107767105102539,4.225373268127441,11.96916675567627,2.889561653137207,10.869909286499023,-0.33928123116493225,7.81775426864624,1.4007896184921265,6.191080093383789,188.06089331830924,17.1781100169956,0.024467578157782555,0.024187123402953148,0.14238597728587962,1954.5204895817317,0.6558139534883721,6.8356901706860125,-0.009335275739431381,-7.987759313234744e-05,-0.046511627906976716,0.975,0.0,10.725,0.0,0.0, گாங்குத் துரிசா பாராவால பேகத்திருக்கும் மான் உன்று ஓர் பிள்ளை வேண்டும் கத்தில் இன்ன?
call651.ogg,High,tamil,-486.9850158691406,82.30743408203125,83.0551528930664,40.720619201660156,12.223403930664062,60.05461502075195,32.13577651977539,52.4887580871582,-23.258190155029297,25.807783126831055,-32.43901824951172,47.81123733520508,-15.441343307495117,25.78193473815918,-21.137720108032227,23.746458053588867,-18.263946533203125,35.82533264160156,-13.600359916687012,20.334897994995117,-23.258724212646484,20.832475662231445,-16.72537612915039,15.222940444946289,-4.303868293762207,15.030952453613281,-13.689794540405273,13.223209381103516,-9.43243408203125,12.774306297302246,-12.713662147521973,10.274345397949219,-10.58067512512207,10.166707038879395,-12.848438262939453,9.189262390136719,-10.979448318481445,8.719294548034668,-5.586343288421631,12.622440338134766,-0.9642172455787659,14.004786491394043,3.335001230239868,14.387596130371094,10.008071899414062,19.12505340576172,10.644121170043945,13.747841835021973,15.812082290649414,15.699190139770508,11.556336402893066,11.853276252746582,14.146645545959473,16.541902542114258,11.283590316772461,13.441679000854492,6.991471767425537,11.303512573242188,0.3988153040409088,9.555180549621582,-3.259453296661377,7.486222267150879,-5.557421684265137,8.001220703125,-5.408658981323242,6.070006847381592,-3.496371269226074,7.070586681365967,-4.531099796295166,6.087803363800049,-5.934259414672852,5.539989471435547,-3.6539337635040283,4.88441276550293,-3.9668619632720947,6.389261722564697,-2.782339096069336,6.4774651527404785,-4.843201637268066,6.146302223205566,250.80777411303816,23.26557059141785,0.024233495816588402,0.012661711312830448,0.08670066550925926,1197.7960486775346,1.0,4.9917744030463265,-0.00942893698811531,-0.00011358820466843133,0.0,1.0,1.0,7.0,0.0,0.0, தங்கள் வேஸமாஸ வியர்கிறுது நாங்கள் நேர் மாடியில் இருக்கிறோம்.
call654.ogg,High,tamil,-455.2060241699219,85.77299499511719,75.26497650146484,52.851097106933594,12.998231887817383,37.64837646484375,30.098344802856445,34.335323333740234,-22.105152130126953,35.10847091674805,-31.046388626098633,34.48284149169922,-17.5343074798584,22.542285919189453,-22.40936279296875,22.552093505859375,-16.70123291015625,24.148475646972656,-23.150859832763672,15.56437873840332,-14.461345672607422,12.916539192199707,-7.484790325164795,13.956634521484375,-0.6418769359588623,13.166268348693848,-15.022655487060547,11.526256561279297,-10.651008605957031,12.815611839294434,-7.750115871429443,9.834287643432617,-15.288677215576172,9.282601356506348,-9.869422912597656,10.627845764160156,-13.002715110778809,10.327072143554688,-8.165839195251465,12.633132934570312,1.769718050956726,13.999955177307129,4.872433185577393,16.000518798828125,14.749982833862305,19.78072166442871,15.239272117614746,14.840353012084961,17.583467483520508,14.767101287841797,16.222030639648438,18.97140121459961,10.566764831542969,17.085384368896484,6.853491306304932,11.305597305297852,1.7233467102050781,10.133615493774414,0.24215522408485413,10.687225341796875,-5.063724040985107,8.789342880249023,-5.2405829429626465,7.595547199249268,-6.5092620849609375,5.943783283233643,-5.560916900634766,5.142030239105225,-3.6447455883026123,5.423803806304932,-5.5977396965026855,6.668662071228027,-3.3091561794281006,5.619340896606445,-1.9583860635757446,5.440004825592041,-3.4013702869415283,5.057204246520996,-2.7655434608459473,7.290965557098389,260.88552287958726,28.19524708242683,0.03368616849184036,0.026908528059720993,0.0923291455518018,1179.843317523791,1.0,5.716579808508483,-0.026648608967661858,-0.0003336547934859641,0.0,1.0,1.0,7.0,0.0,0.0, சுவா சிக்க முடியாத அலவகு புகை நிறம் வியுள்ளது
call655.ogg,Medium,tamil,-465.0790100097656,92.1615219116211,85.01765441894531,36.62042236328125,15.815897941589355,51.50709533691406,30.248126983642578,41.9855842590332,-27.077817916870117,33.72671890258789,-24.571155548095703,29.37056541442871,-13.753266334533691,19.16216278076172,-22.139352798461914,24.27519989013672,-14.607542037963867,24.871721267700195,-26.3944149017334,16.66693687438965,-14.480255126953125,18.110904693603516,-10.711982727050781,14.695186614990234,-5.383096694946289,12.454991340637207,-18.69231414794922,10.269948959350586,-10.037396430969238,11.726776123046875,-11.261351585388184,11.149575233459473,-13.909035682678223,9.4066743850708,-8.857803344726562,9.802892684936523,-7.83934211730957,10.092716217041016,-5.104622840881348,14.311079978942871,1.1916213035583496,14.944150924682617,2.0392422676086426,18.529796600341797,8.649636268615723,16.06896209716797,7.442037582397461,14.868908882141113,11.569141387939453,16.359786987304688,14.462809562683105,16.59566879272461,14.487027168273926,15.610589981079102,11.238578796386719,15.128246307373047,5.4567694664001465,14.773137092590332,-0.990375816822052,12.977277755737305,-4.234894752502441,8.904810905456543,-4.71387243270874,7.732730865478516,-5.928805351257324,6.605177402496338,-5.517022609710693,6.4307379722595215,-4.783781051635742,6.355513095855713,-6.003661632537842,5.079482555389404,-2.951310157775879,6.2053914070129395,-2.7068419456481934,5.321063995361328,-2.793272018432617,7.008070468902588,-0.6409696936607361,6.800441265106201,254.8732253229309,33.29444896361283,0.02767293155193329,0.01574455201625824,0.059508796751968504,1001.1671296396711,1.0,9.61865355288006,-0.005774596706032753,-7.694720569368377e-05,0.031746031746031744,1.0,0.0,6.0,0.0,0.0, Vittukul tanir mulngal uyeran baray vandvittade.
call657.ogg,High,sinhala,-372.5526428222656,118.91525268554688,54.330997467041016,62.60444641113281,-13.17768669128418,55.002891540527344,10.175475120544434,57.97806167602539,-25.143186569213867,40.2715950012207,0.6643799543380737,29.807785034179688,-32.670413970947266,27.183629989624023,-20.461816787719727,22.66437530517578,-11.494488716125488,26.445844650268555,-16.0460262298584,18.22055435180664,-18.311185836791992,20.912199020385742,-6.436186790466309,14.70402717590332,-5.362606048583984,14.042634010314941,-13.303746223449707,11.725997924804688,-6.840581893920898,10.77839183807373,-8.095291137695312,12.399775505065918,-5.8481245040893555,13.922050476074219,-4.624117851257324,13.833314895629883,-1.8646308183670044,18.39654541015625,2.2867064476013184,18.164894104003906,3.323002338409424,16.71129608154297,0.9063224196434021,15.410850524902344,3.1647415161132812,13.509958267211914,5.678365707397461,15.868114471435547,2.4506983757019043,15.480162620544434,7.254482269287109,15.802934646606445,3.060647487640381,15.164273262023926,4.194045066833496,15.802994728088379,4.199710845947266,13.326918601989746,2.0863630771636963,11.503798484802246,1.4175375699996948,9.488944053649902,-1.8118152618408203,10.792279243469238,-1.5641961097717285,9.557888984680176,-1.0309299230575562,8.709843635559082,-1.022074818611145,7.058631420135498,-3.38525390625,7.368697643280029,0.7465746402740479,8.98102855682373,-0.4557614326477051,7.030982494354248,-0.5923140048980713,7.3491716384887695,-0.6560696959495544,6.425540924072266,271.9836545578732,45.41132753472837,0.035868700593709946,0.02818913385272026,0.1267648335375817,1862.707482660669,0.7697368421052632,8.765678065777367,0.0022470392286777496,7.30045574769532e-07,-0.11842105263157898,0.9736842105263158,0.0,13.631578947368421,0.0,0.0, ale ain'tiінär hen��mado h�s m m記得같 na matagin makate cholesteroless ne ce Maakatekala kaçall
call663.ogg,Medium,tanglish,-513.0066528320312,103.98737335205078,68.19700622558594,60.4805908203125,8.397211074829102,49.035064697265625,16.094552993774414,50.4619255065918,-20.784008026123047,32.16740036010742,-13.19129467010498,36.466800689697266,-13.8433198928833,22.162254333496094,-16.302093505859375,26.69234275817871,-11.91340160369873,26.43096160888672,-16.562646865844727,19.526399612426758,-13.499762535095215,17.82630729675293,-9.779268264770508,14.017996788024902,-6.961228370666504,13.68947982788086,-10.202441215515137,11.832114219665527,-7.59704065322876,9.467151641845703,-10.020055770874023,9.96823501586914,-10.895167350769043,10.787127494812012,-7.52549934387207,11.249714851379395,-8.665386199951172,12.294262886047363,-3.7760231494903564,12.195077896118164,0.6520106792449951,12.910684585571289,1.4753507375717163,13.851458549499512,9.580577850341797,17.515853881835938,11.651412963867188,16.853527069091797,10.694153785705566,16.233386993408203,7.722981929779053,14.9996976852417,8.866988182067871,14.870271682739258,7.697841644287109,14.288251876831055,3.4787683486938477,11.573949813842773,-0.8521588444709778,10.890650749206543,-0.4312868118286133,8.749600410461426,-0.7476378083229065,8.444710731506348,-3.265137195587158,7.770827770233154,-4.595475673675537,6.761595249176025,-3.107025384902954,5.69130277633667,-5.070448398590088,5.66725492477417,-2.5252246856689453,6.100621223449707,-3.0230507850646973,6.8682756423950195,-2.772765874862671,6.119950294494629,-2.4578628540039062,5.6006951332092285,255.03749128733836,32.87534019590793,0.020284123718738556,0.01833505742251873,0.14339741338951312,1532.6278311919102,0.8458646616541353,7.907210676573888,0.012264594435691833,7.423919210218803e-05,0.18796992481203012,0.9803921568627451,0.0,13.72549019607843,0.0,0.0," கண்டி பேராதுன் என்று ரோட் நம்பு 14, ہாஜ் கிராண்ப்ப் பலத்வாட்ட வந்திருக்கிறான் நான் அப்போத் சலோலை இருப்ப்போன்"
call667.ogg,High,tanglish,-474.47308349609375,86.6143569946289,72.10619354248047,61.752906799316406,9.048785209655762,49.498329162597656,21.434999465942383,53.28083801269531,-15.646968841552734,31.717668533325195,-23.361127853393555,33.39405822753906,-17.531002044677734,23.950197219848633,-18.628278732299805,29.008739471435547,-16.1980037689209,28.762792587280273,-18.388093948364258,16.801280975341797,-20.13951301574707,22.0707950592041,-5.524712562561035,16.71144676208496,-6.882253646850586,12.800615310668945,-10.113598823547363,13.707985877990723,-6.498529434204102,12.401310920715332,-12.086215019226074,10.910270690917969,-11.085967063903809,11.763593673706055,-7.870286464691162,10.076029777526855,-8.034554481506348,12.154168128967285,-1.4234813451766968,16.894052505493164,0.0032998414244502783,14.809969902038574,0.42138171195983887,13.71925163269043,7.9198384284973145,14.490361213684082,13.219171524047852,15.555208206176758,11.14657974243164,15.255257606506348,13.62145709991455,15.981714248657227,9.489087104797363,14.464028358459473,4.9740376472473145,13.54977798461914,2.398066759109497,11.753089904785156,-0.8702552318572998,11.904303550720215,-1.684775471687317,9.319860458374023,-2.023998498916626,9.852524757385254,-5.034709453582764,8.88179874420166,-3.2537810802459717,6.832881450653076,-3.684236526489258,5.899521350860596,-4.9123125076293945,6.02760124206543,-4.549599647521973,6.916792869567871,-3.301560878753662,5.880859375,-2.131237745285034,7.927759647369385,-1.8913848400115967,6.1213884353637695,259.11573458383185,32.99377290843131,0.025105416774749756,0.01854841783642769,0.12822306657037816,1439.949916058061,0.919831223628692,8.910386688014906,0.005381612107157707,3.610622247676173e-05,-0.08438818565400841,1.0,2.0,14.0,0.0,0.0," கண்டி, கடுகுச் சத்திட மேன்றும் 3, 3 வீட்டுக்குள்ள வோட்டு Faster Eyes Agudit, நாங்கள் மேலை இருக்கும்"
call675.ogg,Low,sinhala,-465.6733093261719,102.76897430419922,72.42025756835938,62.80846405029297,15.032177925109863,43.77347946166992,18.40641975402832,55.28594970703125,-8.820127487182617,29.36697006225586,-15.473705291748047,32.49972152709961,-27.699939727783203,33.79568862915039,-16.979352951049805,23.89089012145996,-13.158007621765137,24.061037063598633,-17.268657684326172,18.896150588989258,-17.62818145751953,16.849390029907227,-11.164438247680664,15.677497863769531,-6.609210014343262,14.134249687194824,-5.831340312957764,12.18981647491455,-7.296164035797119,13.225878715515137,-9.870640754699707,12.680076599121094,-8.390552520751953,11.789473533630371,-4.2356038093566895,12.088597297668457,-6.098515510559082,15.008116722106934,-1.4172509908676147,16.312458038330078,1.8684697151184082,12.618693351745605,-2.2104651927948,13.01086139678955,0.7111993432044983,14.418485641479492,1.2838516235351562,12.892537117004395,2.6326382160186768,12.661961555480957,4.657200813293457,14.9232177734375,2.0339102745056152,13.205050468444824,1.065307855606079,12.713959693908691,1.813780426979065,12.754056930541992,2.412738800048828,12.64466667175293,2.6635866165161133,12.9326753616333,2.6239304542541504,13.159724235534668,2.5770044326782227,12.071619987487793,1.0227954387664795,9.892073631286621,1.1439696550369263,10.083900451660156,0.2174978107213974,9.022285461425781,1.5786018371582031,8.326031684875488,0.8029378056526184,7.685677528381348,-0.7887126803398132,7.878973007202148,-0.7443864941596985,5.297442436218262,244.5905644552641,55.88249621773518,0.024066735059022903,0.021496742963790894,0.10775142170936396,1488.9073147218733,0.8404255319148937,13.08408562752743,-0.012531604617834091,-9.114936516185828e-05,-0.21985815602836878,0.9555555555555556,0.0,7.644444444444445,0.0,0.0, � nationalist  Letter Conf dictioner ون vogie Marriage
call679.ogg,High,sinhala,-394.7665100097656,97.77735137939453,45.76005172729492,56.478309631347656,-6.485036373138428,49.7966194152832,24.35036849975586,77.17440795898438,-35.00192642211914,43.2125358581543,0.4299560487270355,30.6855525970459,-29.0351619720459,31.665760040283203,-32.46443557739258,27.355667114257812,-18.446584701538086,26.401174545288086,-15.164878845214844,20.688018798828125,-19.337770462036133,22.409032821655273,-9.027503967285156,19.18574333190918,-4.21088171005249,16.14405632019043,-12.638200759887695,15.274789810180664,-4.025096416473389,13.549193382263184,-7.228480815887451,15.09656047821045,-5.904458045959473,16.465576171875,-3.0109918117523193,13.484793663024902,-5.437524795532227,16.68929672241211,4.014165878295898,17.61817741394043,5.535336017608643,20.543840408325195,8.387721061706543,18.65443992614746,7.2990875244140625,16.977718353271484,2.0761537551879883,18.148914337158203,2.8583390712738037,16.899036407470703,6.2017645835876465,17.088237762451172,4.502618789672852,16.428131103515625,2.5513384342193604,16.515748977661133,4.001521110534668,12.68128490447998,2.581577777862549,12.607038497924805,0.583662211894989,12.096773147583008,1.5213844776153564,12.006890296936035,-3.105095863342285,11.531211853027344,-2.5846762657165527,9.409156799316406,-3.0305447578430176,8.729900360107422,-3.0877065658569336,6.597113132476807,-2.0490407943725586,7.517699718475342,-2.0966999530792236,8.233146667480469,-0.835845410823822,7.417850017547607,-0.37919098138809204,7.302877426147461,271.8122201188475,45.04873116009565,0.03577781841158867,0.023025818169116974,0.12720424107142858,1876.761139131087,0.9540229885057471,9.850177474259498,0.0011225640773773193,-5.147429841504966e-05,0.09195402298850575,1.0,0.0,14.0,0.0,0.0, ஆள் மண்டின். அப்படி எதிரு சாலக்கினைக் கண்டும் மேண்டும் என்னும் தனைப் பெடில் எப்படியில் எடுவதால் தாம் மின்னா.
call680.ogg,Low,sinhala,-366.5489807128906,107.98435974121094,63.498382568359375,80.57606506347656,9.933719635009766,58.504093170166016,48.06190490722656,39.8719596862793,-17.398712158203125,32.79841995239258,-13.418806076049805,36.003421783447266,-16.50989532470703,24.866703033447266,-13.255329132080078,21.106292724609375,-25.582735061645508,24.620729446411133,-12.890809059143066,18.777196884155273,-21.398723602294922,18.93872833251953,-7.72627067565918,14.6915864944458,-6.188371181488037,14.974153518676758,-13.074039459228516,11.839338302612305,-4.689610481262207,16.98713493347168,-13.195296287536621,13.866622924804688,-11.068471908569336,11.844452857971191,-4.16959810256958,10.739811897277832,-7.756287574768066,11.624048233032227,-6.769908905029297,16.71074867248535,-4.353671073913574,11.737021446228027,-5.254450798034668,12.631540298461914,-1.7338262796401978,12.753950119018555,0.08050733059644699,13.217914581298828,-0.35334938764572144,12.66210651397705,5.581872940063477,11.587526321411133,2.516047716140747,10.64260482788086,3.551602363586426,14.23309326171875,7.028336048126221,14.56017780303955,7.352480411529541,17.45513916015625,2.852940082550049,14.537376403808594,0.6765251755714417,13.782248497009277,-1.0409590005874634,12.64201545715332,0.5041681528091431,9.213338851928711,1.3807697296142578,7.455624103546143,0.6875278949737549,9.247326850891113,1.5965569019317627,10.824610710144043,1.0802314281463623,12.659978866577148,-0.5749044418334961,9.39309310913086,0.32050275802612305,9.567407608032227,230.0513950913967,45.08835992114601,0.04605773836374283,0.023414423689246178,0.11711491765202703,1615.7958929347576,0.9863013698630136,8.583698654740164,-0.0421990305185318,-0.000857160813935441,0.05479452054794531,1.0,0.0,4.0,0.0,0.0," mujhe caworuh na kona,"
call684.ogg,Low,sinhala,-472.4258728027344,75.13780975341797,79.3276596069336,61.32309341430664,21.546972274780273,47.82731246948242,27.97827911376953,53.80851364135742,5.6021575927734375,31.867277145385742,-5.699817657470703,30.431541442871094,-21.455032348632812,24.897592544555664,-17.105802536010742,26.518495559692383,-17.101285934448242,25.591108322143555,-24.754802703857422,19.551353454589844,-21.535491943359375,19.0853328704834,-8.943300247192383,18.07708740234375,-13.787771224975586,13.240975379943848,-13.339461326599121,11.307530403137207,-3.5720436573028564,11.448505401611328,-13.209580421447754,11.657901763916016,-7.456517696380615,12.634031295776367,-4.611006736755371,9.751296043395996,-10.595588684082031,11.49219036102295,-8.586954116821289,9.890005111694336,-4.259300708770752,9.43274974822998,-5.478164196014404,11.277114868164062,1.2573498487472534,13.054722785949707,0.9081149697303772,13.661144256591797,3.9794692993164062,15.14120864868164,5.4550580978393555,15.091947555541992,0.5371935367584229,12.62699031829834,5.052177429199219,13.637895584106445,3.6107499599456787,12.261823654174805,3.484177350997925,11.302428245544434,3.173740863800049,10.631953239440918,4.654482364654541,12.384389877319336,3.9091601371765137,11.691823959350586,1.5958164930343628,10.481583595275879,2.13797926902771,9.821125984191895,0.14078545570373535,8.995349884033203,0.6013386845588684,6.292022228240967,-1.8078217506408691,5.758076190948486,-2.142676830291748,5.551319599151611,-1.989882469177246,4.946109771728516,232.17192293908667,43.61057216023118,0.02968786470592022,0.01838669180870056,0.09037853422619048,1104.0265177387882,0.9043478260869565,9.219323368511231,-0.005146266892552376,-3.306300453495698e-05,0.20869565217391295,0.0,0.0,0.0,0.0,0.0,
call685.ogg,Low,sinhala,-491.4606628417969,109.21415710449219,92.78801727294922,61.3892822265625,16.054893493652344,45.518306732177734,19.003662109375,60.2601203918457,2.9884121417999268,33.31580352783203,-2.737647294998169,32.4415283203125,-20.35770606994629,32.60396957397461,-13.425471305847168,24.628013610839844,-15.86956787109375,23.566587448120117,-20.618398666381836,23.591480255126953,-22.586118698120117,21.099374771118164,-11.309568405151367,18.19380760192871,-12.654682159423828,15.372859001159668,-12.211149215698242,13.332281112670898,-6.472793102264404,12.022783279418945,-9.51136589050293,12.708429336547852,-3.4325456619262695,14.19287109375,-6.096710681915283,13.205612182617188,-9.950769424438477,13.227052688598633,-3.651308536529541,13.74251937866211,-3.0036277770996094,10.813128471374512,-7.461034774780273,11.559409141540527,1.5477499961853027,12.703361511230469,-0.2640267610549927,11.728747367858887,0.5121491551399231,12.308444023132324,1.0896857976913452,12.418194770812988,0.22829952836036682,12.04538631439209,4.636207103729248,12.152052879333496,4.2267913818359375,12.823067665100098,4.307106971740723,11.532899856567383,2.941330671310425,10.080960273742676,5.786306381225586,12.189775466918945,2.5345635414123535,11.829484939575195,2.5900189876556396,10.681798934936523,1.7406266927719116,9.130043983459473,-0.5546936988830566,7.330215930938721,-0.046438008546829224,6.400523662567139,-2.496685266494751,5.325028896331787,-2.171609401702881,4.8216447830200195,-2.519399404525757,5.1222357749938965,239.88357108391696,50.19622884215108,0.025521084666252136,0.01818760298192501,0.08885501849688474,1066.035750588188,0.8625,11.456579463984383,0.002218419685959816,1.0949334943366833e-05,-0.0625,1.0,0.0,4.0,0.0,0.0, Vihriltai. Utk재이체라인의 체� responsive.
call686.ogg,High,sinhala,-497.7203674316406,98.02840423583984,75.77440643310547,61.10791015625,22.309396743774414,57.493751525878906,32.21411895751953,48.56279754638672,9.789002418518066,29.198575973510742,0.7183015942573547,32.49478530883789,-23.56055450439453,29.809890747070312,-14.037843704223633,25.47663116455078,-15.64229965209961,23.774402618408203,-24.13288688659668,19.249887466430664,-19.60129165649414,19.341310501098633,-7.4849114418029785,15.134387969970703,-13.646222114562988,13.775588035583496,-15.458656311035156,13.24731159210205,-4.969432830810547,12.703336715698242,-12.580946922302246,12.088126182556152,-7.5814337730407715,11.912178039550781,-7.416637897491455,10.201231956481934,-11.891557693481445,11.690962791442871,-5.984799385070801,9.836196899414062,-4.887025356292725,10.118128776550293,-6.389636993408203,11.384322166442871,0.9011737108230591,12.89207649230957,-1.5146918296813965,11.383240699768066,2.1332974433898926,14.15312671661377,3.462203025817871,12.787117958068848,1.0153790712356567,12.776881217956543,5.128281116485596,13.155052185058594,3.7061948776245117,11.860636711120605,4.48328161239624,9.310131072998047,3.7232916355133057,10.381268501281738,4.686498165130615,11.505768775939941,3.2428677082061768,11.20140552520752,2.6758580207824707,9.504571914672852,1.4972366094589233,9.203010559082031,-0.2422650307416916,8.352728843688965,-0.15093223750591278,6.561925888061523,-1.769410490989685,6.1265034675598145,-1.8191652297973633,5.067953586578369,-3.040891647338867,4.916717052459717,229.15423476898204,39.09146948992195,0.027171263471245766,0.01953260600566864,0.08378177472014925,1060.8540873561453,0.8952095808383234,9.306468194050105,-0.002024831250309944,-1.7319051805316168e-06,-0.12574850299401197,1.0,0.0,5.0,0.0,0.0, Otai tsuesengrowkda previanki Nganivanaakaku Luka
call687.ogg,Medium,sinhala,-464.7653503417969,104.68031311035156,87.26591491699219,91.36624145507812,19.568418502807617,48.87309265136719,9.28803539276123,59.40657424926758,-20.94902992248535,36.69870376586914,-15.676753044128418,30.118915557861328,-16.017620086669922,25.959280014038086,-21.657297134399414,27.252180099487305,-19.850387573242188,21.465951919555664,-7.855801582336426,20.437969207763672,-19.425060272216797,17.82229995727539,-9.536290168762207,13.449692726135254,-4.80289363861084,15.416598320007324,-12.829619407653809,13.376588821411133,-9.657233238220215,12.300496101379395,-12.725844383239746,12.344685554504395,-9.460820198059082,10.917787551879883,-7.924772262573242,11.4076509475708,-9.74198055267334,11.50866413116455,-3.6010799407958984,12.330254554748535,-2.943711042404175,11.400479316711426,-1.1616182327270508,13.256773948669434,-1.0600526332855225,14.284018516540527,3.4501495361328125,15.02474594116211,1.5049355030059814,14.843388557434082,2.2143304347991943,14.901556015014648,1.8874443769454956,14.06938648223877,2.8696372509002686,13.766565322875977,4.914357662200928,13.556605339050293,4.208349704742432,14.48273754119873,5.643388271331787,13.886362075805664,4.36957311630249,14.565986633300781,3.6654741764068604,13.796163558959961,1.9321987628936768,11.120734214782715,-0.5267530679702759,9.905513763427734,-1.5760976076126099,8.26097297668457,-1.669767141342163,7.799605846405029,-2.0802242755889893,7.359655380249023,-2.202274799346924,6.501861572265625,-1.538621425628662,5.960137844085693,234.58780440690973,40.422208267586576,0.023599140346050262,0.01585603691637516,0.14318678895449308,1515.1504292420684,0.8475750577367206,9.405954591794156,-0.004150561988353729,-9.950015995941667e-06,-0.18013856812933027,1.0,0.0,3.0,0.0,0.0,  compartmentig 思ig here
call688.ogg,High,sinhala,-496.52069091796875,99.60206604003906,84.79378509521484,73.94088745117188,24.243558883666992,49.77243423461914,23.308626174926758,51.29576110839844,-30.69916534423828,46.2278938293457,-6.373632907867432,28.437793731689453,-14.264603614807129,29.00625991821289,-32.5064582824707,28.523908615112305,-14.279733657836914,24.070579528808594,-17.73826789855957,20.507625579833984,-22.33942985534668,18.075706481933594,-5.421388149261475,16.677854537963867,-9.782310485839844,16.42795753479004,-11.123578071594238,13.139330863952637,-8.631735801696777,14.389503479003906,-10.649874687194824,13.280723571777344,-11.016789436340332,13.131155967712402,-9.573287010192871,11.42258071899414,-8.437812805175781,11.335663795471191,-4.30286979675293,12.258755683898926,-1.9021025896072388,12.664341926574707,-1.771451473236084,14.721800804138184,2.3223917484283447,17.245807647705078,5.230899333953857,15.466384887695312,-0.46690279245376587,13.540413856506348,4.017621994018555,14.186858177185059,1.7943614721298218,14.389050483703613,5.1104607582092285,13.239997863769531,6.94708251953125,12.933587074279785,8.569869041442871,15.392362594604492,6.955364227294922,15.876291275024414,5.313230991363525,15.279982566833496,4.149547576904297,13.445075035095215,0.1739211529493332,9.086607933044434,-1.1467580795288086,8.02901554107666,-2.949204206466675,7.146825313568115,-2.41670560836792,5.597531318664551,-2.23480486869812,5.727171897888184,-3.9072515964508057,6.401597023010254,-3.619842052459717,5.810657501220703,236.96956711199633,42.909105559756796,0.02204599790275097,0.012657948769629002,0.10564448104113111,1344.26482115299,0.8994845360824743,10.844961128002337,-0.00020311027765274048,-7.103454037199169e-06,-0.005154639175257714,1.0,0.0,2.0,0.0,0.0, Mülurke T檱
call690.ogg,Medium,singlish,-453.2386474609375,110.74417877197266,93.10194396972656,66.82523345947266,8.35798168182373,47.94493865966797,22.883991241455078,63.618324279785156,-6.551136016845703,40.9440803527832,-21.911849975585938,26.3026123046875,-21.98081398010254,33.50727462768555,-21.718860626220703,30.855833053588867,-19.26451301574707,25.03169059753418,-3.8766255378723145,26.03954315185547,-14.935097694396973,19.336071014404297,-10.727560043334961,14.931201934814453,-9.75559139251709,16.416677474975586,-5.792862892150879,10.954692840576172,-6.630834102630615,14.093831062316895,-7.137412071228027,11.954834938049316,-5.7785539627075195,10.90034294128418,-6.726597785949707,10.175909042358398,-8.569600105285645,10.304343223571777,-6.095236778259277,10.459221839904785,-10.600130081176758,8.47643756866455,-9.423133850097656,9.816502571105957,-3.965376377105713,10.760478019714355,-7.14229679107666,8.992403030395508,-4.640522003173828,9.745622634887695,-4.097906112670898,9.941837310791016,-0.5298627614974976,13.931618690490723,3.514624834060669,14.87308120727539,2.7121052742004395,14.593917846679688,5.841911792755127,14.477775573730469,6.188710689544678,15.55807113647461,5.188741683959961,14.246543884277344,3.8564913272857666,12.999834060668945,2.8450839519500732,12.166768074035645,2.1781530380249023,10.692408561706543,1.9430468082427979,10.930853843688965,4.267239093780518,10.956887245178223,3.3646769523620605,10.802186965942383,0.7665531635284424,11.109683990478516,-0.012746044434607029,8.50356388092041,199.3426958188331,30.496934870723102,0.02421087585389614,0.019354427233338356,0.11943510389819588,1369.1824414167054,0.7979274611398963,8.868293115168592,-0.008991885930299759,-6.271633179505305e-05,-0.20725388601036265,0.025974025974025983,0.0,0.4155844155844157,0.00432900432900433,0.0, சاماریٹے واثلک ڈڑڑڑیں گیٹہ ٹھوڑھیں گے نو پڑوہ ٹھین ٹھوڑیں ٹھوڑھیں ٹھوڑھیں گے لیوڑھیں گے வیڈی
call694.ogg,High,singlish,-448.7253112792969,103.22006225585938,78.7320785522461,71.0820083618164,12.085373878479004,49.48494338989258,24.168724060058594,59.29243087768555,-12.687759399414062,34.859378814697266,-8.292262077331543,30.074005126953125,-21.361600875854492,31.398263931274414,-16.704376220703125,28.2866268157959,-18.900423049926758,28.057037353515625,-13.5496826171875,22.461679458618164,-17.02374839782715,19.958356857299805,-9.17978572845459,18.147750854492188,-0.6434568762779236,18.419984817504883,-9.686198234558105,17.320575714111328,-3.42795467376709,12.701351165771484,-4.978452205657959,12.565023422241211,-10.16392707824707,11.184773445129395,-6.1948065757751465,11.294611930847168,-10.383794784545898,11.729784965515137,-10.102493286132812,10.884686470031738,-4.746866226196289,10.859899520874023,-6.2182817459106445,10.39452075958252,-5.643298149108887,11.737934112548828,-2.008524179458618,12.24429702758789,-2.189112424850464,13.24390697479248,1.8594517707824707,15.634480476379395,2.5960538387298584,14.1124267578125,4.700345993041992,13.549444198608398,6.159201145172119,13.074556350708008,6.134584903717041,13.641059875488281,6.3078813552856445,15.599440574645996,6.1664652824401855,15.309881210327148,6.07167387008667,14.499687194824219,3.224475145339966,12.363142967224121,1.9924122095108032,11.540715217590332,-0.24662545323371887,9.522940635681152,-1.9639290571212769,7.0121259689331055,-2.189401388168335,5.632175922393799,-3.5949137210845947,6.034976482391357,-3.8103175163269043,5.626078128814697,219.83038615469906,31.702046162712595,0.023853056132793427,0.017825143411755562,0.13486713149641577,1529.1078686402,0.8617594254937163,7.6865644273882,0.0008713770657777786,6.412010256994118e-07,-0.021543985637342944,0.8421052631578947,0.0,5.052631578947368,0.0,0.0, elそして nint e behu вес Da
call696.ogg,Medium,singlish,-452.3836975097656,89.67391967773438,87.93529510498047,68.85060119628906,16.751846313476562,48.149330139160156,38.96088790893555,47.72468185424805,-17.878190994262695,34.05769729614258,-37.125301361083984,31.521940231323242,-23.336894989013672,23.253337860107422,-13.592031478881836,23.03241539001465,-15.05351734161377,24.355060577392578,-14.794486045837402,19.18172836303711,-19.939697265625,17.252822875976562,1.715579628944397,18.07414436340332,-3.7574729919433594,15.730328559875488,-14.545700073242188,12.584012985229492,1.9666415452957153,12.633501052856445,-14.378074645996094,10.33506965637207,-8.008933067321777,10.938064575195312,-5.841641902923584,11.389604568481445,-12.830899238586426,12.151911735534668,-9.193785667419434,11.163872718811035,-5.829801082611084,11.52998161315918,-3.6433284282684326,13.538359642028809,0.8463926911354065,14.148317337036133,9.209433555603027,14.355232238769531,7.426418304443359,17.128089904785156,10.126908302307129,15.998624801635742,12.941286087036133,15.927803039550781,7.022840976715088,15.269433975219727,8.04417610168457,15.527525901794434,7.323430061340332,14.884425163269043,4.167917251586914,13.489276885986328,0.5085281133651733,12.626699447631836,-1.2428079843521118,11.132304191589355,-0.8517778515815735,7.199346542358398,-0.21542012691497803,7.352103233337402,-3.5270259380340576,6.906543254852295,-2.980820655822754,4.906332015991211,-2.453216075897217,5.435211181640625,-3.0009396076202393,4.772051811218262,-4.718354225158691,3.97194242477417,235.75784610343354,25.749409108193387,0.03016853891313076,0.015090512111783028,0.1490531589673913,1525.8646588085712,0.9649122807017544,6.775208270047306,-0.0020452477037906647,-3.5711288574911374e-05,0.03508771929824561,1.0,0.0,7.0,0.0,0.0, naramai matangaragin da llama mardadu geni racism
call698.ogg,High,sinhala,-417.0561828613281,99.03868865966797,118.20630645751953,48.56449508666992,18.629526138305664,38.693626403808594,24.741313934326172,64.90572357177734,-35.73522186279297,28.278705596923828,-10.195059776306152,33.31547927856445,-21.732681274414062,28.91565704345703,-20.32396125793457,23.497217178344727,-24.412277221679688,19.03190803527832,-15.424328804016113,21.11555290222168,-10.012970924377441,11.290682792663574,-5.0620622634887695,13.758279800415039,-3.4958763122558594,15.434237480163574,-9.614840507507324,12.11950969696045,-7.008697986602783,10.727045059204102,-14.240567207336426,9.162232398986816,-13.661276817321777,10.428512573242188,-2.5907552242279053,8.484131813049316,-8.410408973693848,8.351733207702637,-8.627265930175781,9.250190734863281,-2.0512988567352295,9.264337539672852,-3.985732078552246,9.777871131896973,-0.07188116759061813,14.080788612365723,4.128440856933594,13.185317993164062,5.254037857055664,14.196918487548828,7.715127944946289,13.714855194091797,6.3172831535339355,14.695816040039062,3.667757272720337,12.624478340148926,6.622779846191406,12.476499557495117,7.6381707191467285,13.881654739379883,6.095303058624268,17.291339874267578,2.51485538482666,12.904587745666504,-0.4836759865283966,7.330298900604248,-4.057254314422607,4.967804431915283,-6.302428245544434,5.427542209625244,-3.600177049636841,4.709876537322998,-1.875648021697998,4.614327430725098,-1.9747833013534546,4.807895183563232,-4.930156707763672,4.624520778656006,-4.953908443450928,4.774557113647461,233.4863797747679,23.614004042865837,0.03109673410654068,0.017278552055358887,0.07611607142857142,1077.323061726087,0.8695652173913043,7.907888369767907,0.008366979658603668,0.00022233722375798913,-0.17391304347826086,1.0,0.0,1.0,0.0,0.0, twte
call699.ogg,High,sinhala,-395.46771240234375,112.81475067138672,73.28638458251953,58.74749755859375,18.035709381103516,38.37200164794922,52.985496520996094,61.74693298339844,-31.469615936279297,38.58990478515625,-17.153982162475586,32.059173583984375,-16.28226089477539,24.307973861694336,-15.58005428314209,21.483318328857422,-13.679792404174805,26.62383270263672,-12.477222442626953,20.242918014526367,-10.788174629211426,20.017105102539062,-9.146169662475586,15.606070518493652,-4.534330368041992,19.719266891479492,-8.886887550354004,13.291845321655273,-9.084915161132812,13.864930152893066,-9.42209529876709,12.951837539672852,-9.093817710876465,11.129766464233398,-8.271578788757324,11.37175464630127,-4.431239128112793,10.680770874023438,-8.215652465820312,10.227106094360352,-4.244277477264404,8.303359985351562,-3.095170259475708,8.039124488830566,-4.6474456787109375,10.987703323364258,-0.2904001474380493,10.023479461669922,-0.9558144211769104,11.284499168395996,3.21242618560791,11.49722957611084,4.2587103843688965,10.306133270263672,3.016892671585083,11.295195579528809,4.991791248321533,8.93545150756836,1.6769194602966309,10.859903335571289,-0.11759927123785019,7.303556442260742,-1.1360145807266235,6.53244161605835,-1.4426968097686768,5.216392993927002,-2.6314191818237305,5.202101230621338,-2.8982739448547363,5.620379447937012,-2.7709193229675293,4.74986457824707,-3.4772958755493164,3.721315622329712,-4.350996494293213,3.978196859359741,-2.64815354347229,3.294264316558838,-4.095752239227295,4.314188480377197,190.32424840274194,55.46617588789364,0.03274216130375862,0.032474592328071594,0.12706740359042554,1710.900572789795,0.5428571428571428,10.133916813118699,-0.004917658865451813,-9.706954298020929e-06,0.5142857142857143,1.0,0.0,2.0,0.0,0.0, 텐�いうேயட்ட Austin
call700.ogg,High,sinhala,-432.5317687988281,128.64515686035156,68.82575225830078,64.22354888916016,12.182933807373047,51.394474029541016,46.14543533325195,64.17412567138672,-37.332584381103516,38.09432601928711,1.2732793092727661,40.92951965332031,-3.7443768978118896,26.165220260620117,-22.52328872680664,24.070825576782227,-6.0590739250183105,36.297889709472656,-15.420552253723145,17.18417739868164,-13.859922409057617,18.162118911743164,-6.725983619689941,14.814172744750977,-14.015702247619629,14.721580505371094,-6.6747026443481445,12.947126388549805,-8.821279525756836,11.814163208007812,-15.254950523376465,12.75703239440918,-6.937812805175781,12.36548900604248,2.0516414642333984,10.131328582763672,-11.725321769714355,10.242764472961426,-4.086862087249756,9.090791702270508,-1.6024491786956787,10.558862686157227,-6.7264580726623535,8.738176345825195,-0.9282212257385254,8.867526054382324,1.026773452758789,11.798474311828613,2.3179895877838135,11.611180305480957,7.003855228424072,13.188453674316406,2.324056625366211,10.099813461303711,4.641391277313232,9.421625137329102,2.795023202896118,11.75588321685791,0.9631077647209167,8.908390045166016,1.229475736618042,7.104673385620117,-1.149110198020935,5.028831481933594,0.0698099359869957,5.754981517791748,-3.422708749771118,5.4256272315979,-3.197275400161743,5.224560260772705,-3.548145294189453,4.708747386932373,-4.128850936889648,4.780639171600342,-5.022275447845459,4.848985195159912,-5.712712287902832,5.4127421379089355,-3.617769718170166,4.701744079589844,176.79470312127893,62.080793911652925,0.025837019085884094,0.020977117121219635,0.13012035472972974,1824.2685402236946,0.8299319727891157,10.314355879761473,0.003379635512828827,0.00010650722411565212,0.13605442176870752,1.0,0.0,1.0,0.0,0.0,健康に言い職まして、
call801.ogg,Medium,sinhala,-356.5621337890625,121.55020141601562,52.962520599365234,47.46129608154297,-25.912038803100586,63.591121673583984,37.40504837036133,45.73682403564453,-23.163503646850586,32.546451568603516,-19.489694595336914,21.057640075683594,-16.138566970825195,31.643232345581055,-16.959693908691406,18.04008674621582,-7.9002556800842285,26.978946685791016,-12.963459014892578,17.890748977661133,-12.531510353088379,12.775145530700684,-12.833292007446289,12.596985816955566,0.6901077628135681,14.606064796447754,-12.541749954223633,12.163561820983887,-8.414889335632324,11.67935848236084,-0.024227622896432877,7.497530937194824,-3.3969414234161377,9.710676193237305,-8.937956809997559,8.753424644470215,-0.8123432397842407,7.9248857498168945,-5.651119709014893,9.66187572479248,-4.911611557006836,8.999534606933594,-1.2419041395187378,8.504539489746094,-7.755775451660156,8.192059516906738,-6.396439075469971,6.634071350097656,-6.097535133361816,10.207712173461914,-0.9281551837921143,8.862552642822266,-5.327154636383057,7.5582709312438965,-5.819874286651611,6.6094207763671875,-2.8105080127716064,6.666884422302246,-3.6574349403381348,8.156381607055664,-5.956684112548828,10.099166870117188,-0.8711661100387573,13.404109954833984,5.292526721954346,17.870094299316406,7.761529922485352,16.66175079345703,15.750110626220703,15.18718147277832,15.935582160949707,14.57314682006836,10.77702522277832,14.002017974853516,8.259404182434082,13.890666007995605,2.27486515045166,10.637401580810547,0.9845919013023376,7.747453689575195,176.40371163513018,10.450998848656301,0.04884412884712219,0.044627126306295395,0.12053401295731707,1645.1697715721998,0.9382716049382716,3.440019789589901,-0.04771382361650467,-0.0009471568265079231,-0.14814814814814825,1.0,0.0,7.0,0.0,0.0, Honestly he ill go mad at me?
call802.ogg,High,tamil,-400.79522705078125,112.7142333984375,89.70609283447266,54.42267990112305,-4.456516742706299,41.66487503051758,10.847471237182617,52.43056869506836,-18.086753845214844,42.930755615234375,10.28273868560791,32.527122497558594,-8.643575668334961,17.602405548095703,-14.841105461120605,21.774099349975586,-19.992591857910156,14.900808334350586,-20.29621696472168,13.166572570800781,-17.093637466430664,10.361650466918945,-17.980579376220703,7.738250255584717,-12.27007007598877,10.792760848999023,-7.114001750946045,7.67915678024292,-4.903632164001465,6.967237949371338,-6.001835823059082,8.34417724609375,-6.124199390411377,11.854447364807129,-11.49676513671875,7.3125457763671875,-7.1949076652526855,10.220186233520508,1.2146334648132324,15.435674667358398,11.242528915405273,20.780691146850586,15.65334701538086,19.87853240966797,15.162750244140625,16.72657012939453,8.135629653930664,20.10053253173828,0.409115731716156,18.920717239379883,2.891505241394043,10.29680061340332,6.585867881774902,10.371183395385742,4.481228828430176,12.120487213134766,-4.45347261428833,14.824748039245605,-4.034576892852783,12.366226196289062,-5.683566570281982,10.410017967224121,-5.728043556213379,8.728767395019531,-5.162625789642334,10.85169506072998,-6.860389232635498,9.634024620056152,-5.694203853607178,7.466092586517334,-3.033499002456665,6.714755535125732,-7.295077800750732,8.331491470336914,-7.182915210723877,6.688318729400635,-1.0932649374008179,8.159693717956543,3.527567148208618,9.320873260498047,273.2304468326759,35.3117275693909,0.04132101684808731,0.024289747700095177,0.07225623497596154,1155.8640035178921,1.0196078431372548,11.54653359693871,-0.010806206613779068,-0.0002789954222934098,0.0,1.0,1.0,2.0,0.0,0.0, அம்மானும் உள்ளே
call805.ogg,High,tamil,-399.62420654296875,123.05142974853516,62.64067840576172,48.043479919433594,4.915354251861572,56.026493072509766,35.71355056762695,52.427406311035156,-25.997425079345703,35.127620697021484,-3.4994516372680664,38.07008361816406,-17.628326416015625,17.18302345275879,-12.427671432495117,17.239501953125,-14.78482723236084,19.179737091064453,-18.39124298095703,16.888879776000977,-19.220369338989258,17.13634490966797,-10.231758117675781,12.777402877807617,-7.019242286682129,10.678860664367676,-15.571832656860352,13.5324125289917,0.0709151029586792,10.67026138305664,-4.5393877029418945,11.103313446044922,-9.889102935791016,11.273738861083984,-9.35387897491455,8.41780948638916,-12.59895133972168,13.946112632751465,-1.8305155038833618,13.336325645446777,3.653754711151123,17.508764266967773,9.540609359741211,19.590421676635742,16.92159652709961,20.580852508544922,11.158998489379883,17.771224975585938,2.4957962036132812,17.12559700012207,7.422989845275879,16.649120330810547,3.7634620666503906,14.70968246459961,1.6470683813095093,10.822617530822754,-0.4692087471485138,13.94931697845459,-2.1169745922088623,9.700004577636719,-6.103536128997803,8.583358764648438,-4.624924659729004,9.564339637756348,-2.764733076095581,8.160834312438965,-6.490267276763916,6.288852214813232,-5.772303104400635,7.556191921234131,-4.077949523925781,6.827287673950195,-6.4816813468933105,7.088857650756836,-4.377220153808594,7.012449264526367,-7.7809224128723145,8.519081115722656,-0.9854293465614319,9.559608459472656,268.50762686902885,28.981038878442483,0.037938397377729416,0.029197610914707184,0.10126657196969698,1542.8529843729477,0.9384615384615385,6.750394676358443,-0.0003260169178247452,0.0002209343517628997,0.15384615384615374,1.0,0.0,6.0,0.0,0.0, I have seen the car Destost
call809.ogg,High,tamil,-380.585693359375,88.03589630126953,86.68574523925781,51.045597076416016,-4.674699306488037,59.742698669433594,36.321197509765625,54.72101593017578,-35.89666748046875,38.967777252197266,-2.169297218322754,20.822080612182617,-6.455074310302734,11.372353553771973,-8.805925369262695,22.652963638305664,-14.296042442321777,16.40337562561035,-23.770936965942383,14.790699005126953,-15.080818176269531,14.866515159606934,-14.051862716674805,14.353687286376953,-8.619182586669922,13.720417022705078,-14.693155288696289,9.535196304321289,-2.957505226135254,15.61085033416748,-5.94970703125,6.870247840881348,-7.254152774810791,10.096579551696777,-4.95017147064209,10.387334823608398,-2.8294408321380615,13.895730972290039,6.440314292907715,23.316858291625977,6.594498157501221,23.620758056640625,11.97407054901123,19.19719886779785,12.789773941040039,18.06336212158203,7.270272731781006,24.157791137695312,8.343106269836426,19.372100830078125,10.994091033935547,17.27976417541504,6.610152721405029,14.207612037658691,-2.7485058307647705,15.217921257019043,-3.8197715282440186,14.524882316589355,-1.075971245765686,11.072502136230469,-4.838231086730957,8.522054672241211,-6.100128650665283,12.567317008972168,-3.6944470405578613,12.624295234680176,-2.1674935817718506,15.427606582641602,-2.190920352935791,8.996220588684082,-4.629533290863037,8.279155731201172,-7.5687994956970215,6.651421070098877,-2.431283712387085,10.396614074707031,2.0025832653045654,10.504646301269531,2.5242836475372314,9.612228393554688,267.639446717847,41.06971502449376,0.04643423482775688,0.01990645006299019,0.058198969414893616,1277.5851025986924,1.0217391304347827,7.397848382615501,-0.0006839409470558167,-8.328527453212045e-05,0.04347826086956519,1.0,0.0,3.0,0.0,0.0, நான் மெளியே வரமுளியேனே.
call823.ogg,Medium,sinhala,-382.0157470703125,127.44746398925781,62.10097885131836,57.48801803588867,-13.289003372192383,65.62088775634766,42.78544998168945,59.094947814941406,-33.98540496826172,41.368534088134766,-13.74549674987793,38.24631881713867,-20.44746971130371,30.064664840698242,-18.362146377563477,21.875167846679688,-5.971299648284912,20.46175193786621,-21.780508041381836,18.828245162963867,-15.791838645935059,15.21565055847168,-21.727481842041016,13.267797470092773,-4.994091510772705,19.688207626342773,-16.521190643310547,12.049005508422852,-9.67043685913086,11.913263320922852,2.6929221153259277,17.66022491455078,-13.277199745178223,14.800859451293945,-7.671647071838379,9.394984245300293,-5.099707126617432,12.43814754486084,-9.21739673614502,12.051241874694824,-10.154565811157227,8.705437660217285,-2.0282959938049316,7.634210586547852,-10.188547134399414,9.998150825500488,-0.9419481754302979,10.629570960998535,0.009996414184570312,17.792116165161133,5.541667461395264,18.751996994018555,4.685274124145508,17.599483489990234,6.950555801391602,18.4634952545166,1.7806365489959717,15.207720756530762,3.4224424362182617,15.899747848510742,5.706762313842773,16.14718246459961,9.392877578735352,17.733835220336914,8.377506256103516,15.857709884643555,8.596869468688965,16.900102615356445,5.707243919372559,14.841195106506348,4.940169811248779,12.358723640441895,0.7334949374198914,12.042705535888672,-0.5447062253952026,10.946742057800293,-0.6143633723258972,7.264707088470459,-2.0757317543029785,7.21843957901001,213.12012738890525,28.372645774842418,0.03572072461247444,0.024072932079434395,0.12140706380208334,1737.7626182468541,0.9831932773109243,6.960938407543045,-0.0005298294126987457,-7.477122841817598e-05,-0.01680672268907568,1.0,0.0,2.0,0.0,0.0, vaccinated etc
call834.ogg,High,sinhala,-378.2930603027344,127.81061553955078,62.88617706298828,59.361087799072266,-27.380868911743164,74.53410339355469,43.097938537597656,59.79030990600586,-31.47137451171875,38.65468215942383,-24.95259666442871,31.786378860473633,-24.805204391479492,26.983102798461914,-15.042195320129395,22.751205444335938,-17.653759002685547,22.77459716796875,-24.318078994750977,23.959402084350586,-12.855634689331055,26.22011947631836,-17.5592098236084,19.41792106628418,1.8133528232574463,15.540410041809082,-16.14375877380371,15.348400115966797,-13.406620025634766,13.693169593811035,3.0964744091033936,14.121687889099121,-11.859618186950684,14.177828788757324,-8.271454811096191,12.313614845275879,-3.029853343963623,9.857529640197754,-10.252524375915527,10.945730209350586,-4.498239040374756,9.822137832641602,-6.7944464683532715,9.711236000061035,-9.87100601196289,7.720452308654785,-2.287226438522339,11.643805503845215,-3.475290298461914,12.901965141296387,2.376119375228882,15.405876159667969,-1.8516110181808472,14.431846618652344,5.82035493850708,16.0716609954834,4.894473075866699,14.567243576049805,7.571348667144775,17.56989860534668,11.518856048583984,16.942922592163086,13.0282564163208,16.59743881225586,10.447898864746094,15.850944519042969,7.816930294036865,14.954236030578613,3.3121306896209717,15.422584533691406,3.2413878440856934,11.411365509033203,1.4430172443389893,7.933384418487549,1.3366079330444336,6.188356876373291,-0.4352601170539856,7.397313594818115,-0.9747269749641418,6.081751346588135,209.64442370496042,29.96214469928212,0.03476456552743912,0.025463610887527466,0.15887254284274194,1949.4366242846183,0.975609756097561,7.071595143623493,0.0027107074856758118,4.0044482533594934e-05,0.0,1.0,0.0,3.0,0.0,0.0, Bar la newsletter
call843.ogg,Medium,singlish,-504.7135009765625,87.7357406616211,103.63667297363281,66.2173080444336,-2.9149701595306396,37.98423385620117,9.976056098937988,51.92317581176758,-22.20841407775879,34.29582595825195,-33.42618179321289,32.21341323852539,-22.498157501220703,28.608097076416016,-11.008810043334961,21.065204620361328,-19.96891975402832,24.150144577026367,-9.932541847229004,20.965417861938477,-8.601419448852539,16.727319717407227,-12.147740364074707,11.164349555969238,-17.20533561706543,16.892127990722656,-9.171110153198242,16.13972282409668,-7.820997714996338,10.822260856628418,-13.635722160339355,11.384654998779297,-7.845423221588135,11.915032386779785,-7.300223350524902,14.732646942138672,-5.837804317474365,10.957822799682617,-0.9010999798774719,13.833892822265625,-2.8776166439056396,13.045829772949219,-1.0147123336791992,13.972567558288574,6.016499042510986,14.453667640686035,6.131371021270752,17.129196166992188,8.615227699279785,16.12322998046875,11.021040916442871,16.49391746520996,12.995410919189453,15.50476360321045,12.267806053161621,16.208152770996094,7.525196552276611,15.528559684753418,4.221301078796387,13.369255065917969,-1.721182107925415,10.30385971069336,-2.0983121395111084,7.230442047119141,-3.3282737731933594,7.0721516609191895,-1.887130618095398,5.962331295013428,-2.4825022220611572,6.89113187789917,-4.13404655456543,6.304591178894043,-2.6609559059143066,6.061844825744629,-1.8344873189926147,5.577801704406738,-1.7263998985290527,6.679603576660156,-4.110838890075684,5.799282550811768,250.3883806947246,28.65259462222284,0.015135575085878372,0.012253311462700367,0.0955534329379562,1142.0814820544906,0.9191176470588235,7.390087302615434,-0.013956693932414055,-0.00015632391592028543,0.07352941176470595,1.0,0.0,8.0,0.0,0.0, மட்டு சூர் என்று மேத்தாருவிட்டு பேர்த்து நுமக்கினாவாக் கீத்தனை நமக்கிற்ற
call845.ogg,Medium,sinhala,-486.49456787109375,79.72047424316406,52.685543060302734,42.53053283691406,0.239020437002182,35.64430618286133,1.361294150352478,37.8380126953125,-15.957135200500488,24.17487144470215,-19.541393280029297,26.144819259643555,-25.40176010131836,23.04625129699707,-16.807140350341797,21.00779151916504,-9.09133529663086,22.253009796142578,-6.550572872161865,14.2987699508667,-7.055736064910889,13.157999038696289,-0.3229328989982605,13.654186248779297,-4.469812870025635,12.757598876953125,-6.61754035949707,11.188590049743652,-3.3231053352355957,9.189584732055664,-5.123479843139648,8.997159004211426,-5.271259307861328,8.016916275024414,-4.572113037109375,7.783061981201172,-5.797140121459961,7.905355453491211,-5.467440605163574,8.349282264709473,-4.132237434387207,8.054218292236328,-5.156650066375732,8.79951286315918,-2.7843167781829834,10.780723571777344,1.0381872653961182,12.78134822845459,3.757655620574951,14.511034965515137,9.633797645568848,14.529476165771484,12.679348945617676,13.762311935424805,15.33521556854248,13.807022094726562,13.136796951293945,14.41091251373291,7.976879119873047,14.285816192626953,3.2237939834594727,12.024345397949219,-0.1263476312160492,9.49763298034668,-0.9327269196510315,7.592650413513184,-1.8671931028366089,6.837046146392822,-1.5679337978363037,6.333851337432861,-2.106260061264038,6.283990383148193,-1.7861937284469604,5.542862415313721,-2.044264554977417,5.82395076751709,-2.2087783813476562,5.800949573516846,-2.4997739791870117,5.758205890655518,233.05823630208988,24.616058629895633,0.0119086978957057,0.01867074891924858,0.1246186822101707,1453.4214245214773,0.9031339031339032,6.537526147930269,-0.008971894159913063,-2.649157628063894e-05,0.04558404558404561,1.0,0.0,5.0,0.0,0.0, ghandivathurat salunge aptoh vi') fungi
call847.ogg,Medium,sinhala,-516.5703125,72.88357543945312,78.19388580322266,68.77497100830078,6.3621506690979,49.06011962890625,14.208475112915039,63.21988296508789,-27.482284545898438,35.5930290222168,-24.87039566040039,34.18392562866211,-19.733373641967773,26.547069549560547,-16.323057174682617,28.218151092529297,-20.098812103271484,22.304109573364258,-8.58748722076416,16.57931900024414,-9.55427074432373,16.963159561157227,-8.591588020324707,13.784077644348145,-15.933425903320312,14.77970027923584,-6.9314188957214355,13.199386596679688,-7.932225227355957,10.437101364135742,-11.408732414245605,9.48031234741211,-3.848447799682617,11.373773574829102,-9.639018058776855,11.410479545593262,-4.824036598205566,10.147636413574219,-0.4333105981349945,9.727129936218262,-3.371699094772339,11.102824211120605,0.9508205056190491,13.36217975616455,8.826258659362793,14.98854923248291,7.720275402069092,15.731021881103516,8.857067108154297,15.376717567443848,7.620636463165283,14.093219757080078,6.541744709014893,12.741537094116211,6.0177812576293945,12.967029571533203,4.184234142303467,14.78839111328125,4.5161004066467285,12.913676261901855,0.5325855016708374,10.636545181274414,0.31181639432907104,8.27698040008545,-3.262183904647827,6.395985126495361,-3.3680739402770996,5.679566383361816,-1.403735637664795,5.826992034912109,-2.3882322311401367,5.103454113006592,-2.9117770195007324,5.376290321350098,-2.631502866744995,5.223155975341797,-3.0740320682525635,5.156241416931152,-2.7270450592041016,5.564589023590088,242.36819855864061,42.625597834393425,0.011137113906443119,0.008300285786390305,0.10928634951368876,1376.6302675731552,0.8410404624277457,9.045063016703413,-0.001804581843316555,2.1254680697864234e-06,0.052023121387283267,1.0,0.0,4.0,0.0,0.0, namangehitendiοgurtplayful hirująidanohe ken komakel
call848.ogg,Medium,sinhala,-505.8412780761719,79.44529724121094,78.00732421875,75.55471801757812,7.40186071395874,44.51864242553711,16.17009162902832,51.77357482910156,-12.013106346130371,30.443952560424805,-17.6632080078125,32.76282501220703,-15.12099838256836,26.110366821289062,-14.885164260864258,29.530868530273438,-23.934648513793945,24.414306640625,-13.073420524597168,15.788049697875977,-10.406173706054688,14.126078605651855,-11.738509178161621,12.897220611572266,-14.581863403320312,10.283465385437012,-5.252530574798584,11.409472465515137,-9.103931427001953,9.811016082763672,-12.808233261108398,10.09724235534668,-6.528336048126221,9.246883392333984,-10.354686737060547,10.21430778503418,-7.343267440795898,8.457310676574707,-3.174943208694458,11.029715538024902,-5.600218772888184,12.337532997131348,-3.7877302169799805,14.764814376831055,2.1573314666748047,11.009786605834961,3.4044032096862793,12.360613822937012,8.652896881103516,13.0819673538208,12.156205177307129,13.02712345123291,14.45541000366211,12.340346336364746,12.413871765136719,13.553391456604004,6.845202922821045,15.041299819946289,4.5160088539123535,12.004423141479492,0.27324435114860535,9.550799369812012,-0.2811620831489563,7.755061626434326,-1.7307401895523071,6.494212627410889,-2.4943885803222656,5.933926582336426,-3.1253275871276855,4.961803913116455,-3.1979222297668457,5.419920444488525,-3.776797294616699,4.576013088226318,-2.114283561706543,5.283773422241211,-2.235719919204712,5.320594310760498,-2.728126287460327,4.373263835906982,236.84522144123974,32.61407286196334,0.01441554632037878,0.012167636305093765,0.11621986947408537,1315.4696584492497,0.8220858895705522,7.9186289796883145,-0.0003326069563627243,5.722804793298464e-07,-0.14723926380368102,1.0,0.0,3.0,0.0,0.0, Ō.. 妳是非常尾洩。 妳其實沒有懷疑妳先去
call849.ogg,Medium,sinhala,-556.999755859375,89.63457489013672,77.33576202392578,91.6943588256836,-0.06619740277528763,47.748714447021484,8.084600448608398,71.3706283569336,-27.475196838378906,32.0155029296875,-16.533355712890625,36.91889190673828,-11.071677207946777,27.87672996520996,-11.212079048156738,25.87521743774414,-17.640043258666992,22.493560791015625,-7.945358753204346,18.792131423950195,-7.955132961273193,17.137252807617188,-7.647379398345947,15.806116104125977,-13.286542892456055,11.930938720703125,-5.803012847900391,12.552736282348633,-8.038912773132324,11.852316856384277,-10.200024604797363,8.63519287109375,-3.8394596576690674,10.759456634521484,-7.8100996017456055,9.665436744689941,-3.3168540000915527,9.174606323242188,-3.022805690765381,9.459148406982422,-4.437455654144287,7.2960286140441895,-4.987472057342529,9.757943153381348,-1.0756183862686157,11.261948585510254,-2.438124656677246,11.97386646270752,0.7086342573165894,12.722549438476562,5.636828899383545,13.714140892028809,10.452750205993652,13.975362777709961,15.080573081970215,15.182572364807129,13.026766777038574,16.098623275756836,10.725955963134766,11.888004302978516,-2.7340925953467377e-05,10.313408851623535,-1.2901886701583862,8.802274703979492,-2.7658140659332275,6.709700107574463,-1.461887001991272,5.956696033477783,-0.39746925234794617,5.714605331420898,-1.3828638792037964,6.083898067474365,-2.0871641635894775,5.172194480895996,-2.0106444358825684,4.947362422943115,-1.0508651733398438,5.143085956573486,-2.1346781253814697,4.731131076812744,226.37107649886707,47.922894368833546,0.009226487018167973,0.007758055813610554,0.1214673459741993,1435.7799092719001,0.8142857142857143,8.01234701594287,-0.0016696704551577568,-1.3350107831755372e-05,-0.05714285714285716,1.0,0.0,11.0,0.0,0.0, Sa Mohanabite train nekh Ain ko Bloweth anci Cheese Kathryketne Neco
call851.ogg,Medium,sinhala,-534.6869506835938,89.48905181884766,102.38996887207031,75.81568145751953,14.239958763122559,52.06528854370117,36.39468002319336,61.64024353027344,-29.94091033935547,34.65059280395508,-37.52024841308594,36.13285446166992,-19.221683502197266,24.483247756958008,-10.956400871276855,27.138689041137695,-24.373779296875,29.164047241210938,-15.310986518859863,18.633304595947266,-9.163050651550293,15.846552848815918,-8.807568550109863,16.1064453125,-15.710101127624512,14.610345840454102,-5.784920692443848,15.95215892791748,-6.900057315826416,11.773364067077637,-13.981239318847656,10.313616752624512,-9.358808517456055,11.733254432678223,-6.242746829986572,10.392768859863281,-4.453343868255615,9.919533729553223,-5.699376583099365,10.752037048339844,-5.950827598571777,9.255468368530273,-3.536574363708496,11.447331428527832,2.589712381362915,14.618796348571777,3.0899832248687744,14.994593620300293,7.5615081787109375,18.04866600036621,11.30494499206543,16.361793518066406,11.76269245147705,16.669984817504883,10.11298656463623,15.298154830932617,6.52494478225708,15.185808181762695,5.694524765014648,12.003746032714844,2.0518767833709717,12.744956016540527,1.7072826623916626,8.767027854919434,-2.908332586288452,8.18502426147461,-3.8004188537597656,6.169654369354248,-1.4973589181900024,6.127252101898193,-1.543853521347046,5.054145812988281,-2.252936840057373,4.3848876953125,-3.939284324645996,6.376777172088623,-4.3967719078063965,5.470037937164307,-1.4646799564361572,5.9642133712768555,237.2216870436129,22.149258661387346,0.011398404836654663,0.005743340589106083,0.11426450128424658,1318.24970035487,0.8551724137931035,6.889102769337063,0.004037287086248398,3.6357944171296754e-05,0.05517241379310345,1.0,0.0,2.0,0.0,0.0, walksencia affected
call856.ogg,High,sinhala,-399.17559814453125,118.32447052001953,79.6181411743164,91.54022979736328,3.4422430992126465,53.31772994995117,33.20123291015625,42.71348571777344,-1.366135835647583,36.59699630737305,-19.799898147583008,40.14820098876953,-29.392892837524414,26.823572158813477,-9.89277172088623,28.770273208618164,-16.700468063354492,28.09316635131836,-11.079102516174316,27.83055877685547,-12.76021671295166,16.660377502441406,-9.784722328186035,20.8865909576416,3.9672231674194336,19.319168090820312,-13.627437591552734,13.0219087600708,-7.838725566864014,13.591543197631836,-11.690719604492188,12.378686904907227,-9.473134994506836,12.091812133789062,-6.288094520568848,13.008817672729492,-7.171413421630859,10.126614570617676,-6.501709461212158,7.315226078033447,-4.0701446533203125,9.480046272277832,0.838849663734436,7.541736125946045,-5.502476692199707,8.301977157592773,-2.788355827331543,8.898760795593262,0.3638345003128052,7.545112609863281,-2.115685224533081,7.947902202606201,0.7680613398551941,8.049710273742676,-1.2021491527557373,7.136853218078613,0.3971662223339081,7.085458755493164,1.6989463567733765,9.765785217285156,2.690129041671753,8.772794723510742,1.9839743375778198,7.897602558135986,0.28237178921699524,6.3342180252075195,2.103501319885254,5.755877494812012,1.0464211702346802,5.84666633605957,0.11576743423938751,4.85992431640625,0.3263740539550781,5.446678161621094,-1.3016453981399536,4.489783763885498,0.7448205947875977,4.714328289031982,-1.3903346061706543,3.6946022510528564,221.44933336673162,26.9849865414289,0.038238074630498886,0.03718291223049164,0.16347269492574257,1667.025821213841,0.42,12.505737272426128,0.011217216029763222,0.00019139253086072517,0.36,1.0,0.0,9.0,0.0,0.0," Im spiritually synergic. Well, I'm leaning into you career."
call859.ogg,High,tamil,-363.97186279296875,109.29881286621094,53.1055793762207,63.50558090209961,-7.07439661026001,57.14530563354492,35.9578857421875,52.349178314208984,-43.54548645019531,33.89961242675781,-54.30753707885742,35.77428436279297,-16.167375564575195,25.872474670410156,-28.930835723876953,24.68196678161621,-25.89452362060547,25.854604721069336,-14.241835594177246,18.936094284057617,-22.275901794433594,15.495621681213379,-0.9264566898345947,22.871280670166016,-9.436230659484863,13.868792533874512,-22.435237884521484,16.621593475341797,-3.0131475925445557,15.060941696166992,-3.5170300006866455,16.947355270385742,-5.78995943069458,23.379806518554688,3.534209966659546,18.72088050842285,-4.33065938949585,17.168560028076172,3.2615983486175537,19.99210548400879,1.3063441514968872,14.004923820495605,0.38126853108406067,15.751355171203613,1.2458221912384033,13.8871488571167,3.760190486907959,11.047046661376953,4.790258407592773,14.90244197845459,3.7083077430725098,16.018823623657227,5.610136985778809,18.00582504272461,1.6250901222229004,14.068230628967285,1.2709178924560547,15.051131248474121,3.506941795349121,13.224522590637207,-2.46547532081604,12.208189010620117,2.0066428184509277,10.925577163696289,0.9816656112670898,7.215101718902588,-0.8927299976348877,8.637165069580078,-1.6534667015075684,8.861908912658691,0.48296698927879333,7.434152126312256,-0.6781272292137146,9.024609565734863,0.905423641204834,8.146455764770508,0.3708547055721283,9.285829544067383,-0.8391379117965698,5.806818962097168,291.5523684265716,62.547358701473534,0.05117134749889374,0.03875352442264557,0.14774925595238095,1890.1641640476323,0.8173076923076923,16.458718674471292,-0.032739732414484024,-0.0005387090016054094,-0.09615384615384615,1.0,0.0,6.0,0.0,0.0, ஐயோ சேக்கிரம் வாங்க கண்டியில்லைகள் விட்டில் தேப்படித்து
call863.ogg,High,tamil,-400.11279296875,117.93473815917969,62.96311950683594,49.272735595703125,-10.19646167755127,36.30865478515625,5.456614017486572,57.03280258178711,-19.7185001373291,28.570817947387695,-18.69327163696289,26.622608184814453,-31.473405838012695,26.88083839416504,-31.2347412109375,24.0001277923584,-10.505125999450684,20.206485748291016,-16.988401412963867,16.98988914489746,-12.809656143188477,15.941996574401855,-14.213818550109863,13.702021598815918,-6.142508029937744,15.413922309875488,-5.33392333984375,19.988487243652344,-6.979220390319824,24.106874465942383,7.8122100830078125,24.05584144592285,-0.15144653618335724,21.18645477294922,5.75359582901001,16.235593795776367,7.575402736663818,13.930770874023438,7.805516719818115,17.754127502441406,12.864628791809082,17.475608825683594,6.853631973266602,14.408005714416504,1.2030305862426758,15.14067554473877,0.982113242149353,13.630538940429688,-1.8213483095169067,13.113970756530762,1.2422245740890503,10.569581985473633,-0.6366435885429382,12.111194610595703,-4.6755218505859375,10.013177871704102,-3.306594133377075,10.358189582824707,-3.439516305923462,10.028898239135742,-2.268714427947998,8.954750061035156,-3.0288808345794678,9.35745620727539,-2.5456650257110596,7.6274094581604,-2.1752169132232666,6.816494464874268,-3.187265157699585,6.108445167541504,-3.8334813117980957,7.455979347229004,-0.9238231778144836,6.199517726898193,0.038763899356126785,8.158824920654297,0.8085918426513672,7.497320175170898,1.4083517789840698,6.636722564697266,329.89607167729804,45.42634230812685,0.05235396698117256,0.05794169381260872,0.08847943474264706,1289.1638955946628,0.8059701492537313,10.131135651217027,-0.05466199293732643,-0.0014320406026886866,0.17910447761194037,1.0,0.0,1.0,0.0,0.0, ignorance
call864.ogg,High,sinhala,-448.4757995605469,100.96073150634766,77.6553955078125,56.534690856933594,-11.032483100891113,65.89836883544922,7.156712055206299,57.106319427490234,-21.17217445373535,27.631290435791016,-31.466691970825195,31.006364822387695,-25.523576736450195,27.645095825195312,-18.172861099243164,24.490739822387695,-10.58768081665039,27.419530868530273,-14.070379257202148,19.475902557373047,-6.331676959991455,21.000595092773438,-10.714807510375977,17.342411041259766,-5.031692981719971,13.948966979980469,-13.011907577514648,14.833662033081055,-7.186148166656494,14.525670051574707,-8.728497505187988,12.435473442077637,-17.91093635559082,13.836703300476074,-6.569011688232422,14.83162784576416,-10.382349967956543,17.747217178344727,-1.07924485206604,19.908367156982422,9.10104751586914,20.4267520904541,14.437037467956543,19.941253662109375,14.326982498168945,19.474849700927734,15.62282657623291,20.257465362548828,8.142671585083008,19.70696258544922,3.8875322341918945,15.810907363891602,2.5597448348999023,12.769787788391113,0.37790223956108093,12.91196346282959,0.5924174785614014,10.475066184997559,-3.843672275543213,10.260611534118652,-2.9247076511383057,11.593672752380371,-3.033501625061035,9.226381301879883,-3.0610382556915283,9.224665641784668,-2.9134867191314697,7.922699451446533,-6.318315505981445,8.08167552947998,-4.6541972160339355,7.690384387969971,-3.7544970512390137,8.183642387390137,-2.153470993041992,9.287537574768066,-3.051373243331909,11.678860664367676,-3.1498634815216064,9.569389343261719,276.4063972722126,27.96284186332264,0.027237718924880028,0.02110738307237625,0.08918668016975309,1374.025265008814,0.9937888198757764,7.053372987773775,0.0005566272884607315,-1.0427684533218975e-05,0.024844720496894346,0.9583333333333334,0.0,7.666666666666667,0.1369047619047619,0.0," ೗ن when the heat, the only waste !!!"
call865.ogg,Low,singlish,-504.75079345703125,93.79071044921875,90.3553237915039,62.34654998779297,-0.533077597618103,73.46839141845703,33.031944274902344,64.84996795654297,-16.2194766998291,41.558006286621094,-24.52996253967285,33.94920349121094,-28.17975425720215,34.903194427490234,-26.078327178955078,22.137481689453125,-19.884288787841797,21.96030044555664,-11.622127532958984,17.21394920349121,-18.59320831298828,22.53541374206543,-12.289606094360352,17.90655517578125,-20.726909637451172,15.118014335632324,-23.005130767822266,14.594956398010254,-7.101008892059326,12.088562965393066,-15.400897026062012,9.327444076538086,-7.073968410491943,10.468027114868164,-5.716826915740967,10.870919227600098,-6.687737464904785,11.76943588256836,-5.3299641609191895,10.21756362915039,-5.445639610290527,10.974791526794434,-2.1202645301818848,11.247954368591309,3.5122580528259277,14.154356002807617,10.08300495147705,16.939186096191406,13.006277084350586,19.02911376953125,17.935529708862305,18.374420166015625,13.737622261047363,17.810365676879883,9.41363525390625,15.897130966186523,5.365911483764648,16.6075496673584,3.156371593475342,14.334085464477539,4.244773864746094,10.713105201721191,-0.05386033281683922,9.272315979003906,-1.0289390087127686,8.368791580200195,-3.4301421642303467,7.539618968963623,-2.236076831817627,6.677742004394531,-0.8580256104469299,7.578915596008301,-2.3683888912200928,8.109871864318848,-3.8751633167266846,7.889492034912109,-3.4580202102661133,7.104347229003906,-2.510788917541504,7.028566837310791,237.09618567100975,27.90998557941732,0.017782747745513916,0.008352207951247692,0.11180225317028986,1422.442259386173,0.9854014598540146,6.470833018396615,0.0010824259370565414,4.475416960114566e-06,-0.014598540145985384,0.9411764705882353,0.0,4.705882352941177,0.0,0.0, Jhon da sk מעہ Claudo
call868.ogg,Medium,sinhala,-516.7366333007812,85.47479248046875,67.44779968261719,60.652496337890625,0.06866572052240372,52.5953254699707,13.760346412658691,54.07755661010742,-19.32815170288086,31.313640594482422,-20.450868606567383,36.51564407348633,-31.095373153686523,30.983549118041992,-18.235523223876953,25.679580688476562,-8.559696197509766,27.731426239013672,-11.136214256286621,18.502986907958984,-11.178276062011719,17.40558624267578,-5.218172073364258,15.986614227294922,-9.560068130493164,15.16563606262207,-10.471297264099121,12.902207374572754,-9.66423225402832,10.681563377380371,-9.327801704406738,10.67903995513916,-9.106666564941406,11.444507598876953,-5.800121307373047,9.189624786376953,-8.875326156616211,8.973016738891602,-5.147986888885498,9.537586212158203,-0.624971330165863,8.75920295715332,-6.296421527862549,10.244091987609863,-0.6997115015983582,11.370644569396973,1.7393344640731812,13.037337303161621,3.4279260635375977,14.458325386047363,10.295022964477539,14.456387519836426,12.002290725708008,12.91159725189209,14.632749557495117,13.245918273925781,12.6952486038208,14.427223205566406,8.292695045471191,12.876263618469238,4.628962516784668,10.753090858459473,1.4615446329116821,8.952284812927246,-0.24519814550876617,7.0755839347839355,-0.8196461796760559,5.807877063751221,-1.108628749847412,6.130023002624512,-1.667350172996521,5.430027961730957,-2.1699554920196533,4.762798309326172,-2.6631877422332764,5.101458549499512,-2.2938764095306396,4.867359638214111,-2.38101863861084,4.812982082366943,236.84734251814052,25.555794511308246,0.011867007240653038,0.011157975532114506,0.133671875,1504.602801301914,0.7752613240418118,6.796291990186106,-0.004284878261387348,-1.4523445222187632e-05,-0.0662020905923345,1.0,0.0,16.0,0.0,0.0, i a mi Mbede Aqida 27 Laparaia 984 na b at有一ob ail mening bodhagin19 doujanostH medians
call869.ogg,Medium,sinhala,-499.555419921875,90.99981689453125,63.892921447753906,58.47715759277344,-8.593326568603516,43.036155700683594,8.483845710754395,52.45265579223633,-12.73417854309082,27.543027877807617,-17.57626724243164,34.32271957397461,-27.462270736694336,28.251304626464844,-13.311090469360352,25.22488784790039,-8.288955688476562,26.009017944335938,-13.803605079650879,21.092918395996094,-12.431909561157227,17.552640914916992,-1.1157339811325073,16.483802795410156,-8.672395706176758,14.135117530822754,-12.495081901550293,12.519115447998047,-4.897771835327148,11.81472396850586,-7.987140655517578,11.150504112243652,-9.863618850708008,9.849211692810059,-5.577171802520752,9.325090408325195,-7.306652545928955,8.341793060302734,-3.8985681533813477,9.319580078125,-2.863478183746338,8.516972541809082,-4.511935234069824,8.47740650177002,-1.5475987195968628,9.321617126464844,1.5624231100082397,10.666850090026855,2.813292980194092,12.477461814880371,8.989052772521973,13.787857055664062,11.095670700073242,14.129131317138672,13.152731895446777,12.985249519348145,12.94002914428711,12.216893196105957,7.9950032234191895,12.578194618225098,4.336325645446777,12.215100288391113,1.1554709672927856,9.569296836853027,-1.0184754133224487,7.302803039550781,-1.4227718114852905,6.092912197113037,-0.6835818290710449,5.873865127563477,-1.1243773698806763,6.290449142456055,-1.5932220220565796,5.43915319442749,-3.0400989055633545,4.945878028869629,-3.1645500659942627,5.1826276779174805,-2.0431501865386963,4.96879768371582,232.70916762646428,24.850920191653987,0.011260151863098145,0.015299612656235695,0.14631151630930658,1595.9308899956118,0.8793418647166362,7.450363385315919,-0.00869048573076725,-3.127186809947272e-05,-0.04753199268738573,1.0,0.0,12.0,0.0,0.0, Tauanakas ersch siem gontt na Istb. L the N.igma Kulk Stop N.
call871.ogg,Medium,sinhala,-505.3322448730469,77.8370132446289,71.84412384033203,56.79737854003906,13.186580657958984,33.7140007019043,-1.269376277923584,42.565330505371094,-29.117460250854492,30.172834396362305,-22.13503646850586,26.488065719604492,-19.395097732543945,23.086977005004883,-18.077714920043945,22.897642135620117,-11.468939781188965,20.058435440063477,-8.309892654418945,15.511442184448242,-10.123302459716797,14.755172729492188,-8.586404800415039,13.435879707336426,-6.244182109832764,13.732488632202148,-6.928235054016113,11.013799667358398,-8.106426239013672,9.540358543395996,-6.325926303863525,9.161419868469238,-7.386709690093994,8.16115951538086,-5.089595794677734,8.07248306274414,-5.843709945678711,9.452013969421387,-2.80680513381958,8.807744026184082,-2.4997353553771973,8.05544662475586,-5.476083278656006,9.68634033203125,-1.4560177326202393,10.516070365905762,0.6905405521392822,12.015695571899414,1.942107915878296,14.025368690490723,9.536964416503906,15.407567024230957,14.075428009033203,14.896504402160645,15.334285736083984,13.51364517211914,13.367690086364746,12.960341453552246,9.281310081481934,13.81612491607666,3.9666833877563477,12.65437126159668,0.6417240500450134,9.417010307312012,-1.0218926668167114,6.915469646453857,-1.6321274042129517,5.803561210632324,-1.5978955030441284,5.194823265075684,-1.9921962022781372,5.374737739562988,-2.131744623184204,4.875746726989746,-3.3078551292419434,4.639430522918701,-2.668618679046631,4.8951802253723145,-2.3795580863952637,4.43873929977417,235.58651882192368,28.915094452861524,0.014014877378940582,0.021795889362692833,0.13221681901927437,1403.4678159585337,0.9386363636363636,7.59903974818011,-0.016819017007946968,-6.315232396526528e-05,0.05909090909090908,1.0,1.0,52.0,0.10869565217391304,0.0, Api policy saman nike renagana goda ko ko chakhur hor photograph Tabi de dé nahyo pessis blades kere renige baru na Phone housing ra la la numa ja numa Podue er ja xi mu kineke nime la bi kena kare kan Budwe ar lati maampi re cggand pa ka muttu dao na
call872.ogg,Medium,sinhala,-479.8968505859375,67.35888671875,63.177711486816406,49.752933502197266,9.513933181762695,32.179542541503906,-4.277879238128662,39.70356750488281,-25.27582550048828,27.870996475219727,-24.33737564086914,28.56187629699707,-19.800220489501953,20.664596557617188,-11.327949523925781,21.416501998901367,-8.613309860229492,17.42557716369629,-9.694416046142578,13.486721992492676,-7.683281898498535,13.44382381439209,-4.02857780456543,13.147256851196289,-5.6373724937438965,12.135117530822754,-7.812569618225098,9.620301246643066,-6.711465358734131,9.559743881225586,-4.2523627281188965,8.186075210571289,-7.2728095054626465,7.620227336883545,-5.808806896209717,7.972445011138916,-3.497811794281006,8.86329174041748,-4.494241714477539,8.666238784790039,-4.2652177810668945,8.755448341369629,-3.3384158611297607,9.426907539367676,0.6356498599052429,12.650308609008789,4.79887580871582,14.722946166992188,8.337499618530273,15.787670135498047,12.83470344543457,14.39112377166748,13.904353141784668,13.463234901428223,12.661757469177246,13.800387382507324,8.881529808044434,14.118056297302246,4.5740437507629395,13.414932250976562,0.6852483749389648,11.129199028015137,-0.9583174586296082,7.683341979980469,-1.9967622756958008,5.921236038208008,-2.3241915702819824,5.946548938751221,-2.009073495864868,4.9732794761657715,-1.9857490062713623,4.846472263336182,-2.4101479053497314,4.650722026824951,-3.397221803665161,4.833010673522949,-2.8641350269317627,4.414851665496826,-2.0887811183929443,4.419632911682129,244.78932995685457,31.457275948810906,0.01447360310703516,0.021594755351543427,0.12785389659168955,1305.383316230708,0.90646492434663,9.17550418281303,-0.010478978976607323,-2.7328521371357566e-05,-0.019257221458046758,1.0,0.0,2.0,0.0,0.0, vette aê
call879.ogg,Medium,sinhala,-444.3206481933594,127.3974609375,97.22962188720703,57.350425720214844,-6.403081893920898,55.07994079589844,26.12761688232422,55.57615661621094,-7.548212051391602,27.903165817260742,-17.792095184326172,27.932188034057617,-6.448318958282471,26.66923713684082,-6.84143590927124,25.345417022705078,-14.305449485778809,22.354976654052734,-11.916021347045898,18.929859161376953,-8.892060279846191,14.951739311218262,-11.010782241821289,15.462189674377441,-8.123939514160156,15.061262130737305,-1.4163824319839478,12.338019371032715,-11.488780975341797,13.945577621459961,0.3284362256526947,10.26786994934082,1.4679203033447266,10.319170951843262,-8.30601978302002,10.02398681640625,-6.460248947143555,9.689043998718262,-4.197640419006348,7.925189018249512,-6.1024169921875,8.615575790405273,-3.917645215988159,7.789137363433838,-4.82647180557251,6.880361080169678,-5.469420909881592,6.44968318939209,-4.690441608428955,5.901219367980957,-5.599274158477783,5.699754238128662,-4.903518199920654,6.057555198669434,-3.6470255851745605,4.903351783752441,-3.5921871662139893,4.504507064819336,-6.754868030548096,5.65718936920166,-5.837622165679932,4.439509391784668,-4.219928741455078,4.745211124420166,-3.8592097759246826,4.1612958908081055,-5.533268928527832,4.320403575897217,-4.391903400421143,4.269676685333252,-4.758465766906738,4.0668110847473145,-4.204660892486572,4.2503790855407715,-3.752906560897827,4.054286479949951,-4.192657470703125,4.078126430511475,-3.752903699874878,4.796839714050293,116.58680221637474,11.735361267925493,0.020814482122659683,0.022504083812236786,0.10469256706957547,1260.085626096544,0.7345971563981043,3.647308460740711,-0.01769542321562767,-0.00014348986151065763,-0.2559241706161137,0.9090909090909091,0.0,4.545454545454545,0.22727272727272727,0.0, Köperben saya bisa Ты saya
call881.ogg,Low,sinhala,-426.3030090332031,150.07888793945312,82.96601867675781,65.40533447265625,-15.128049850463867,58.36334991455078,29.404296875,59.0814094543457,-17.653175354003906,38.11719512939453,-15.082626342773438,23.609773635864258,-8.426881790161133,26.299396514892578,-3.8108198642730713,23.252817153930664,-12.609257698059082,23.360666275024414,-11.427777290344238,20.271818161010742,-3.6771416664123535,15.7207612991333,-1.3252674341201782,15.07930850982666,-13.266190528869629,15.648414611816406,-4.002890586853027,18.406728744506836,-9.341415405273438,14.637373924255371,-3.881352663040161,13.067265510559082,2.391986846923828,13.171414375305176,-7.327300071716309,10.189301490783691,-1.1127245426177979,10.347076416015625,-8.29297924041748,9.255967140197754,-4.09090518951416,7.805591583251953,-3.749361515045166,8.138928413391113,-8.417454719543457,9.77836799621582,-4.645755290985107,7.716616153717041,-4.610335826873779,6.380847930908203,-6.838150978088379,7.757571220397949,-6.421145439147949,6.67278528213501,-3.7388157844543457,6.149997234344482,-6.274134635925293,6.245835781097412,-2.8848423957824707,5.717390537261963,-3.126296281814575,5.031590461730957,-3.6109461784362793,6.524650573730469,-3.560616970062256,4.486956596374512,-2.9470252990722656,4.719012260437012,-3.3068959712982178,4.6460371017456055,-4.068583011627197,4.999759674072266,-3.3556952476501465,5.052961826324463,-3.524740695953369,4.3147783279418945,-3.692155122756958,4.6683783531188965,-2.7240700721740723,4.06496000289917,148.67301762537522,70.57040346327013,0.02467777580022812,0.025492345914244652,0.13129816828547297,1547.44654890288,0.7619047619047619,8.01939353021099,-0.01672145165503025,-0.00020169993544056776,0.0,1.0,0.0,2.0,0.0,0.0, Osman tbsp
call884.ogg,High,sinhala,-400.66046142578125,101.59982299804688,78.22280883789062,53.26394271850586,-19.81732940673828,47.99777603149414,9.756601333618164,64.82500457763672,-31.505592346191406,37.24822998046875,-24.001052856445312,35.156578063964844,-31.066686630249023,26.524505615234375,-9.372143745422363,17.742610931396484,-20.823957443237305,24.33951187133789,-1.5372779369354248,21.173614501953125,-11.252181053161621,13.91244888305664,-5.15370512008667,15.206192970275879,-1.3309582471847534,14.707442283630371,-12.793074607849121,14.512560844421387,-2.2822840213775635,13.040900230407715,-6.422820091247559,12.183449745178223,-7.585837364196777,10.128479957580566,-10.40256404876709,9.893417358398438,-5.3509016036987305,9.490720748901367,-8.491854667663574,9.746172904968262,-5.746497631072998,8.338465690612793,-9.2467679977417,6.9069294929504395,-8.30059814453125,6.90338134765625,-5.857708930969238,9.443075180053711,-9.474726676940918,12.695052146911621,0.8614616394042969,16.21276092529297,7.588259696960449,16.262788772583008,16.837379455566406,18.119586944580078,17.52621841430664,16.299440383911133,19.7196102142334,15.995235443115234,13.162785530090332,16.007225036621094,5.357012748718262,16.074670791625977,2.424027442932129,12.539565086364746,-3.583489179611206,11.694875717163086,-0.3829231262207031,8.445919036865234,-2.684227705001831,7.4008283615112305,-3.0973587036132812,7.989650726318359,-2.4968185424804688,7.859750747680664,-5.254714012145996,7.449850082397461,-4.128274917602539,7.1708502769470215,216.5442197331708,12.883954751076992,0.032201267778873444,0.025131898000836372,0.09951452900179857,1479.497168970515,1.0072463768115942,3.8618022762242603,-0.013160502538084984,-0.00016276328664031157,0.01449275362318847,1.0,0.0,3.0,0.0,0.0, tukka mrz謝謝 mailbox
call887.ogg,Medium,sinhala,-341.0565490722656,103.88815307617188,90.0322036743164,44.70984649658203,-36.95391845703125,37.050384521484375,19.10114288330078,52.168724060058594,-33.71968078613281,36.05694580078125,-24.17886734008789,41.256378173828125,-27.05722999572754,23.61955451965332,-6.606306076049805,25.239543914794922,-17.293554306030273,16.24003791809082,8.242490768432617,20.4591007232666,-3.9171252250671387,19.424789428710938,-9.621336936950684,10.680444717407227,0.9306734204292297,16.02205467224121,-13.904000282287598,11.368574142456055,-8.099190711975098,11.176438331604004,-12.019248008728027,10.725079536437988,-8.0966157913208,9.348072052001953,-14.024635314941406,7.807789325714111,-3.4930672645568848,6.517933368682861,-4.856513500213623,6.903534412384033,-11.009923934936523,7.947383403778076,-5.523128032684326,6.484132766723633,-10.56884479522705,6.513067722320557,-10.408318519592285,6.357508659362793,-12.694718360900879,8.935576438903809,-6.255414962768555,14.606419563293457,0.6559833288192749,16.705284118652344,7.514915466308594,14.728344917297363,13.396363258361816,16.427715301513672,18.149641036987305,15.056117057800293,18.727588653564453,14.240196228027344,13.550398826599121,18.0233211517334,5.293887615203857,15.19664192199707,-4.535653591156006,10.548826217651367,-4.6440653800964355,7.441376686096191,-3.844784736633301,7.738255023956299,-0.454407662153244,7.626317977905273,-3.275306463241577,8.328916549682617,-8.460098266601562,6.72265100479126,-3.917649269104004,6.1446075439453125,211.5318360331177,12.172474027140751,0.04445852339267731,0.037279464304447174,0.10240885416666666,1458.9517096707693,1.0135135135135136,3.9046077828285197,-0.053092703223228455,-0.000977023029448213,0.027027027027026973,0.0,0.0,0.0,0.0,0.0,��
call897.ogg,High,sinhala,-471.3055114746094,129.11227416992188,63.645084381103516,66.45738983154297,-5.791347980499268,78.12850189208984,15.505857467651367,60.87932205200195,-17.807538986206055,36.728424072265625,-24.668912887573242,35.384098052978516,-19.012775421142578,24.65898895263672,-23.269367218017578,27.43498992919922,-11.272397994995117,23.3834228515625,-13.680609703063965,14.612652778625488,-9.421769142150879,15.720195770263672,-8.156393051147461,13.886541366577148,-8.275161743164062,14.458056449890137,-14.356901168823242,14.45512866973877,-11.974114418029785,12.394121170043945,-6.315706729888916,12.133806228637695,-10.787824630737305,12.169926643371582,-6.174932479858398,12.845207214355469,-7.199526309967041,13.186564445495605,-0.2555713951587677,13.047857284545898,6.399651527404785,16.18912124633789,6.221538066864014,17.457054138183594,13.327061653137207,14.557798385620117,12.031820297241211,18.04043197631836,8.587587356567383,14.879288673400879,5.6100006103515625,15.4757719039917,4.215569496154785,14.786393165588379,-0.15942808985710144,13.72252082824707,-2.084805965423584,9.992191314697266,-2.5794389247894287,8.780595779418945,-2.5063319206237793,8.448781967163086,-2.8800501823425293,8.19586181640625,-1.6219558715820312,8.987896919250488,-3.993532657623291,7.939252853393555,-3.535693645477295,7.437277793884277,-4.021820545196533,7.245870113372803,-1.8028295040130615,7.45361852645874,-1.1562913656234741,7.565926551818848,-4.049092769622803,8.192853927612305,-1.0648424625396729,8.004593849182129,274.2110060939181,34.280791145604645,0.023771068081259727,0.021280571818351746,0.18851177509014422,1977.1893988921859,0.8260869565217391,10.133586411020714,0.009341444820165634,6.946673385968247e-05,0.28019323671497576,1.0,5.0,23.0,0.1,0.043478260869565216, is come quickly. There is a fine inside our house and it started near the gas cooker and my grandmother is still inside.
call898.ogg,Medium,tamil,-432.2760925292969,72.62769317626953,78.64972686767578,48.9142951965332,12.107423782348633,38.438228607177734,24.51618003845215,50.84886932373047,-3.4499642848968506,27.247779846191406,-5.68574857711792,25.387100219726562,-18.93238067626953,23.991905212402344,-21.922569274902344,18.877695083618164,-9.713732719421387,28.503936767578125,-22.00396156311035,17.21240997314453,-17.242509841918945,14.823968887329102,-6.671267986297607,13.8240327835083,-6.106252670288086,11.620317459106445,-9.210128784179688,11.014952659606934,-8.681219100952148,10.403773307800293,-3.8937606811523438,9.583454132080078,-11.289617538452148,10.42109203338623,-10.063328742980957,7.723381519317627,-10.241704940795898,7.108757495880127,-14.829349517822266,9.764772415161133,-6.595470428466797,8.580865859985352,-7.531619071960449,8.799656867980957,-6.2245049476623535,12.620183944702148,-0.12167568504810333,12.334283828735352,-1.0493210554122925,13.952242851257324,1.7076913118362427,13.79519271850586,5.105809211730957,14.599120140075684,4.620461940765381,14.842009544372559,8.426132202148438,14.100566864013672,8.489057540893555,13.812691688537598,5.199507236480713,12.639345169067383,5.062350273132324,11.435280799865723,3.1522135734558105,12.130083084106445,2.3797309398651123,9.801159858703613,1.0016213655471802,8.97693920135498,-1.541269302368164,7.500929832458496,-2.857191801071167,5.941774845123291,-2.60245680809021,5.572425842285156,-2.694810152053833,5.345105171203613,-3.4962825775146484,5.440903186798096,219.57372801240584,23.866735493924665,0.02461949549615383,0.024420248344540596,0.0780913864356884,1070.9571820760016,0.9345454545454546,6.5571414390854645,-0.010133342817425728,-6.861879007878648e-05,-0.06545454545454543,0.0,0.0,0.0,0.0,0.0, ویلتال پادی کا پتنری مقل اُنا ومکڈیر وینجمی ہم آودی پتک کردیر کر رہا ہے اُنا ومکڈیر وینجم جیوی پڑیر دی
call899.ogg,Low,sinhala,-402.8057556152344,82.72696685791016,119.14244842529297,79.27093505859375,19.033109664916992,66.85700225830078,36.68149948120117,74.59239196777344,-48.04039001464844,31.850767135620117,-30.04233741760254,38.09343338012695,-10.132078170776367,25.894256591796875,-18.527023315429688,25.369945526123047,-18.022634506225586,26.45903205871582,-13.143916130065918,14.243714332580566,-7.434390068054199,15.62424087524414,-15.255786895751953,13.71405029296875,-4.4402947425842285,16.978145599365234,-10.324398040771484,15.220309257507324,-15.494318008422852,11.624083518981934,-4.753540992736816,13.501917839050293,-18.463329315185547,14.088363647460938,-8.31688117980957,10.162565231323242,-9.951126098632812,10.289952278137207,-9.408950805664062,7.987238883972168,-9.630392074584961,7.106027603149414,-6.041932106018066,8.784793853759766,-4.954646587371826,8.117597579956055,-3.5155632495880127,9.89061164855957,-1.619132399559021,7.853747844696045,-0.2680581212043762,9.335908889770508,3.1766440868377686,14.556264877319336,6.174258232116699,12.704911231994629,8.753057479858398,16.139333724975586,7.777953147888184,14.156977653503418,5.635226726531982,11.986642837524414,6.684727191925049,14.256426811218262,5.846909046173096,14.751616477966309,6.560605525970459,13.448071479797363,5.067346572875977,10.254097938537598,3.6719844341278076,10.09624195098877,2.6113204956054688,11.978204727172852,1.0295166969299316,9.351545333862305,0.8781960010528564,7.051033973693848,0.4395609498023987,5.803054332733154,198.58475987289043,27.89942225313568,0.03378629684448242,0.015794606879353523,0.08540852864583333,1336.3196434137424,1.0120481927710843,9.5797386909612,-0.006533049046993256,-0.00011747102558645247,0.0,0.0,0.0,0.0,0.0,0.0,
call918.ogg,Low,sinhala,-440.8252868652344,126.89073944091797,63.01219177246094,59.709136962890625,-24.611467361450195,79.44188690185547,14.731636047363281,53.96263885498047,-33.94118118286133,42.93415832519531,-23.360267639160156,40.31171798706055,-24.8247127532959,26.569210052490234,-19.751609802246094,27.829030990600586,-14.20598316192627,24.15696144104004,-19.175682067871094,23.435134887695312,-9.045345306396484,23.620466232299805,-16.2097225189209,17.901737213134766,-9.42982292175293,14.853752136230469,-13.188040733337402,17.432851791381836,-9.18120288848877,16.392696380615234,-4.724958896636963,15.81938362121582,-1.3302807807922363,16.14362144470215,3.475710153579712,22.283525466918945,7.481410503387451,23.235139846801758,5.244762420654297,20.794174194335938,7.6086554527282715,19.287887573242188,2.7385613918304443,16.50237274169922,0.9059447050094604,18.207963943481445,1.4413868188858032,14.631017684936523,-0.5101456642150879,14.934284210205078,0.9080608487129211,13.180845260620117,-2.056593418121338,13.408806800842285,-1.2452950477600098,14.401480674743652,-0.15630000829696655,13.665407180786133,0.2241969108581543,11.187576293945312,-1.041316270828247,12.312705039978027,-4.431140422821045,11.921974182128906,-2.100339651107788,9.574633598327637,-2.1456096172332764,8.779048919677734,-1.8098719120025635,8.283151626586914,-0.5385961532592773,9.386488914489746,-0.08242689073085785,11.342348098754883,-0.07451056689023972,11.031044006347656,-1.5503838062286377,7.3284783363342285,-0.2912321388721466,6.72214412689209,288.17034131141753,55.18798269776587,0.026989148929715157,0.020252050831913948,0.13629340277777777,1769.5828942807975,0.9285714285714286,11.235463313210165,0.00841226801276207,5.40553474489022e-05,-0.017857142857142905,1.0,1.0,10.0,0.0,0.0, Man me mankindi ba consoling Sun wetim Badar apiyena mant
call921.ogg,Low,sinhala,-503.5238037109375,125.37144470214844,72.12293243408203,66.40633392333984,10.957479476928711,47.200504302978516,4.860798358917236,52.05085372924805,-2.7618324756622314,23.82920265197754,-27.742084503173828,39.824485778808594,-11.196468353271484,28.9729061126709,-8.085196495056152,17.92793083190918,-9.509629249572754,23.358970642089844,-8.591963768005371,19.041711807250977,-7.972813606262207,15.494872093200684,-10.059070587158203,16.197399139404297,-11.489315032958984,14.38336181640625,-2.8692033290863037,13.515259742736816,-11.216290473937988,14.578776359558105,-4.416686534881592,10.26231861114502,-11.328493118286133,11.003973960876465,-4.5532145500183105,10.16930103302002,-8.301825523376465,11.774592399597168,-3.596770763397217,10.541029930114746,-8.522968292236328,11.228325843811035,-4.840199947357178,10.01302719116211,-5.096634864807129,10.273920059204102,-2.1585423946380615,12.032504081726074,2.145777463912964,14.286187171936035,9.794175148010254,15.891657829284668,13.488383293151855,15.478059768676758,10.932612419128418,15.216813087463379,7.419844627380371,12.18826675415039,4.479745864868164,12.507762908935547,2.636183023452759,9.945905685424805,2.3335800170898438,8.0509614944458,0.7109297513961792,8.068777084350586,-2.115321159362793,7.118201732635498,-1.3247134685516357,6.818697452545166,-2.474809169769287,5.3223066329956055,-1.800734519958496,6.023829936981201,-2.342787981033325,6.701146602630615,-3.051107406616211,5.4338459968566895,-1.730219841003418,5.232914447784424,233.3057430846168,32.195307242891914,0.019119825214147568,0.017553018406033516,0.14715941820276499,1625.793862051451,0.7870370370370371,10.668062093856118,0.011322364211082458,7.489403151923487e-05,0.01851851851851849,1.0,0.0,13.0,0.0,0.0, ivable sinzaa yea han dap yima waidha nhaוצrati naa hani mata haymi baay
call922.ogg,High,sinhala,-485.78948974609375,117.30125427246094,83.65113067626953,63.215858459472656,0.7855581045150757,48.3832893371582,-9.111956596374512,61.39141082763672,-21.980833053588867,30.26689338684082,-23.005922317504883,26.94441795349121,-11.519349098205566,28.45645523071289,-13.57197380065918,23.96255874633789,-4.255669116973877,25.115751266479492,0.9759220480918884,22.508726119995117,-1.0065619945526123,14.95115852355957,-14.014145851135254,16.763368606567383,-7.815295696258545,16.744205474853516,-3.386795997619629,11.620414733886719,-7.552001953125,12.922996520996094,-6.905198574066162,13.708312034606934,-10.806268692016602,12.48505973815918,-6.633894920349121,11.67764949798584,-7.552639007568359,11.118753433227539,-3.7615692615509033,10.759326934814453,-12.125557899475098,10.808989524841309,-7.493098258972168,10.143311500549316,-1.6682102680206299,12.144536018371582,-1.1638939380645752,13.567626953125,5.619720458984375,15.750041961669922,10.235093116760254,16.089359283447266,11.589339256286621,15.843981742858887,12.0978422164917,15.848091125488281,6.857976913452148,13.37092399597168,3.891526937484741,12.619438171386719,1.4141560792922974,10.973767280578613,0.4429255723953247,8.913939476013184,2.0219876766204834,8.66285514831543,0.6682689785957336,8.494206428527832,-0.1915486752986908,6.79017448425293,-0.7131062746047974,6.8166961669921875,-2.4373838901519775,5.956189155578613,-3.1054842472076416,6.601253986358643,-2.3840222358703613,5.8789381980896,-2.800679922103882,5.555676460266113,236.13562044890568,37.610127675988586,0.022501999512314796,0.020074985921382904,0.09976923932384342,1373.1764762718756,0.7857142857142857,11.427324328453345,-0.0032331254333257675,-2.1607519254127965e-05,-0.27142857142857135,0.0,0.0,0.0,0.0,0.0," ھانی داؤگران, اپیگی درگا ہمتری باویلہ لیپینی باپنے پر ناونا گرے پاہرے پاہ ناونا گرے پاہرے, ابھی پاستنی کینگا داؤگران"
call923.ogg,Medium,sinhala,-462.4990234375,113.38611602783203,83.31676483154297,67.7399673461914,12.967300415039062,40.80414962768555,-19.2352294921875,58.56966018676758,-19.5097599029541,33.669822692871094,-20.216524124145508,31.876724243164062,-14.5454683303833,24.568117141723633,-18.091794967651367,22.83981704711914,5.460813522338867,24.223325729370117,-6.126365661621094,16.712684631347656,-6.0220417976379395,15.827896118164062,-7.1109843254089355,16.552410125732422,-10.593282699584961,16.111989974975586,-2.5572853088378906,10.84187126159668,-12.8781156539917,14.922795295715332,-5.5355224609375,12.510433197021484,-8.735681533813477,10.383048057556152,-4.133864879608154,7.523407459259033,-11.971285820007324,10.195808410644531,-4.067469596862793,9.27315616607666,-8.42650318145752,8.99919605255127,-5.856403350830078,7.593049049377441,-6.836496829986572,8.999149322509766,-5.385488033294678,10.6480073928833,-0.13989323377609253,13.43397331237793,3.129438877105713,15.53308391571045,9.993059158325195,16.440826416015625,14.344877243041992,16.626657485961914,12.138909339904785,14.733227729797363,8.457744598388672,15.606060028076172,6.039744853973389,14.885296821594238,3.0719761848449707,11.528936386108398,2.2034316062927246,9.02358341217041,0.9925795793533325,7.252565383911133,-1.2722229957580566,7.887415409088135,-1.322547435760498,7.030517101287842,-1.3496040105819702,6.110462188720703,-1.2496647834777832,5.232876777648926,-2.632669448852539,6.237857818603516,-1.797401785850525,5.315752983093262,218.66523313823222,18.464557175023288,0.026165951043367386,0.023425690829753876,0.1677622767857143,1815.0125254201544,0.7816091954022989,6.351907226694249,0.0015574842691421509,4.072225613704397e-05,0.09195402298850575,0.0,0.0,0.0,0.0,0.0,
call933.ogg,High,singlish,-515.7578125,103.52751159667969,95.59478759765625,68.00048065185547,13.151701927185059,53.299312591552734,-8.307716369628906,48.61505126953125,-36.20210647583008,37.86973190307617,-32.175689697265625,43.65325927734375,-19.540802001953125,29.93702507019043,-25.873184204101562,22.657682418823242,-7.682774543762207,24.497394561767578,-17.54485321044922,20.14433479309082,-16.4009952545166,16.725217819213867,-16.369029998779297,16.168651580810547,-12.666362762451172,15.607751846313477,-15.20461654663086,14.069805145263672,-8.062694549560547,12.396196365356445,-8.017903327941895,10.522759437561035,-4.3889265060424805,13.683611869812012,-0.8498935699462891,13.953600883483887,0.8248865604400635,15.179631233215332,3.5796685218811035,17.430255889892578,7.691408157348633,17.208404541015625,5.401806831359863,16.0312557220459,7.905393123626709,14.478594779968262,8.546321868896484,14.518461227416992,4.488100528717041,13.955904960632324,7.017770290374756,12.017801284790039,2.1236376762390137,13.344614028930664,3.2249467372894287,11.532118797302246,-0.0024405180010944605,11.071572303771973,-0.16678202152252197,11.386205673217773,-0.5607336163520813,9.400609016418457,-1.4833099842071533,8.874794960021973,-2.4615650177001953,8.958855628967285,-1.7644270658493042,7.95476770401001,-1.6768968105316162,6.337320804595947,-1.1366609334945679,7.121912002563477,-2.308011770248413,6.506152629852295,0.06776012480258942,7.65805196762085,0.000864603731315583,6.155123233795166,0.8732672929763794,6.449597358703613,280.3738123921425,46.397793541495375,0.01725991815328598,0.013100609183311462,0.1206974395333904,1479.4264448616655,0.8247422680412371,11.808107448565588,0.003724426031112671,1.7663033791713501e-06,-0.26116838487972516,0.9305555555555556,0.0,9.305555555555555,0.0,0.0, Narnubanarlaibittiar dollpambothi zab идapnag p跳di Aiste nます Kаноbwi Ainge hstrom
call934.ogg,High,singlish,-517.9758911132812,105.3953628540039,93.7275390625,76.40276336669922,12.69937801361084,47.44118881225586,-9.067693710327148,65.57120513916016,-37.78197479248047,33.63428497314453,-23.22475814819336,39.42215347290039,-25.708389282226562,26.814178466796875,-22.95111083984375,22.445466995239258,-7.315117835998535,25.635292053222656,-14.59130573272705,18.985231399536133,-15.91385555267334,17.68893814086914,-10.302672386169434,14.338890075683594,-12.119915008544922,15.72749137878418,-9.934789657592773,10.070555686950684,-9.48669147491455,9.610960006713867,-8.972400665283203,9.793712615966797,-6.186483383178711,13.206985473632812,-3.2435004711151123,12.239630699157715,-5.265087127685547,13.34774398803711,-2.0088601112365723,13.392631530761719,0.9886202812194824,13.015046119689941,1.936619520187378,13.894410133361816,6.638539791107178,15.140059471130371,9.989012718200684,14.746685981750488,8.2594633102417,14.172967910766602,9.468170166015625,15.102852821350098,5.158015251159668,13.928619384765625,5.182720184326172,12.496756553649902,3.0053975582122803,12.502809524536133,1.2491697072982788,10.849847793579102,1.1881276369094849,9.21826171875,-0.5885162949562073,9.188923835754395,-0.45674553513526917,8.644624710083008,-0.4437369406223297,7.3305182456970215,0.006161369848996401,7.529664516448975,-1.2283823490142822,6.735251426696777,-2.794959783554077,6.638827800750732,-2.398930311203003,6.270045757293701,-2.2565438747406006,6.511321067810059,-1.6516791582107544,6.3540778160095215,260.76025304927686,42.58065976705595,0.016486195847392082,0.012380795553326607,0.11230321233006042,1421.9758742794077,0.8272727272727273,11.4404959989238,-0.009407103061676025,-4.17737091635354e-05,-0.09090909090909083,1.0,2.0,14.0,0.16666666666666666,0.0," Headimar climate green and other plants are for children, and also for small elders,"
call936.ogg,High,tamil,-343.98724365234375,140.69248962402344,37.194679260253906,72.56295776367188,-2.563673496246338,50.72690200805664,12.064393997192383,36.40819549560547,-43.74142837524414,49.54058074951172,-9.122099876403809,27.32472038269043,-38.86058807373047,23.885787963867188,-24.572669982910156,32.418785095214844,-15.208495140075684,17.409530639648438,-15.135356903076172,16.727535247802734,-13.378890991210938,14.614435195922852,-6.044100284576416,13.728337287902832,-27.66862678527832,15.385968208312988,-3.5741000175476074,13.431631088256836,-10.194479942321777,14.905972480773926,-12.824356079101562,10.91049575805664,9.918941497802734,19.341039657592773,13.752981185913086,16.293550491333008,14.793288230895996,25.000045776367188,15.356827735900879,19.73476219177246,10.311844825744629,20.097410202026367,5.163296222686768,17.396961212158203,10.36347770690918,21.496397018432617,1.9601320028305054,18.99795150756836,5.705260753631592,19.501115798950195,-5.666434288024902,11.517633438110352,-5.759248733520508,10.319750785827637,-2.4806087017059326,10.230395317077637,-5.274411678314209,8.328550338745117,-1.7733527421951294,10.617362976074219,-5.330726623535156,10.844354629516602,-3.694650411605835,9.43007755279541,-4.583878040313721,7.560466766357422,-1.7879136800765991,7.006622314453125,-1.3555868864059448,9.200770378112793,0.9894979000091553,10.494274139404297,-0.7140884399414062,11.352046012878418,1.564932107925415,11.817410469055176,2.7648191452026367,8.375707626342773,-0.6855275630950928,7.0137200355529785,319.4511876229008,38.5186646563402,0.05497078225016594,0.042577896267175674,0.15532038762019232,2021.9751121542986,1.0,11.675531600170029,-0.056558482348918915,-0.0017938145714260394,0.039215686274509776,1.0,0.0,3.0,0.0,0.0," Bye,56 mi Cumhur?"
call946.ogg,Medium,tanglish,-455.6583251953125,95.01868438720703,91.5523452758789,68.36561584472656,22.185283660888672,68.76276397705078,30.443641662597656,66.27501678466797,-22.809814453125,42.60078048706055,-1.9394571781158447,35.917686462402344,-19.57712173461914,28.89337921142578,-29.033111572265625,23.836589813232422,-11.001730918884277,19.7786922454834,-25.416677474975586,23.53607749938965,-18.65900421142578,17.949188232421875,-7.675572872161865,16.579967498779297,1.064795732498169,14.291187286376953,-13.1648530960083,13.921182632446289,-14.142794609069824,11.96265983581543,-3.6615617275238037,11.842381477355957,-14.371650695800781,10.243401527404785,-12.994187355041504,11.104063987731934,-7.0023088455200195,10.739123344421387,-12.143498420715332,11.838053703308105,-4.596048355102539,12.715253829956055,-0.11783472448587418,12.90644359588623,-3.899193048477173,14.652156829833984,5.499462127685547,17.040281295776367,4.105234146118164,16.097963333129883,8.725749015808105,16.645530700683594,8.256891250610352,14.188508033752441,3.1914756298065186,16.6606502532959,3.059096574783325,12.756606101989746,6.900851249694824,12.452528953552246,0.37514546513557434,14.13105583190918,5.285035610198975,13.766772270202637,-0.5572709441184998,13.812459945678711,-2.648791551589966,9.842308044433594,-2.8505301475524902,9.045995712280273,-3.5338733196258545,9.020967483520508,-2.2713963985443115,8.10417366027832,-1.0441782474517822,7.54067850112915,-2.1115100383758545,6.663556098937988,-2.7486491203308105,5.395637035369873,233.31888566698674,34.39306252022194,0.026092354208230972,0.011316577903926373,0.11974283854166666,1485.544408188906,0.9328859060402684,7.09175416899467,-0.0009045898914337158,-2.2815729373978038e-05,0.14765100671140952,1.0,0.0,13.0,0.08333333333333333,0.0, ஆக் கண்டும் நீ வாக வாச்சாய்தில்லையே என்று சமூக்கும் இருகிறது. ஆனால் தெரியாது பயர்தானான் என்று தெரியவில்லை.
call947.ogg,Low,tamil,-463.4658203125,101.13054656982422,118.25932312011719,63.004249572753906,9.401179313659668,52.87983322143555,21.187606811523438,71.68575286865234,-6.624327659606934,42.378482818603516,-3.2589614391326904,38.39210510253906,-28.564321517944336,30.896881103515625,-29.441829681396484,30.30965232849121,-13.470649719238281,20.21966552734375,-21.106801986694336,24.215330123901367,-18.55133819580078,19.442790985107422,-12.668802261352539,15.684407234191895,-0.15754267573356628,14.190951347351074,-10.230827331542969,13.804853439331055,-17.209362030029297,11.941762924194336,-8.486215591430664,13.329380989074707,-10.460458755493164,13.453750610351562,-10.937394142150879,13.454193115234375,-4.143270969390869,13.768126487731934,-1.3177953958511353,17.30401039123535,-1.2214616537094116,13.190163612365723,1.8106954097747803,18.516183853149414,0.7739134430885315,17.915111541748047,0.10083989799022675,13.08972454071045,-1.2422837018966675,16.20185661315918,3.7636303901672363,11.79539680480957,-0.9767226576805115,14.204631805419922,2.305967330932617,15.121511459350586,7.129703998565674,13.643245697021484,1.834708571434021,13.695956230163574,3.46098256111145,13.611723899841309,-0.8955984115600586,15.750279426574707,-1.8066247701644897,11.092265129089355,-1.3966559171676636,10.619251251220703,-3.9597890377044678,10.034808158874512,-5.039677143096924,9.241317749023438,-2.2148241996765137,8.643376350402832,-0.9003171920776367,7.51608419418335,-3.2345130443573,8.025873184204102,-2.6390671730041504,8.012423515319824,245.94974040617677,46.616092084031564,0.030065881088376045,0.01543156336992979,0.0930643284574468,1130.155862340609,0.9642857142857143,10.280786488063493,-0.00868535041809082,-8.071770640984401e-05,0.09999999999999998,1.0,0.0,12.0,0.09090909090909091,0.0, So for the problem of a carber just without used the merk
